S021000074666C6974655F776561746865725F6D6F6E69746F72696E672E7372656387
S315000000004005002071540300155303006D5403008E
S315000000106D5403006D5403006D5403006D540300CA
S315000000200000000000000000000000006D54030006
S315000000306D540300000000006D5403007145030079
S3150000004000000000181904004010040048100400C5
S315000000504C100400541004000000F8410000204237
S3150000006000002C4200000C420000B0420000AA42F0
S315000000700000B4420000A4420000BC420000B842A6
S315000000800000C2420000B6420000544200005C423A
S315000000900000684200004842000070420000A6428C
S315000000A000008C4200007842000040420000A0425E
S315000000B0000070420000C2420000044200000C42F0
S315000000C000001842000020420000A0410000B0419C
S315000000D00000C8410000D041000070410000884186
S315000000E000009041000098410000D8410000E04126
S315000000F00000E8410000F8410000C0410000B8419E
S315000001000000CC410000F041000000420000A84180
S315000001100000804100009841055D0300759E0300C4
S31500000120E40000200000000060840020C884002055
S3150000013030850020000000000000000000000000E4
S3150000014000000000000000000000000000000000A9
S315000001500000000000000000000000000000000099
S315000001600000000000000000000000000000000089
S315000001700348044B834202D0034B03B11847704730
S31500000180300100203001002000000000064B074926
S31500000190C91A891048BF0131491003D0044B0BB16D
S315000001A001481847704700BF300100203001002089
S315000001B00000000010B5064C237843B9FFF7D8FFBE
S315000001C0044B13B10448AFF300800123237010BD24
S315000001D05C0500200000000084A2000108B5054B64
S315000001E01BB105490548AFF30080BDE80840FFF79D
S315000001F0CDBF00BF000000006005002084A2000102
S3150000020008B5A0B102680346821A11880A2909D9DD
S31500000210508900B1185C92881AB19B5C984238BF2D
S31500000220184608BD04294FF00000F4D808BD39F07F
S3150000023021FE00BF03464FF0010C002010B40D4C08
S31500000240D960A4FB0242520901EB0211196101EBCC
S3150000025082015A60596101EB820102EB420201EB15
S315000002608202986083F828C099615A625DF8044B4F
S31500000270704700BFCDCCCCCC704700BF80687047BC
S3150000028010B5044635F006FA204610BD70B5844612
S31500000290D0E90104844216DA4FF0FF354FF0010E23
S315000002A0DCF80C1026018A5101EB04129360049BC2
S315000002B05560D360DCF808308CF828E07344CCF83D
S315000002C00830002070BD02460846024932F08AFC1A
S315000002D0012070BD90A303002DE9F04F0468DFF8FC
S315000002E06C90D4F8088083B0C845D0E9024505EB88
S315000002F004171BD11646426894421EDA9A464FF0FE
S31500000300FF3301220C994FEA041B45F80B60C7F82E
S3150000031008A0F9607B60836880F828201344836016
S3150000032000200D9B7B6003B0BDE8F08F0C9C009411
S31500000330C0470028F4D00120F5E70846024932F00C
S3150000034051FC0120EFE700BF90A303008D020000DF
S31500000350012A1CDD30B586460D46A0F1040C0CEBD7
S31500000360820C2A4673460024196853F8040F81420A
S3150000037006DA012443E90101D2E90001C2E90010CD
S31500000380634502F10402EFD1002CEAD130BD70477B
S31500000390014B0360704700BFB8100400844670B478
S315000003A0E9B18968481C1CD0DCF8184001EB410112
S315000003B0DCF80C5004EB8100416805EB01118E68F6
S315000003C0B34204DBC9688A4201DC70BC70478068AE
S315000003D0411C00EB400004D004EB8000ECE7016A0E
S315000003E0E2E7002070BC704790F82830002B00F040
S315000003F0CE802DE9F04F82680446002A83B000F0D3
S315000004009C804FF0000084F828002ADD01460FE0AA
S3150000041047F82130636943F82100E368666A2B4494
S315000004205B68013146F82030A3680130834216DD4F
S31500000430E368050103EB001676682769B6F1FF3F0E
S315000004405B59E5D1013A47F82230636943F8220047
S31500000450636A43F82060A36801308342E8DC8800C1
S315000004605A1AD4E9043101441844FFF771FF0122F6
S3150000047000214FF0FF33D4F81880C4E90721C8F8EB
S31500000480083063691B68C8F80430E26802EB03129F
S315000004905268013208BF606A4FEA830208BF40F81B
S315000004A02310636A9B58C8F80030A368012B44DD0B
S315000004B04FF0010908E08846236A8B602562A3682D
S315000004C009F101094B4538DD6369E76853F829608E
S315000004D007EB0613D3F804B03201BA58BBF1FF3F5D
S315000004E00092D3E902232BD0636A43F826B0D4E9FD
S315000004F0062303EB430302EB830142F823B04E606D
S31500000500E5696B1CE361D8F800305B45D3DC4046F7
S3150000051007E0A36953F8267003EB86035F4533DCD7
S3150000052018468268531C02EB4206F2D185608A6047
S31500000530A36809F101094B45C6DC03B0BDE8F08F9D
S3150000054000212046FFF72AFF0546CDF804804FF02C
S31500000550000BB246DDF8008095B12E68A6EB0B01C4
S3150000056088450DDD29462046FFF718FF69680546D0
S315000005700901795831448B45B8BF8B46002DECD123
S315000005805646DDF80480AFE78A60856097E77047D6
S3150000059070B50546FFF728FFA868C8B12B6AAC6995
S315000005A003EB430314EB830313D00020EE6802E051
S315000005B014EB83030CD0D3E900521201B1589A68A8
S315000005C02944884238BF084602EB42030132EFD184
S315000005D070BD184670BD00BF2DE9F04305469BB0BF
S315000005E0FFF702FFD5F80880B8F1000F40F3C1808D
S315000005F00024614F1DE0232C21DD3D2C04F11D015B
S31500000600CCBF2A21C9B2EB68260103EB0412D068DD
S315000006109B59029090686A6A019052F824603846A5
S315000006202246009630F068FCD5F808800134A045D3
S3150000063009DD092CDFDC04F13001C9B2E3E704F17E
S315000006405701C9B2DFE7B8F1000F40F392800027E7
S315000006505026686AEB68043800EB880C1A6850F874
S31500000660044FD96822449642B8BF16468F42B8BF97
S315000006700F46604503F11003F0D1002F76DB00240E
S3150000068050222E2105A839F0A2FDB8F1000FD8BFDF
S315000006904FF0000C4EDD00218E46D5F80CC0DCF87C
S315000006A00830A34239DCDCF80C30A34235DB6B6A38
S315000006B053F821305A1C30D0DCF8000003EB8309D4
S315000006C0034403EB83031A014FEA091999FBF6F376
S315000006D092FBF6F2934286441FDA05A8013B01F12C
S315000006E0300903440DF1130002444FFA89F903E07F
S315000006F021209A42187010D013F9010F2E28F7D135
S3150000070009292DDD23292DDD3D2901F11D00CCBF51
S315000007102A2040B29A421870EED1013141450CF1BF
S31500000720100CBCD10EF2FF33002BB8BF0EF2FE73D5
S315000007304FEAA32C4FF0000E104811492246092C0F
S31500000740C8BF014605AB0F48CDF800C001348DF88F
S3150000075064E030F0D1FBA74208DBD5F808808FE7CC
S315000007604846C6E701F1570040B2C2E71BB0BDE8F4
S31500000770F0830027502682E7B4A30300840D04000B
S31500000780B0A30300F0A30300F8B5144605460F46D0
S315000007901E46FFF729FE002C08DBAB68A34205DDE9
S315000007A06B6A002053F824303360F8BD2246384681
S315000007B0AB68024932F016FA0120F8BD00A4030026
S315000007C00120704700207047836B0BB11C2118472E
S315000007D010B539F04FFB00BF836B0BB102211847F0
S315000007E010B539F047FB00BFF0B50F698FB0002F89
S315000007F042D0224B0C461A68064613F0F1FE204BF7
S31500000800214604461A68304613F004FF237A05464B
S31500000810012B20D0092B13D1214602A813F014FF77
S31500000820294608A813F010FF23682DB32C68384614
S3150000083008AA02A9009400F0A3F800200FB0F0BDAA
S315000008401846746933F088FE0E4902463046A047C2
S3150000085001200FB0F0BD214602A813F0F5FE29468F
S3150000086008A8246813F0F0FE35B121462B6808AAC3
S3150000087002A800F01FF9E0E739F0FCFAE0100400E6
S31500000880DC1004002CA403002DE9F0410F698EB0A2
S31500000890002F4CD0274B0C461A68064613F0A0FED4
S315000008A0254B214604461A68304613F0B3FE237AD8
S315000008B00546012B2AD0092B1CD1214602A897F9FF
S315000008C0016097F9007013F0BFFED4F8008008AC01
S315000008D02946204613F0B8FE4DB32B683946CDE9BC
S315000008E000433046434602AA00F064F900200EB0E9
S315000008F0BDE8F0811846746933F02EFE0F490246B2
S315000009003046A04701200EB0BDE8F081214602A87E
S3150000091013F09AFE294608A8246813F095FE35B10F
S3150000092021462B6808AA02A800F0FCF8DEE739F099
S31500000930A1FA00BFE0100400DC1004002CA40300A0
S3150000094010B50446034B044A044913F021FE204621
S3150000095010BD00BFE9070000450C0000C9070000F4
S3150000096010B50446034B044A044913F011FE204611
S3150000097010BD00BF89080000390D0000D90700002E
S315000009802DE9F84F8C46D1F800E011688E4540F00D
S315000009908780BEF1000FD8BF4FF0010C18DD64460A
S315000009A06646002552F8041F56F8047FB94277D1EF
S315000009B00135AE45F6D10CEB8E014FF0010C54F823
S315000009C0042FA14202FB0CFCF9D1BCF1000F5EDD45
S315000009D00A9A0125334E03F1FF3E541E2AE012F116
S315000009E0804249F10009D20F42EA490218F11F0F6D
S315000009F0D0F810904DDB05FA0AF808F1FF384FEAF7
S31500000A00D27B42FA0AFA0BEB680B08EA02025A4555
S31500000A10C8BF0AF1010A4768CA44BA45B8BFBA4610
S31500000A20826802319245A8BF9246C91A8C4504F8DD
S31500000A3001AF2CDDD0F81880C26871461EF9019FFF
S31500000A4028EAE87AA9EB0209426909FA0AF94A454D
S31500000A50C8F1000A2AEAEA7A13D082FB0929B9F119
S31500000A60000FBCDA921969F10009B9F1000F04DA36
S31500000A706FF00047D21949F10009D20F42EA490244
S31500000A80B4E7B2F1004FE8D16FF00042AEE7BDE83F
S31500000A90F88F40F26711044B044A054834F0ECFB2A
S31500000AA039F0E8F9010000C058A4030068A4030067
S31500000AB0C4A40300F8B507681468A7422ED1002F16
S31500000AC0D8BF012218DD844604464FF0000E52F8C6
S31500000AD0046F54F8045FAE4220D10EF1010E774543
S31500000AE0F5D1012200EB87005CF8044F844504FB36
S31500000AF002F2F9D1002A10DD00209FED097AF1EC0F
S31500000B00017AF5EEC07AF1EE10FA48BFF0EE477AB8
S31500000B1001308242E3EC017AF1DCF8BD39F0AAF942
S31500000B2000000000F8B507681468A7423DD1002F01
S31500000B30D8BF012218DD844604464FF0000E52F855
S31500000B40046F54F8045FAE422FD10EF1010E7745C3
S31500000B50F5D1012200EB87005CF8044F604504FBE9
S31500000B6002F2F9D1002A1FDD0020B1EE087ADFED8E
S31500000B70106A0BE0F5EEC07AF1EE10FA01D5F0EE50
S31500000B80667A01308242E3EC017A0DDDF1EC017AFE
S31500000B90F4EEC77AF1EE10FAECDDF1EE087A0130E8
S31500000BA08242E3EC017AF1DCF8BD39F063F900BF6B
S31500000BB0000000002DE9F041069CD2F8008025686F
S31500000BC0A8453CD1B8F1000FD8BF4FF0010E1BDD90
S31500000BD0A646154614464FF0000C5EF8047F55F8FD
S31500000BE0046FB7422BD10CF1010CE045F5D14FF063
S31500000BF0010E02EB880254F8045F944205FB0EFED8
S31500000C00F9D1BEF1000F18DD079A5C1E551E08E0EB
S31500000C108445B8BF84460232D21A724505F801CF20
S31500000C200BDA224614F901CF6145F1DA8C4602321D
S31500000C30D21A724505F801CFF3DBBDE8F08139F031
S31500000C4019F900BF2DE9F043D1F8108083B0B8F14F
S31500000C50000F64D0C46807462368002220469B69BB
S31500000C600E4698470546C0B1236831460022204605
S31500000C70DB6998470646E0B12B78092B1CD0236820
S31500000C80294620465B6A98472368204631465B6AB8
S31500000C909847002003B0BDE8F0837B2321493846FE
S31500000CA07C69214A00912149A047012003B0BDE893
S31500000CB0F0837E231E49F2E795ED037AD0ED037AA1
S31500000CC0C7EE277A17EE900A37F0C2FB08F118092B
S31500000CD008F1140741EC100B4946384631F000FC88
S31500000CE096ED037ADFED136AC6EE877AF8FE677A29
S31500000CF07F21FDEEE77A3369C8F8081017EE901ADF
S31500000D006FF07F020B449342B8BF1346C8F8043015
S31500000D102B69C8F80C303369C8F81030AFE739F0E2
S31500000D20A9F800BF7CA5030028A5030064A503005D
S31500000D30E8A90300000000002DE9F0430F6983B025
S31500000D40002F3ED0C66805463368002230469B69B0
S31500000D509847044648B30378092B1DD1B1EE087AAB
S31500000D60D0ED037AC7EE277A17EE900A37F070FBBC
S31500000D7041EC100B35F074FF59EC108B206937F0FD
S31500000D8055FB4B46424637F005FA37F053FE00F363
S31500000D900700387023697B703368304621465B6AEA
S31500000DA09847002003B0BDE8F083074928466C69E0
S31500000DB091230091054A0649A047012003B0BDE8EA
S31500000DC0F08339F057F800BF7CA5030028A503007F
S31500000DD064A50300836B0BB13C21184710B539F0AD
S31500000DE049F800BF2DE9F84FD0E90B65AE420B9CE0
S31500000DF000F349810F68002F40F32981012501EB9B
S31500000E00870751F8046FB94206FB05F5F9D11F684B
S31500000E10D4F800C0002F40F32A81012603EB870790
S31500000E2053F8041F9F4201FB06F6F9D1BCF1000FEF
S31500000E3004F1040440F3228101210023043C54F808
S31500000E40047F0133634507FB01F1F8DBAE4240F056
S31500000E501A818D4240F01781436893498B42C0F254
S31500000E60128147F6FE714FF6FC74D0F8089009EB34
S31500000E700106A64200F207818B4200F30481002D91
S31500000E8040F3E3800A9C023AA4F1020E0C9C02EBAA
S31500000E9045016FF000464FF0010C844D023C81E0A5
S31500000EA017F1804749F10009FF0F47EA4907B8F1F2
S31500000EB0000FC8F1000A00F3E88018F11F0FC0F216
S31500000EC0EB800CFA0AF909F1FF3947FA0AF84FEAFA
S31500000ED0690A09EA07090AEBD777B945C8BF08F1D5
S31500000EE00108D0E909974B4500F0A18083FB093939
S31500000EF0B9F1000F7BDB13F1804349F10009DB0FE9
S31500000F0043EA4903002FC7F1000900F3BE801F37EB
S31500000F10C0F2C2800CFA09FA0AF1FF3A4FEAD37B13
S31500000F2043FA09F70AEA03090BEB6A0AD145D4BF6B
S31500000F303B467B1CD0E9049743444B457ED083FB5C
S31500000F400939B9F1000F5FDB13F1804349F100095C
S31500000F50DB0F43EA4903002FC7F1000800F3958031
S31500000F601F37C0F299800CFA08F909F1FF3909EA2E
S31500000F70030743FA08F8DB0F03EB69039F42C8BF78
S31500000F8008F10108C768036BB844C76AB845B8BF1B
S31500000F90B8469845A8BF9846914224F8028F54D087
S31500000FA0D0E9013932F9027FD0F818801F443EF9A2
S31500000FB0023F07FA08F74B44D0F81C9003FA08F3EF
S31500000FC04F45D0F820802CD087FB0979B9F1000F66
S31500000FD0BFF666AF7F1969F10009B9F1000F02DAB1
S31500000FE0BF1949F10009FF0F47EA49075FE75B1997
S31500000FF069F10009B9F1000F02DA9B1949F10009FC
S31500001000DB0F43EA49037DE75B1969F10009B9F192
S31500001010000F02DA9B1949F10009DB0F43EA490385
S3150000102099E7B7F1004FCFD16FF000473FE7B3F133
S31500001030004F7FF45BAF6FF0004363E7B3F1004FFF
S315000010407FF47DAF6FF0004385E7BDE8F88F1F683A
S31500001050D4F800C0002FC8BF01253FF7DEAEBCF1B3
S31500001060000F4FF0010504F1040405DCF4E6BCF1C1
S31500001070000F04F1040403DD0126DDE60121E5E6A7
S31500001080012D3FF4E9AE38F0F5FE4FF4B371084B8D
S31500001090084A094834F0F0F840F26711074B054A50
S315000010A0054834F0E9F800BF0280FFFF010000C0E8
S315000010B090A5030068A40300C4A4030058A4030079
S315000010C0F8B55368946918449368A0401944D369E5
S315000010D0A1408342146A00F0A78080FB0303002B23
S315000010E075DB10F1804043F1000CC30F43EA4C035B
S315000010F0002CC4F1000600F3AB801F34C0F2AF80B1
S315000011004FF0010E0EFA06FEDD0F0EF1FF3E546A99
S3150000111043FA06FC0EEA030305EB6E0E7345C8BFE1
S315000011200CF1010C8C42906A00F0858081FB04145E
S31500001130002C5BDB11F1804144F10004C90F41EA48
S3150000114044010028C0F1000500F382801F30C0F280
S315000011508680D2E904300124AC40013C41FA05FE08
S31500001160651005EBD1750C40AC42D4BF71460EF14B
S31500001170010161448B4265D083FB0131002944DBC8
S3150000118013F1804341F10001DB0F43EA41030028DC
S31500001190C0F100045CDC1F3061DBD2E90B65012184
S315000011A0D76801FA04F2013A42FA01F143FA04F06F
S315000011B01A4001EBD3739A42C8BF01303844B0429B
S315000011C0B8BF3046A842A8BF284640B2F8BD274D52
S315000011D0401963F10003002B04DA6FF00045401953
S315000011E043F10003C00F40EA430381E71F4BC918D0
S315000011F064F10004002C04DA6FF00043C91844F1CE
S315000012000004C90F41EA44019BE7184C1B1961F120
S315000012100001002904DA6FF000441B1941F10001B6
S31500001220DB0F43EA4103B2E7B3F1004F7FF455AF5A
S315000012306FF000435CE7B1F1004F7FF477AF6FF0DA
S3150000124000417EE7B3F1004F96D16FF000439EE771
S315000012504FF4B371064B074A074834F00DF840F2D5
S315000012606711064B034A044834F006F8010000C033
S3150000127090A5030068A40300C4A4030058A40300B7
S315000012802DE9F04104260D6803688CB09D42B8BF75
S315000012901D4616700F4601680095A94200F30481A9
S315000012A06E1A14460ED0002D40F3FE800023012254
S315000012B0EC4602E0AB4200F0F78001339E424CF868
S315000012C0042FF7D101AB8A00011D03EB860038F02D
S315000012D0EFFF3A680695AA4200F3E680A81A00F0E6
S315000012E0CA80002D40F3E080002301210DF1180C87
S315000012F002E0AB4200F0D880013398424CF8041F5C
S31500001300F7D107AE391D920006EB800038F0D0FF0A
S31500001310009FDDF81880B84500F0B8806B1E9F422C
S3150000132040F3C2800CAA02EB8302984552F82C1CAB
S3150000133040F3BA809C4606AAAE0002EB85020DEB8E
S31500001340850552F80409884200F0B080012940F072
S315000013508B8006A8EC46804602229FED5B7B2270BE
S31500001360012208EB060E84ED147B84ED167BDCF877
S3150000137000102266664406E0226E013B05FB02F27F
S315000013805D1C22666CD0994240F38E80D8F800200E
S3150000139056F804799A4240F387805EF80459BD42B4
S315000013A0EAD09E1C08EB86070CEB86060AE09A42FA
S315000013B07ADDE06D57F8045D013B00FB05F5581C2E
S315000013C0E5654DD099426FDD56F8045D012DEED0EE
S315000013D003F1020E08EB8E070CEB8E0E06E0A56DF0
S315000013E0013B06FB05F55E1CA56539D099425BDD20
S315000013F09A425EF8045D57DD57F8046DAE42EED0B2
S315000014009E1C0CEB860708EB86060AE08B424BDA3D
S31500001410606D57F8045D013B00FB05F565655D1CD5
S315000014201ED0934240DA56F8045D012DEED09E1C84
S3150000143008EB86070CEB860606E0256D013B00FBF4
S3150000144005F5581C25650BD099422DDD9A4256F8B4
S31500001450045D29DD57F8040DA842EED0042323705D
S3150000146001200CB0BDE8F0810128F9D1E84603223D
S315000014700DF1180C71E707AE391D3046920038F0B1
S3150000148017FF009FDDF8188047450AD1314601A8AD
S31500001490BA0038F072FE20B9012323700CB0BDE803
S315000014A0F0816B1E7FF53BAF38F0E4FCBCF1010C1C
S315000014B0FAD3BC45F8DAC44555F8041DFFF641AF2A
S315000014C0F2E700BFAFF3008001000000010000005A
S315000014D010B50446034B044A044913F059F8204654
S315000014E010BD00BF2D23000051250000D50D0000C2
S315000014F02DE9F0438DB0002A00F081801D46002BB7
S315000015007DD004231446026800939A4277DC9B1A26
S315000015100E460DD04FF0000C0127EE4602E0BCF15E
S31500001520040F6CD00CF1010C63454EF8047FF6D124
S31500001530011D01A8920000EB830038F0B9FE0423D8
S31500001540326806939A425ADCD2F104000ED04FF06C
S31500001550000C01230DF1180E02E0BCF1040F4ED071
S315000015600CF1010C60454EF8043FF6D107AB311D76
S31500001570920003EB800038F09BFE04F1100C012270
S3150000158003216346009E0DF1140EB14237DA5EF870
S31500001590040D013943F8040D4F1C1A6100FB02F2D9
S315000015A0F3D105F1100E724601230321069F0DF1BA
S315000015B02C08B94223DA58F8040D013942F8040D13
S315000015C0136100FB03F3481CF3D1002168468946EA
S315000015D00DF118088F4250F8043F10D058F8042F28
S315000015E09A4207D0012B0CD0012A08D14EF821903F
S315000015F045F82130013104290AD0B142EAD138F048
S3150000160039FC4CF8219044F8212001310429F4D109
S315000016100DB0BDE8F08300BF2DE9F04F0F4616462A
S31500001620B3B0194622AA2AAB044638463D9D0D960C
S31500001630FFF75EFF04232A681C939A4200F3E280B8
S31500001640D2F104000BD0002301261CA902E0042BD2
S3150000165000F0D8800133984241F8046FF7D11DABF2
S315000016609200291D03EB800038F022FE1C9E94EDAB
S315000016700D7A002ED4ED0E6A40F3C480DDE92AAB64
S3150000168000211F9C1E9A209D04FB02F305FB03F319
S315000016901893319B0A944FEA8309299B1D984FEAB8
S315000016A0830805FB04F30C461093229B17910393C2
S315000016B0239B84420493249B0593259B0693279B97
S315000016C00F93289B0C93DDE92C7302932F9BBE4648
S315000016D00E93309B0B932E9B1993269BCDE91511E8
S315000016E01A9380F28C80012E00F08C80002A76DD21
S315000016F0022E00F087804FF0000CDDE91613159FCF
S315000017001B900A9800285FDD032E7BD00020CDE9D0
S315000017100713CDE91117CDE9132309973E9A0999C5
S31500001720089B02EB81073C9A0799019702EB81011E
S315000017300D9A02EB8302002331E0039FBC4261DA7B
S31500001740049F67455EDD059F87425BDD069F9F42DE
S3150000175058DD5445D2ED007A54DAE34552DD86452C
S3150000176050DD029F9F424DDD91ED006A042E77EE1B
S31500001770867A47D1F4EE477AF1EE10FA48BFF0EEDA
S31500001780477AF4EE676AF1EE10FA48BFF0EE667A31
S31500001790019F0133E7EC017A4944424401979D4297
S315000017A0CBDC099B0B9A2B440993079B013013440E
S315000017B007930C9A089B134408930A9B9842ADDB47
S315000017C0DDE91117DDE9132310980CF1010C07442C
S315000017D00E98944501440F98034492DB1B98159B81
S315000017E0189901340B4415931999169B84420B449E
S315000017F016931A99179B0B441793FFF674AF33B0E1
S31500001800BDE8F08F38F036FBF0B52DED028B93ED89
S315000018100D8AD3ED0E8A1B78C3B0DDE94A458DEDFE
S31500001820358ACDED368A21464C9E1BB304A812F0AC
S315000018300BFF002C00F08E8029460AA8276812F0BC
S3150000184003FF002D00F0868010AC314620462D683F
S3150000185012F0FAFE002E7DD0019433683A460293C8
S3150000186004A90AAB009528A8FFF7D6FE43B0BDEC45
S31500001870028BF0BD16A812F0E7FE002C6AD02946AE
S315000018801CA8246812F0E0FE002D63D0314622A881
S315000018902D6812F0D9FE002E5CD03068169E002E00
S315000018A04ADD012316AA02EB860652F8041FB2424D
S315000018B001FB03F3F9D11C9E229F002E46DD4FF05B
S315000018C0010E1CAA02EB860652F8041F964201FB83
S315000018D00EFEF9D1002F3FDD4FF0010C002222A9A8
S315000018E051F8046F0132BA4206FB0CFCF8DB9E4548
S315000018F030D19C452ED1002BB8DD2246014604EBA3
S315000019008303B2EC017AF5EC017A77EE877AB4EECE
S31500001910678AF1EE10FA78FE277AF4EE678AF1EE1E
S3150000192010FA48BFF0EE687A9342E1EC017AE8D10A
S3150000193043B0BDEC028BF0BD1C9E0123002E229FFE
S31500001940BDDC002FD9DD4FF0010EC5E7002FFADC14
S31500001950012BD2D038F08EFA4FF0010CC7E700BF4A
S315000019602DE9F04F0F461446BBB019462AAA32ABF2
S3150000197005463846459E1194FFF7BAFD04233268A2
S3150000198024939A4200F3E781D2F104000BD000239E
S31500001990012424A902E0042B00F0DD8101339842E2
S315000019A041F8044FF7D125AB03EB80009200311DBF
S315000019B038F07EFC249B002B029340F3CC812799C0
S315000019C0269E002201FB06F328981F9100FB03F3D5
S315000019D01C93399B01905B000B93319B259C5B000C
S315000019E00C9300FB01F32A99964607912B99A8467A
S315000019F008912C99924609912D9991460A91DDE913
S31500001A002F01149132991546039133990491349913
S31500001A10059135990691379915913899169018467A
S31500001A2023461391369973451D912E991E9140F3C5
S31500001A305681029A012A00F08E81002E40F34481DD
S31500001A40029A022A00F087810246209330465146C8
S31500001A504C4600274FF0010C2B461646CDE9219A3D
S31500001A60DDF87CB02395BBF1000F40F31D81029A8F
S31500001A70032A00F07081469A8946023A12929A46E3
S31500001A8000252246CDE91803CDE91A161794CDF89C
S31500001A9040B0129B002103EB4206449BCDE90D2A80
S31500001AA003EB4904119BCDF83C9003EB4A000096EA
S31500001AB08EE013F1804349F10009DB0F43EA490345
S31500001AC0BAF1000FCAF1000900F3D3801AF11F0F13
S31500001AD0C0F23A810CFA09FA0AF1FF3A4FEAD37BCF
S31500001AE043FA09F90BEB6A0B0AEA03035B45C8BF25
S31500001AF009F10109D8E9093A934200F0178183FBFD
S31500001B000232002AC0F2EE8013F1804342F1000255
S31500001B10DB0F43EA4203BAF1000FCAF1000200F3F9
S31500001B20A8801AF11F0FC0F20F810CFA02FA0AF10F
S31500001B30FF3A4FEA6A0B43FA02F20AEA030A0BEB90
S31500001B40D37BDA45C8BF01324A44D8E90439934207
S31500001B5000F0F38082FB0332002AC0F2D28013F138
S31500001B60804342F10002DB0F43EA4203B9F1000F62
S31500001B70C9F100027DDC19F11F0FC0F2E5800CFAF5
S31500001B8002F909F1FF394FEAD37A43FA02F20AEB76
S31500001B90690A09EA03035345C8BF0132D8F80C3075
S31500001BA00B9E1A44D8F82C3034449A42B8BF1A46D1
S31500001BB0D8F830300C9E9A42A8BF1A46029B304491
S31500001BC0042B40F0C880009B013123F8022F0093BC
S31500001BD0019B8B4254DD079AD8F80430724540F3D6
S31500001BE0BA80089ABA4240F3B680099AAA4240F3EC
S31500001BF0B2800A9A8A4240F3AE80B0F90090D8F8D3
S31500001C0008A09944039B734540F3A580049BBB42FF
S31500001C1040F3A180059BAB4240F39D80069B8B421F
S31500001C2040F39980D8F81830B4F9002009FA03F97E
S31500001C3052449A40D8E9073A4B4571D089FB03399B
S31500001C40B9F1000FBFF635AF444E9B1969F1000993
S31500001C50B9F1000F04DA6FF000469B1949F100094B
S31500001C60DB0FBAF1000F43EA4903CAF100097FF717
S31500001C702DAF4FF4B3713A4B3A4A3B4833F0FCFA76
S31500001C80DDE90D2ADDF83C901A44139B0135994491
S31500001C90149B9A44109B9D42FFF6FBAEDDE91A1693
S31500001CA0179C9B46DDE91803159A01371144169ACD
S31500001CB0874234441344FFF6D6AEDDE9219A324614
S31500001CC006461046209B239D1C9A0EF1010E914458
S31500001CD01D9A734592441E9A15443FF7AAAE3BB02F
S31500001CE0BDE8F08F1D4E9B1962F10002002A04DA4E
S31500001CF06FF000469B1942F10002DB0F43EA4203F4
S31500001D0009E7164E9B1962F10002002A04DA6FF009
S31500001D1000469B1942F10002DB0F43EA420325E726
S31500001D20B9F1004F8AD16FF00043C9E6B2F1004F16
S31500001D307FF4E5AE6FF00043EDE6B3F1004F7FF4BC
S31500001D4009AF6FF0004311E740F26711074B054AF0
S31500001D50054833F091FA38F08DF800BF010000C055
S31500001D6090A5030068A40300C4A4030058A40300BC
S31500001D701A462DE9F04F5B6AADF5037D0B936E9322
S31500001D80936AD2F804B006936993536997690593E9
S31500001D906F93D36AD2F808A007936A93136BD2F8AD
S31500001DA01C80D2F820900C936B93D368DDE98C6489
S31500001DB08E9DCDF8C0B17197CDF8C8A1CDF8B08190
S31500001DC0CDF8B49108931269314658A8CDE973321B
S31500001DD0099212F039FC214660A812F035FC68AA77
S31500001DE060A958A8FFF74CFA0246287A072800F09F
S31500001DF0248109280BD032F0AFFB2A7A0146B1487C
S31500001E002FF07AF801200DF5037DBDE8F08F3146FD
S31500001E10002A40F05B8128A812F016FC002E00F084
S31500001E207B82336821462EA80A9312F00DFC002C03
S31500001E3000F072822368294634A80D9312F004FC40
S31500001E40DDE9083293422E6800F36682069B7F33F3
S31500001E50FF2B00F26182079B7F33FF2B00F25C822F
S31500001E602899002940F33882012328AA02EB810130
S31500001E7052F8040F914200FB03F3F9D12E9C3498DB
S31500001E80002C40F3448201212EAA02EB840452F86E
S31500001E90045F944205FB01F1F9D1002840F3358235
S31500001EA00124002534AA52F804CF013585420CFBE3
S31500001EB004F4F8DB994240F02F82A34240F02C82D2
S31500001EC0002B40F3DA800A9ACAF10004501EC318A8
S31500001ED00D9A0D93012302F1FF3E721E0A92CBF179
S31500001EE00002109203FA02F2013A1146C9F1000506
S31500001EF0119203FA04F2AB405E1E0F944B10541E6F
S31500001F001293631014937310DFF8BCC10E951394EB
S31500001F1015936EE012F1804244F10004D20F42EABA
S31500001F204402BBF1000F00F3E9811BF11F0FC0F261
S31500001F30DE81119C109904EA0205129C04EBD2740E
S31500001F400A41A542C8BF01329F4200F0BE8187FB0D
S31500001F500334002CC0F2AA8113F1804344F100043B
S31500001F60DB0F43EA4403BAF1000F00F3C7811AF10D
S31500001F701F0FC0F2BC81139901EA0305149901EB06
S31500001F80D3740F990B41A542C8BF0133134498453A
S31500001F9000F0858183FB0832002AC0F2718113F1BB
S31500001FA0804342F10002DB0F43EA4203B9F1000F1E
S31500001FB000F3A48119F11F0FC0F29981159A0E99A9
S31500001FC002EBD37206EA03040B419442C8BF013305
S31500001FD00C9A1344089A9342B8BF1346099A93423F
S31500001FE0A8BF13460A9A02F8013F0D9B0A92834244
S31500001FF043D0069B10F9012F079D1A441EF9013F95
S315000020000B9C2B44A240A340059C944200F03181D6
S31500002010059C82FB0424002CBFF67CAF12EB0C025D
S3150000202064F10004002C04DA6FF00041521844F108
S315000020300004D20F42EA440273E7314612BB46A8B7
S3150000204012F002FB002E00F0678121464CA836688C
S3150000205012F0FAFA002C00F05F812946246860A885
S3150000206012F0F2FA60ABCDE900432B6832460293D8
S3150000207046A94CAB68A8FEF7B5FE00200DF5037D1A
S31500002080BDE8F08F3AA812F0DFFA002E00F0448186
S31500002090214640A8366812F0D7FA002C00F03C81A1
S315000020A02946246860A812F0CFFA60ABCDE9004358
S315000020B02B68324602933AA940AB68A8FFF750FC5A
S315000020C0DBE700BFA0A50300010000C016A812F0C0
S315000020D0BBFA002E00F02081336821461CA80A9323
S315000020E012F0B2FA002C00F017812368294622A8C4
S315000020F00B9312F0A9FA60AB58AA1CA916A8D5F83A
S3150000210000B0FFF7F5F90423229A52939A4200F39E
S315000021100381981A0BD00023012452A902E0042B54
S3150000212000F0FA800133984241F8044FF7D153ABDF
S3150000213003EB8000920023A938F0BAF8529B002BDB
S31500002140099340F3E980539D002D96DD099B012BF1
S3150000215000F0E2804FF00009C846549B002B40F384
S315000021608280099A022A00F0D780CDF81CB04FF081
S31500002170000AC3461F4608FB03F40E95DDF854918A
S31500002180B9F1000F65DD099B032B00F0C580002522
S3150000219004FB09F80C94CDF820900D97569B079AEE
S315000021A0002403FB08290693CDF8149046E0589FB7
S315000021B05F9A5F45DDE9599EDDE95B13DDE95D6008
S315000021C040F3AA80D14540F3A780AE4540F3A480F2
S315000021D0A14240F3A180DDE9619E0A9904FB02F267
S315000021E00BFB03130AFB0633DDE9656105FB0033D0
S315000021F0609F98565F45679ADDE963C340F38C801C
S31500002200D14540F38980AE4540F38680A44540F32E
S3150000221083800B9F04FB02F20BFB03730AFB06335E
S3150000222005FB01339956099B042B75D168AAFEF765
S3150000223047FF059B013403F8010B0593069BA34258
S31500002240B5DC089B01359D4208F10108A6DBDDE9F6
S315000022500C470AF1010ABA4504F101048EDBD8469F
S315000022600E9DDDF81CB008F10108A845FFF675AF14
S3150000227003E7B4F1004F7FF4CBAE6FF0004250E6B7
S3150000228013EB0C0362F10002002A04DA6FF000413E
S315000022905B1842F10002DB0F43EA420386E6B8F11F
S315000022A0004F7FF477AE6FF000437FE613EB0C032D
S315000022B064F10004002C04DA6FF000415B1844F16D
S315000022C00004DB0F43EA44034DE6B7F1004F7FF409
S315000022D03EAE6FF0004346E62E9C0123002C349858
S315000022E03FF7D1AD00287FF7EEAD0121D8E540F2EA
S315000022F067110A4B0A4A0B4832F0BEFF4FF4B3711E
S31500002300094B074A074832F0B7FF0124D2E50028F7
S31500002310EBDC012B3FF4D7AD37F0ACFD58A403003E
S3150000232068A40300C4A4030090A503002DE9F047A8
S3150000233084B0D1E904A9BAF1000F3FD0204B0C4676
S315000023401A68054612F04CF91E4B21461A680746D4
S31500002350284612F045F91C4B8046214628461A6845
S3150000236012F058F90646007A01281AD0092801D039
S3150000237007280BD153464A4621462846CDE9018611
S315000023800097FFF7F5FC04B0BDE8F08732F0E4F8FB
S31500002390327A01460D482EF0AFFD012004B0BDE8AB
S315000023A0F087284653464A462146CDE901860097DE
S315000023B0FFF72AFA002004B0BDE8F08737F05AFD8F
S315000023C0EC100400E8100400E4100400A0A50300CB
S315000023D02DE9F04F2DED068B834681B08A46DDE967
S315000023E01054194610461E46174630F0E5FB80F09D
S315000023F0010020702B78092B0AD0072B08D0012B5F
S3150000240000F08180002001B0BDEC068BBDE8F08FA6
S315000024103B695B42A36233695B42E3622B692363D8
S315000024202B78072B69D014234FF00008DFF818919A
S31500002430636297ED03AA96ED038AB4EEC8AAF1EE9D
S3150000244010FA54BF1AEE100A18EE100A36F000F809
S3150000245002460B4635F09EFE06460F4618EE100A5B
S3150000246035F0F6FF32463B4636F074F941EC190B6F
S31500002470E86835F0EDFF42464B4636F041F8024635
S315000024800B463046394636F065F941EC180B1AEE24
S31500002490100A35F0DDFF32463B4636F05BF904F1B3
S315000024A0040904F1140841EC100B4946404630F08B
S315000024B02FF8B0EE490AF0EE690A04F1080104F1BA
S315000024C0180030F025F804F1200104F11C00B0EEEC
S315000024D0480AF0EE680A30F01BF82A46584604F11E
S315000024E010039AF80010109304F10C0301B0BDEC30
S315000024F0068BBDE8F04F30F05BB90F234FF00008B4
S31500002500DFF8489094E79AF80030012B11D0032B9E
S315000025100AD0022B0BBF4FF07E536FF40002074A1E
S31500002520074B6263A3636DE70022064B6263A363F6
S3150000253068E70022024B6263A36363E7000080BF83
S31500002540FFFF7F7F0000C040000030410000E040F8
S315000025502DE9F0430B6983B0002B50D04B690D4633
S31500002560002B4CD0C46806462368002220469B698F
S315000025709847074600283CD0236801222946204672
S315000025809B6998478046002836D023680022294652
S315000025902046DB6998478146F0B1CDF800902B695B
S315000025A030460193696943463A46FFF711FF0546EF
S315000025B070B92368394620465B6A984723684146C6
S315000025C020465B6A98472368494620465B6A9847D7
S315000025D0284603B0BDE8F0835C230A49012530464E
S315000025E07469094A00910949A047284603B0BDE825
S315000025F0F08356230649F1E759230649EEE737F0FB
S3150000260039FC00BFE8A90300BCA5030064A50300CC
S31500002610F0A5030004A603002DE9F04F2DED028B73
S315000026200B68044689B0002B6AD0D3F800B0BBF122
S31500002630010F65DD4B688946002B6AD0D3F8008010
S31500002640B8F1010F48D1C56800222B6828469B695E
S3150000265098470646002873D02B680022494628462C
S31500002660DB699847824600286DD00078337883422C
S3150000267009D051E02B68394628465B6A08F1010803
S315000026809847C34562D02B684246494628469B690F
S3150000269098470746002800F0CB803046394630F090
S315000026A08BFA002800F0C78030783B78834240F0F0
S315000026B0C580092BDED132693B699A4240F0E08041
S315000026C096ED037AD7ED037AB4EE677AF1EE10FA57
S315000026D0D0D04923704915E0456901266F4B704AF1
S315000026E0CDE901380092204633236E4A6E4903969F
S315000026F0A8470127384609B0BDEC028BBDE8F08F2C
S3150000270032236A49656920460091664A6849A847A6
S31500002710EFE798464569E0E7676931F01DFF054632
S31500002720307831F019FF03466249634ACDE9025316
S315000027300092019120463E235A4A6049B847D8E79D
S3150000274038235F49DEE73B235E49DBE79AF8000062
S31500002750012800F08780092840F095802821A36B86
S31500002760204698474FEA8B018346C9F81000236C30
S3150000277020460BF12402984707460028BAD11422B6
S3150000278033695B42CBF80830DAF81030CBF82020FA
S31500002790CBF80C30F06835F05BFE02460B46CDE90F
S315000027A0042335F0F7FC8046DAF80C00894635F04C
S315000027B04FFE0022444B35F0A3FE02460B46404630
S315000027C0494635F0C7FF42464B4641EC180BDDE95A
S315000027D0040135F0BFFF0BF118090BF1100841ECAD
S315000027E0100B494640462FF093FEB0EE480AF0EE35
S315000027F0680A0BF11C010BF114002FF089FE0BF196
S3150000280004033946009320465B4652462FF0D0FF1C
S31500002810074600287FF46EAF2B68314628465B6A70
S3150000282098472B68514628465B6A9847002761E718
S315000028304123264966E74223254963E7666931F065
S315000028408BFE0546387831F087FE03462149194A42
S31500002850CDE902530092019120464323114A1749BC
S31500002860B04746E72046236C4FEA8B0107AA9847F4
S31500002870074600287FF43EAF079BC9F81030CBE728
S31500002880472315493EE7656931F066FE134902465E
S315000028902046A8472DE700BF6CA70300B0C0030081
S315000028A074A6030018A6030058A6030048A6030052
S315000028B064A50300C4A60300E0A60300A8A60300BF
S315000028C088A60300E8A90300000030417CA50300A8
S315000028D0F0A603001CA7030028A70300A4A7030073
S315000028E084462DE9F04F89B0C06A0492DCF83020A6
S315000028F0129D904200F31681DCF8044004F17F0239
S31500002900FF2A00F20F810F680122002F0ADD01EB7A
S31500002910870751F8040F8F4200FB02F2F9D1002A13
S3150000292000F0EF80E64605F1FF3A1E1F0AEB0203B0
S315000029300693C5F101030593049B079606EB8309ED
S31500002940059BDEE9067104FA07F2914203EB0A0CD5
S31500002950DEF8203000F0C68082FB012000284FEA16
S31500002960E178C0F2A18012F1804240F10000D20F5E
S3150000297042EA4002002BC3F1000600F3C5801F3374
S31500002980C0F2C980012303FA06F5013DD30F03EB1C
S31500002990650305EA020032419842C8BF01326B1056
S315000029A00193049B002B49D0CDF80CE00798DDF885
S315000029B004E0CDF808A0009512E013F180434BF136
S315000029C0000BDB0F43EA4B03009D0EEBD37B03EAC0
S315000029D0050A3341D345B8BF013381451A442BD08C
S315000029E050F8043F13F90C302344BB4099421AD0E7
S315000029F003FB08FA4FEAE37B01FB0BAAA3FB013BAF
S31500002A001AEB0B0BD9D5484D5B196BF1000BBBF1DB
S31500002A10000F04DA6FF000455B194BF1000BDB0F7A
S31500002A2043EA4B03D0E7B1F1004FE1D1F3466FF033
S31500002A300043DDF800A0CCE7DDE902AEDEE90431B3
S31500002A40934258D082FB0323002B3CDB12F18042D9
S31500002A5043F10000D30F43EA40030029C1F100020D
S31500002A6052DC1F3157DB012101FA02F0013843FA2B
S31500002A7002F1DA0F02EB600203409342D4BF08462C
S31500002A80481CDEE90B23DEF80C1001448A42B8BF6D
S31500002A900A469342A8BF13460AF8013F069B9A4589
S31500002AA02FD0DEF804404BE71F4D521960F10000AD
S31500002AB0002804DA6FF00045521940F10000D20FE9
S31500002AC042EA400256E71848121863F1000000284F
S31500002AD004DA6FF00043D21840F10000D30F43EA46
S31500002AE04003BAE7B1F1004F7FF436AF4FF0FF383D
S31500002AF06FF000423EE7B2F1004FA3D16FF0004302
S31500002B00ABE709B0BDE8F08F4FF4B371074B084A45
S31500002B10084832F0B1FB40F26711074B044A0548FA
S31500002B2032F0AAFB37F0A6F9010000C090A5030019
S31500002B3068A40300C4A4030058A403002DE9F04FC1
S31500002B400022A3B004460E4611F064FD0746007A43
S31500002B50012852D0092845D1D6F810803568D8F812
S31500002B602410636C002D00F09C8020462D68984749
S31500002B70002D814612DD4FF0000BA0F1040A5A46E3
S31500002B803146204611F02CFD002800F090800368A5
S31500002B900BF1010B5D454AF8043FF0D1D8E9020379
S31500002BA0D8E90426D8E906C4D8F82010CDE90C6483
S31500002BB0CDE90E12099039460B93CDF840C002A814
S31500002BC0D8E90032CDE9133211F03EFD38684B46A4
S31500002BD000902A4602A908A8FFF782FE002023B02B
S31500002BE0BDE8F08F656931F0B7FC324902462046F0
S31500002BF0A847012023B0BDE8F08F3568636C3169C2
S31500002C00002D49D02046D5F800909847B9F1000F1D
S31500002C10054611DD4FF00008A0F1040A4246314690
S31500002C20204611F0DDFC002841D0036808F10108B8
S31500002C30C1454AF8043FF1D14C4608A8394611F07F
S31500002C4003FD08983E6800282FDD012308AA02EB41
S31500002C50800052F8041F824201FB03F3F9D1002BD6
S31500002C60BCD0002105EB840CACF1040C06EB830010
S31500002C70DFED117A2A1F44B152F8043F0B4493ED5D
S31500002C80007A944577EE877AF6D1E6EC017A8642A9
S31500002C9001F10401ECD1A1E7204698472C460546F0
S31500002CA0CBE720469847814678E70123D9E737F0F6
S31500002CB0E1F800BFA4A703000000000010B5044619
S31500002CC00021034B034A11F063FC204610BD00BFF0
S31500002CD03D2B0000192600002DE9F04F164693B053
S31500002CE0002204460D4611F07BFC0122294681464E
S31500002CF0204611F075FC002207462946204611F0B1
S31500002D0089FC8046387A022840F0C98098F8080085
S31500002D10022840F0C48099F80800012800F0D2800B
S31500002D20092840F0C78006AD4946284611F08CFCBC
S31500002D303C680CAF41463846D9F8009011F084FC47
S31500002D40D8F800000699002E00F03482002940F3DE
S31500002D50D8820C9E4B1EB34240F0D382D4F800C0FA
S31500002D60BCF1000FC0F2CF828C4580F2CA8212AB52
S31500002D7003EB8C0353F82CEC4FEA8C08BCF1000FE4
S31500002D8000F0D582079C002E00F0BB8201220023B2
S31500002D908B460DF11C0A07E05B4500F0B2829E42AD
S31500002DA05AF8044F00F0AD8257F8041F8C4240F0E9
S31500002DB0A8820133634504FB02F2EDD101335B4582
S31500002DC0594680F2B18212AC04EB8304B44554F840
S31500002DD02C7C80F2968203F1010A4FF0010C4446E6
S31500002DE005EB8A0A07E09E421C465AF8047F40F328
S31500002DF088822B46A40048346C4454F8144CBC42D8
S31500002E0040F07F825D1C8D4207FB0CFCEBDB002A49
S31500002E1040F3198100210CFB0EFA09F1FF33A0F1F2
S31500002E20040BA3EB0C030493039263460846524635
S31500002E305D46CDF81490BCF1000F29DD4FF0000877
S31500002E40049CCDE9010104EB030A059C05EB81090D
S31500002E5004EB030BBEF1010F4FF000071AF9010F47
S31500002E600EDD01210BEB080494F9006064448642F0
S31500002E70C8BF0F4601F10101C8BF30467145F3D105
S31500002E8008F10108C44549F8047FE3D1DDE90101F1
S31500002E90039C0130844261441344CCD1D3E065697C
S31500002EA031F05AFBC14902462046A847012013B01B
S31500002EB0BDE8F08F656931F04FFBBD4902462046FB
S31500002EC0A847F3E706AD4946284611F0BDFBD9F8F9
S31500002ED000303C680CAF41463846019311F0B4FB14
S31500002EE0D8F800000699002E00F0B180002940F3C2
S31500002EF00882DDF830E04B1E734540F00282D4F8BC
S31500002F0000C0BCF1000FC0F2F8818C4580F2F98157
S31500002F1012AB03EB8C0353F82C4C4FEA8C08BCF134
S31500002F20000F00F00C82079EBEF1000F00F0E98151
S31500002F30012200238A460DF11C0907E0534500F0E3
S31500002F40E0819E4559F8046F00F0DB8157F8041FB5
S31500002F50B14240F0D6810133634506FB02F2EDD162
S31500002F6001335345514680F2E78112AE06EB8306E4
S31500002F70E64556F82C6C40F3C48103F1010905EBD4
S31500002F8089094FF0010C454607E09E451D4659F854
S31500002F90046F40F3B6813B46AD0048356D4455F8A5
S31500002FA0145CAE4240F0AD815F1C8F4206FB0CFC08
S31500002FB0EBDB002A47DD031F049300230CFB04FB15
S31500002FC01146E1469A4698465A464FEA8C00BCF1AD
S31500002FD0000F31DD0026A9EB030BCDF80890B146B2
S31500002FE0019D4FEA8B0B05EB8307049DABF1040BA8
S31500002FF005EB8A0ECDF80C80012CF7EC017A4FF028
S31500003000000611DD01250BEB070898ED007AB4EEFA
S31500003010E77AF1EE10FAC8BF2E4605F1010577FEF4
S31500003020277AAC428044F0D109F10109E1454EF816
S31500003030046FE1D1DDE9029808F101088845E24410
S3150000304013449144C3D1002013B0BDE8F08F00298A
S3150000305040F35781DDF830E04B1E734540F0518157
S31500003060D4F800C0BCF1000FC0F257818C4580F245
S31500003070488112AB03EB8C0353F82C4C4FEA8C08B7
S31500003080BCF1000F00F06881079EBEF1000F00F052
S315000030903881012200238A460DF11C0907E05345B9
S315000030A000F02F819E4559F8046F00F02A8157F8E9
S315000030B0041FB14240F025810133634506FB02F24D
S315000030C0EDD101335345514680F2438112AE06EBF2
S315000030D08306E64556F82C7C40F3138103F101097B
S315000030E005EB89094FF0010C454607E09E451D4654
S315000030F059F8047F40F305813346AD0048356D44E9
S3150000310055F8145CBD4240F0FC805E1C8E4207FB05
S315000031100CFCEBDB002A96DD031F049300230CFB5B
S3150000312004FB0392E1469A4698465A464FEA8C00BB
S31500003130BCF1000F30DD0026CDF80880B0460199BD
S31500003140A9EB030B01EB830704994FEA8B0BABF159
S31500003150040B01EB8A0E012CF7EC017A4FF0000606
S3150000316012DD01210BEB070595ED007AB4EEE77A47
S31500003170F1EE10FA48BF0E4601F1010148BFF0EE2C
S31500003180477A8C420544EFD108F10108E0454EF834
S31500003190046FE0D1DDF80880039908F1010888453D
S315000031A0E24413449144C3D14DE700BF18A803007D
S315000031B0D4A70300002940F3A480DDF830C04B1EDD
S315000031C0634540F09E80D4F80080B8F1000FC0F24D
S315000031D09F80884580F2958012AB03EB880353F8F5
S315000031E02C6C4FEA880EB8F1000F00F0AD80079CFA
S315000031F0BCF1000F00F08580012200238B460DF103
S315000032001C0A05E05B457CD09C455AF8044F78D0F3
S3150000321057F8041FA14274D10133434504FB02F25F
S31500003220F0D101335B4559467CDA12AC04EB8304DA
S31500003230E04554F82CAC64DA03F1010805EB880884
S3150000324057460125744606E063451C4658F8047F38
S3150000325057DA7346A40048346C4454F8144CA74219
S315000032604FD103F1010E8E4507FB05F5ECDB002A75
S315000032707FF7E9AE002105FB06FAA0F1040B0392E5
S3150000328008462A46544609F1FF335B1B0493CDF8E2
S315000032901490002D2ADD4FF0000E9446049BCDE9D4
S315000032A0010103EB0209059B0BEB810803EB020A04
S315000032B0012E4FF0000219F9011F0EDD01230AEB62
S315000032C00E0090F9007028448F42B8BF1A4603F1E9
S315000032D00103B8BF3946B342F3D10EF1010E75456D
S315000032E048F8042FE4D1DDE901016246039B013071
S315000032F0984229442244CCD1A5E61CEB010C7FF56B
S3150000330007AE36F0B7FD1CEB010C7FF530ADF8E7E4
S3150000331018EB01087FF560AFF3E71CEB010C7FF5B6
S31500003320A8AEEEE70125A2E74FF0010C6FE50129F3
S3150000333017D00122134646E54FF0010C39E6012964
S3150000334012D001231A4610E6012910D00122134695
S315000033506BE74FF0010CDDE601290BD00122134685
S31500003360B4E68C460A4655E58C460A4623E60A46E6
S315000033700D467FE70A468C46CEE600BF0022FFF7E1
S31500003380ABBC00BF0122FFF7A7BC00BF002210B5EF
S3150000339004461146024B11F0FBF8204610BD00BF53
S315000033A085330000002210B504461146024B11F089
S315000033B0EFF8204610BD00BF7D33000070B5002237
S315000033C004460E4611F00CF9B0B10122054631460D
S315000033D0204611F005F9024670B1E3689B689869CA
S315000033E028B12B68BDE8704019682EF0E7BC034889
S315000033F02DF082FD012070BD36F03CFD48A803008B
S315000034002DE9F0410B68044686B013B11B68022B08
S3150000341011D00226484A6569CDE90123474A20466C
S3150000342000922723464A47490396A8470124204687
S3150000343006B0BDE8F0814B680E4613B11B68002B41
S3150000344050D100223146204611F0CAF80546002820
S315000034506FD0037A0E2B0AD0022B08D03A49656941
S31500003460332300912046364A3849A847DEE76B6881
S315000034701F68002F43DD00219E464FF0010C984641
S31500003480084658F8042F0130D3170CFB03F302FB50
S315000034900133ACFB02C1B8421944F2D10CF1FF3C36
S315000034A05CEA010C2BD000210126084665695EF80E
S315000034B0042F0130D31706FB03F302FB0133A6FBEF
S315000034C00261B8421944F2D10127214B214A0391E6
S315000034D00193009220463523194A1A490296049709
S315000034E0A847A3E700251C4A4469CDE901231B4AE6
S315000034F0282300921349124A0395A04796E7E768E6
S3150000350031463B68012238469B699847064680B19A
S31500003510BB68296822469869096833462EF024FC60
S315000035200446002883D13B68314638465B6A984793
S315000035307DE736F09FFC00BF500C0400F0A80300A6
S31500003540B8A8030058A6030000A9030064A5030059
S31500003550B0C0030068A9030024AE030074A60300EC
S3150000356010B504460021034B034A11F011F820461A
S3150000357010BD00BFBD33000001340000F0B50B687C
S31500003580044685B013B11B68032B0FD03B4A65690F
S315000035900326CDE9012320462923394A00923949D9
S315000035A0394A0396A847012005B0F0BD4B680D4681
S315000035B0002B30D01B68012B2DD1C6680022336842
S315000035C030469B6998473368294600220546DB69E1
S315000035D0304698470746002D2FD000282DD0AB68DF
S315000035E01B68022B2CDD82681268022A1CDD042B64
S315000035F029DC042A2ADC28783B78834229D13368DF
S31500003600294630465B6A98473368304639465B6AD6
S3150000361098470020C8E71D4A65690126CDE90123C0
S3150000362020462A231A4AB9E735231A4965692046EE
S315000036300091154A1849A847B5E732231749F5E717
S3150000364034231749F2E736231649EFE7372316499D
S31500003650ECE7666930F080FF0546387830F07CFF8D
S3150000366003461249124ACDE90253009201912046BF
S315000036703823054A0F49B04795E700BFD0A9030094
S31500003680F0A8030058A6030094A90300B0C00300E5
S3150000369074A6030030AA030064A50300D4A903009E
S315000036A0FCA9030068AA03009CAA0300E0A6030085
S315000036B01CA70300A8A603002DE9F04F0022C1B005
S315000036C004460D4610F08CFF012229460646204688
S315000036D010F086FF022229468346204610F080FF1E
S315000036E0002229468246204610F094FF96F808806C
S315000036F08146B8F1010F00F00381B8F1090F40F0DF
S31500003700F280314616A810F09FFF59461CA8D6F83D
S31500003710008010F099FFBBF1000F00F04B8251467C
S3150000372022A8DBF8005010F08FFFBAF1000F00F06E
S315000037304182494628A8DAF8006010F085FFB9F101
S31500003740000F00F03782169CD9F80030022C029345
S3150000375040F33082042C00F32D82289B9C4240F0DB
S315000037602982042C40F0BF810DF1580C0DF1B809E7
S31500003770BCE80F00A9E80F009CE8030028AF0DF194
S31500003780D00E89E803000FCFAEE80F0097E80300DC
S315000037908EE80300349B022B039340F30B82DDE992
S315000037A036292E9B0792359A032B0493059240F3F4
S315000037B00182DDE92F30DDE931B712933368042C3D
S315000037C0149316BF0023B3684FF0010A0F93129BA0
S315000037D008BFD5F804A0002BD5F800C040F3DC8163
S315000037E00BFB00F307FB03F307FB0BFE13930CFB2A
S315000037F009F34646CDE9003E00258646059ABEF108
S31500003800000F95FBF2F302FB1352069240F3CA81B6
S31500003810DDE9054093FBFAF80AFB18330E93149B77
S315000038200443A8EB0308079B314603FB00830022F1
S3150000383009FB03F3CDE91056089408E0019801321C
S31500003840014400989645E044034400F0A981B8F18C
S31500003850000FF3DB07984045F0DDBBF1000FEDDD0F
S31500003860DDE90E04041B3846CDF824804F460E468B
S31500003870002598468146CDE90AECCDE90C21002CBD
S3150000388021DBBC421FDA039B042B40F09381089B8B
S3150000389023B1DDE90532934240F38C81389B002B3E
S315000038A0C0F28881029A04EB080003FB0020049B07
S315000038B0042B40F07F81B9F1000FC0F27B814A46AC
S315000038C0314636F0F5FC0135AB4554444E44D6D16D
S315000038D0DDE90AECDDE90C2148464346B946DDF848
S315000038E024800746AAE74046656930F035FEB249AE
S315000038F00246337A2046A847012041B0BDE8F08F42
S31500003900314616A810F0A0FE59461CA8376810F0DC
S315000039109BFEBBF1000F00F04D81514622A8DBF85B
S31500003920005010F091FEBAF1000F00F043814946B5
S3150000393028A8DAF8006010F087FEB9F1000F00F051
S315000039403981169CD9F80030022C039340F332815A
S31500003950042C00F32F81289B9C4240F02B81042CE1
S3150000396040F0E9800DF1580E0DF1B809BEE80F00E0
S31500003970A9E80F009EE803000DF1A00C0DF1D00898
S3150000398089E80300BCE80F00A8E80F009CE80300E4
S3150000399088E80300349B022B049340F30B81DDE996
S315000039A0362A2E9B0892359A032B0593069240F3EE
S315000039B00181DDE9300B329B042C02932F9B18BF4B
S315000039C04FF0010913932B6808BFD5F804900093B4
S315000039D03368159314BF0023B3681093139B002B11
S315000039E040F3DA800BFB00F3029A3E4602FB03F338
S315000039F09B00149302FB0BF34FEA830ECDF804E011
S31500003A0000258646009B4FEA82080AFB03FC069ABD
S31500003A10BEF1000F95FBF2F302FB1352079240F33F
S31500003A20B480DDE9064093FBF9F709FB17330F93E2
S31500003A30159B0443FF1A089B314603FB00730022C3
S31500003A400AFB03F3CDE91156099408E00098013208
S31500003A500744019896450144634400F09480002F82
S31500003A60F4DB0898B842F1DDBBF1000FEEDDDDE9CD
S31500003A700F04CDE90CC7002557461E468A46CDE9F8
S31500003A800AE2041B0E91002C20DBA7421EDD049BDC
S31500003A90042B40F08F80099B23B1DDE90632934267
S31500003AA040F38880389B002BC0F28480301903FBDA
S31500003AB000F0039B03EB8000059B042B7AD1029B4D
S31500003AC0002B77DB4246514636F0F2FB0135AB451B
S31500003AD04C44C244D7D1DDE90AE2BA46DDE90CC757
S31500003AE033460E99B2E701233D9304230DF1E80C0A
S31500003AF0E2463A93179B0DF1B8093B93189B299F11
S31500003B003C93199B0DF1D00E3E93BCE80F00A9E83B
S31500003B100F009CE803002A9B3B973C932B9B89E86C
S31500003B2003003E93BAE80F00AEE80F009CE80300DE
S31500003B308EE803002EE604230DF1E80CE1463A93E5
S31500003B40179BCDF8F4803B93189B0DF1B8083C9376
S31500003B50199B0DF1D00E3E93BCE80F00A8E80F00AC
S31500003B609CE80300299B88E803003B932A9B3C932F
S31500003B702B9B3E93B9E80F00AEE80F009CE80300CC
S31500003B808EE8030006E7DDE91156149B01351E4455
S31500003B90139BAB427FF43BAF002041B0BDE8F08FF2
S31500003BA0DDE91056139B01351E44129BAB427FF490
S31500003BB025AEF1E736F05EF9A0A5030010B5044680
S31500003BC00021034B034A10F0E3FC204610BD00BF62
S31500003BD0B93600007D3500002DE9F0410B6804463A
S31500003BE084B013B11B68022B0BD0202346496569AC
S31500003BF020460091454A4649A847012004B0BDE841
S31500003C00F0814E680D46FEB13668012E1CD1C7689C
S31500003C1000223B6838469B6998473B6832462946EE
S31500003C2006469B69384698473B682946DB69002269
S31500003C3005463846984733788046022B12D0042B27
S31500003C4010D02B233349D2E70127334B334A65691A
S31500003C502046CDE90136009221232C4A30490397AC
S31500003C60A847CAE72A78934210D198F800209342D1
S31500003C7012D0CDE902322E232A4E2B496569204601
S31500003C800091224A26490196A847B6E7CDE90232B5
S31500003C90264E2D232449F1E7B3681B68012B0DD06E
S31500003CA001261D49224ACDE90113204665693123C3
S31500003CB000921B49154A0396A8479EE7AA68126810
S31500003CC0012A05D0CDE90223134E32231949D5E73F
S31500003CD0D8F808301B68012B05D0CDE902320E4E0C
S31500003CE035231549CAE73B68314638465B6A98472B
S31500003CF03B68294638465B6A98473B6838464146E2
S31500003D005B6A9847002079E790E00300D4AA030095
S31500003D1064A503000CAB0300B0C0030074A6030047
S31500003D2058A60300E0A603005CAB03004CAB0300FF
S31500003D306CAB030084AB03009CAB030010B50446D8
S31500003D400021034B034A10F023FC204610BD00BFA0
S31500003D50613F0000D93B00002DE9F843089F0D465E
S31500003D60D7F800C01446BCF1000F1E4667DD0121DE
S31500003D703B4607EB8C0753F8042FBB4202FB01F1CD
S31500003D80F9D100294FDD4B1E0768099A002F02EB77
S31500003D90830257DD002384464FF0010E00EB8708AF
S31500003DA05CF8047FE04507FB0EFEF9D10EF1FF3EFD
S31500003DB0BEEB030E39D455F82E904FF0000E27684F
S31500003DC077450CDDA4464FF0010E04EB87085CF83E
S31500003DD0047FE04507FB0EFEF9D10EF1FF3EBEEB78
S31500003DE0030E16D4B9F1010F56F82E7015D0012F17
S31500003DF001D0B9452CD101339942C2F80090A2F105
S31500003E00040210DD0768002FD8BF4FF00109C2DC9D
S31500003E10D3E7B9F1010FEED14F461760013399424E
S31500003E20A2F10402EEDCBDE8F8832768002FC8BFC4
S31500003E304FF00109C6DC4BB937681760EEE700237F
S31500003E400121A1E74FF0000E7346B4E70127E4E72E
S31500003E5036F010F82DE9F843089F0D46D7F800C054
S31500003E601446BCF1000F1E466DDD01213B4607EBF3
S31500003E708C0753F8042FBB4202FB01F1F9D100294C
S31500003E8054DD4B1E0768099A002F02EBC3025DDD65
S31500003E90002384464FF0010E00EB87085CF8047F90
S31500003EA0E04507FB0EFEF9D10EF1FF3EBEEB030E19
S31500003EB03ED455F83E904FF0000E276877450CDD4E
S31500003EC0A4464FF0010E04EB87085CF8047FE0453A
S31500003ED007FB0EFEF9D10EF1FF3EBEEB030E18D422
S31500003EE0B9F1010F56F83E702AD0012F01D04F4587
S31500003EF034D101334FEAE9779942C2E90097A2F13A
S31500003F00080213DD0768002FD8BF4FF00109C0DC97
S31500003F10D1E7B9F1010FECD14F464FF0000C013358
S31500003F209942C2E9007CA2F10802EBDCBDE8F88305
S31500003F302768002FC8BF4FF00109C1DC53B93768A5
S31500003F404FEAE77CEBE7002301219BE74FF0000EE9
S31500003F507346AEE701274FF0000CE0E735F08AFF25
S31500003F60F0B50022A1B004460F4610F039FB01223D
S31500003F7039460646204610F033FB394605460022F0
S31500003F80204610F047FB037A0446022B31461CD02C
S31500003F900EA810F059FB002E33D0294614A8366817
S31500003FA010F052FB6DB32F681AAD2146284610F06B
S31500003FB04BFB23680EA8CDE9005331463B4614AAB5
S31500003FC0FFF748FF002021B0F0BD02A810F03CFB2F
S31500003FD0BEB1294608A8366810F036FB8DB12F68A9
S31500003FE01AAD2146284610F02FFB236802A8CDE91A
S31500003FF0005331463B4608AAFFF7AEFE002021B02B
S31500004000F0BD35F037FF00BF2DE9F04F0B680446D1
S315000040108BB013B11B68022B0BD04D236949656920
S3150000402020460091684A6949A84701200BB0BDE8BF
S31500004030F08F4E680D4636B33668012E23D1C76819
S3150000404000223B6838469B6998473B6832462946BA
S3150000405006469B69384698473B6800222946DB6935
S31500004060054638469847B26880461368052B3EDCFD
S3150000407095F80090B9F1020F13D0B9F1040F10D0E2
S315000040805A235349CBE70127524B534A65692046C9
S31500004090CDE9013600924E234B4A50490397A84773
S315000040A0C3E7317898F80000814213D1052923D05F
S315000040B0A9680868012822D00126464B484ACDE95E
S315000040C00130464965692523009220463E4A0396FB
S315000040D0A847AAE7CDE90210424A434E65695C2328
S315000040E001922046384A3D490096A8479DE720465A
S315000040F063693E49984798E760233D498FE7D8F8BA
S3150000410008C04968DCF800A08A4504D020466369E7
S315000041103849984789E753454EDCBAF1050FE6DC86
S31500004120002BAAEB030015DD800002EB830352F897
S31500004130041F01290AD0D5F804E0B9F1020F0CBF1B
S315000041405EF800E05EF810E0714535D19A4200F164
S315000041500400ECD14FEA8A0B5A460CF1040105A87B
S3150000416036F0A6F8BAF1000F15DD0023D5F804E005
S3150000417004A901E05B450ED0B9F1020F0CBF5EF851
S3150000418003205EF8132051F8040F04338242F1D065
S315000041904723194943E73B68314638465B6A9847E7
S315000041A03B68294638465B6A98473B68384641462D
S315000041B05B6A9847002039E7204663690F499847AC
S315000041C033E700BF90E00300B4AB030064A503002F
S315000041D048AC0300B0C0030074A6030058A6030051
S315000041E0A4AC0300E0A603001CA70300ECAB03008D
S315000041F084AC0300BCAC030094AD030028AD0300FF
S3150000420010B504460021034B034A10F0C1F92046BD
S3150000421010BD00BF8D430000094000002DE9F04F9E
S3150000422087B01D46DDE9109B129B07469B45164647
S31500004230139C69D0002349F82B3050F82B304FEAF5
S315000042408B02002B09EB8B0822DD0BF1010A13947C
S3150000425054468246CDE904124F46DDF84C90129B37
S315000042603246CDE9014350462B460499CDF80C90D1
S315000042700097FFF7D3FFD8F800300133C8F80030B5
S315000042805AF82B209342EADB4C46B9465746059A24
S31500004290002349F82B3057F82B3006EB020856F866
S315000042A02B2093422DD0B169D9F80430706901FBF7
S315000042B003F3D9F80010012A00FB0133D9F80810DE
S315000042C0F06900FB0133D9E90371306A00FB07335B
S315000042D0706A00FB013304FB0355D8F8143003FB66
S315000042E004F405EB04030CDD012622461846294694
S315000042F035F0DEFF0346D8F800200136B2422344EB
S31500004300F3DC07B0BDE8F08F8269D9F80430D9F83C
S31500004310000002FB03F8B26902FB03F37A6902FBB1
S315000043200088726902FB0033D9F80800FA6902FBBB
S315000043300088F26902FB0033D9E903E03A6A02FB1E
S315000043400E887A6A06EB8B0702FB0088326A04FB4A
S31500004350081802FB0E33726A02FB003356F82B2054
S3150000436004FB03537D69002A04FB05F5C9DD00241F
S315000043702A461846414635F09BFF03463A68013403
S31500004380A2422B44F4DC07B0BDE8F08F2DE9F047DC
S315000043900022B0B005460E4610F022F9002204466F
S315000043A03146284610F036F90646214604A810F094
S315000043B04BF931460AA8256810F046F90523DDF8C1
S315000043C0108036689845277A169300F39F80D8F1B7
S315000043D005000BD00023012116AA02E0052B00F0F0
S315000043E095800133984242F8041FF7D117AB4FEA84
S315000043F08804224603EB800005A90DF1840935F0F7
S3150000440057FF012104234A46DDF858E00DF1700CF0
S3150000441073457BDA5CF8040D013B42F8040D5161EB
S3150000442000FB01F1581CF3D10523DDF828C01093D9
S315000044309C456BDCB3EB0C000AD00023012210A9CB
S3150000444001E0052B62D00133984241F8042FF8D1E0
S3150000445011AB4FEA8C0203EB80000BA935F028FF65
S315000044600DF1AC0E012104237246DDF840A00DF1DA
S31500004470580C53454ADA5CF8040D013B42F8040D2A
S31500004480516100FB01F1581CF3D14FF0040A59F8B1
S31500004490042D5EF8043D9A421DD1BAF1010AF6D206
S315000044A0B8F1000F2FD04FF0010804AB1C4453F8AD
S315000044B0042F9C4202FB08F8F9D138462EF086FB01
S315000044C002462946304602FB08F235F0F1FE00208E
S315000044D030B0BDE8F08700243846CDE91644CDE972
S315000044E018441A942EF072FB16AACDE902A0009287
S315000044F01CA833462946019426AAFFF78FFE002002
S3150000450030B0BDE8F0874FF00108D6E735F0B2FCD1
S31500004510002230B5D1E904352D6883B01A711D60CB
S315000045200B6804460BB11B686BB94B680BB11B6873
S31500004530E3B9E36898680368DB6A984785420CDA52
S31500004540002003B030BD0B494469332300910A4A69
S315000045500A49A047012003B030BD392308496569DF
S3150000456020460091044A0549A847F3E73423054944
S31500004570F5E700BFF8AD0300C4AD030064A5030072
S3150000458028AE030010AE030010B50C6923794BB9B1
S31500004590C3682168986803685B69984708B901236E
S315000045A0237110BD002010BD836B0BB10821184785
S315000045B010B535F05FFC00BF10B50446034B044A46
S315000045C004490FF0E5FF204610BD00BF89450000F5
S315000045D011450000A9450000F0B50B68044685B0FA
S315000045E013B11B68012B0FD0234A65690126CDE95B
S315000045F0012320461D23214A00922149214A039680
S31500004600A847012005B0F0BD4B680D46F3B11B6805
S31500004610012B1BD1C6680022336830469B69984738
S315000046200746E0B13368294600223046DB699847E1
S315000046300546E8B13368394630465B6A98473368C1
S31500004640304629465B6A98470020DBE70A4A6569D7
S315000046500126CDE9012320461E230B4ACCE724235D
S315000046600A49656920460091064A0949A847C8E7EC
S3150000467027230849F5E700BFB0C00300F0A80300F0
S3150000468058A6030064AE030074A603007CA50300CD
S3150000469064A50300E8A9030070B500228CB00546A6
S315000046A00E460FF09DFF00223146044628460FF0C5
S315000046B0B1FF0546214668460FF0C6FF294606A803
S315000046C00FF0C2FF009E069B9E4240F0A581002E81
S315000046D0D8BF012217DD6B46EE4600220DF1180CFD
S315000046E05CF8040F5EF8041F884240F095810132A1
S315000046F09642F5D101220DEB860053F8041F834242
S3150000470001FB02F2F9D1207A431E0F2B09D8DFE80C
S3150000471003F01222080808084A08320808080808A0
S31500004720083E2FF019FF227A014699482CF0E4FB47
S3150000473000200CB070BD287A2168431E082B3ED895
S31500004740DFE813F05D014E013D003D003D003D00F8
S315000047503C013D002A01287A2368411E08292ED8EB
S31500004760DFE811F00501F8002D002D002D002D00C9
S31500004770EB002D00DE00287A2368411E08291ED88A
S31500004780DFE801F0BCAE1D1D1D1DA01D9300287A9B
S315000047902368411E082912D8DFE801F07669111155
S315000047A011115C114F00287A2368411E082906D88A
S315000047B0DFE801F03327050505051B050F002FF07F
S315000047C0CBFE2A7A014673482CF096FB00200CB0EB
S315000047D070BD03EB420293422968A9D033F9020B5C
S315000047E09A4201F8010BF9D1A2E7520029689FD03D
S315000047F0023B881833F9022F21F8022B8142F9D1A6
S3150000480096E703EB42029342296891D033F9020BF3
S315000048109A4241F8040BF9D18AE703EB420293422C
S31500004820296885D033F9020B07EE900AF8EEE77A8D
S315000048309A42E1EC017AF5D17AE703EB82029342E0
S3150000484029683FF475AF53F8040B934201F8010B46
S31500004850F9D16DE703EB8202934229683FF468AF12
S3150000486053F8040B934221F8020BF9D160E792004A
S3150000487029683FF45DAF043B881853F8042F41F8CC
S31500004880042B8142F9D153E7920029683FF450AFD7
S31500004890043B0A44D3ED017AF8EE677AE1EC017A3B
S315000048A0914203F10403F5D142E72968002A3FF457
S315000048B03FAF013B0A4413F9010F01F8010B914286
S315000048C0F9D135E71A44934229683FF431AF013BE9
S315000048D0501E13F9012F834221F8022BF9D127E745
S315000048E01A44934229683FF423AF013B501E13F943
S315000048F0012F834241F8042BF9D119E71A44934258
S3150000490029683FF415AF013B013A13F9010F07EE91
S31500004910900AF8EEE77A9342E1EC017AF5D107E7DF
S3150000492003EB8202934229683FF402AF53F8040B6B
S315000049309A4201F8010BF9D1FAE603EB820293429F
S3150000494029683FF4F5AE53F8040B9A4221F8020B9E
S31500004950F9D1EDE6920029683FF4EAAE043B8818E7
S3150000496053F8042F41F8042B8142F9D1E0E6920076
S3150000497029683FF4DDAE043B0A44D3ED017AF8EE34
S31500004980E77AE1EC017A914203F10403F5D1CFE62F
S31500004990B8AE030094AE030001EB82029142286890
S315000049A03FF4C6AE0B46F3EC017AFDEEE77A17EE5E
S315000049B0901A9A4200F8011BF5D1B9E601EB820282
S315000049C0914228683FF4B4AE0B46F3EC017AFDEE53
S315000049D0E77A17EE901A934220F8021BF5D1A7E664
S315000049E0920028683FF4A4AE0B460244F3EC017A29
S315000049F0FDEEE77AE0EC017A9042F7D198E6930073
S31500004A0028683FF495AE0A46034452F8041B40F862
S31500004A10041B9842F9D18BE635F02CFA10B5044602
S31500004A200021034B034A0FF0B3FD204610BD00BF23
S31500004A3099460000D94500002DE9F041C6680446B4
S31500004A40336884B0002230469B690D46984700289B
S31500004A504CD033680746002229463046DB69984722
S31500004A60804600284BD02B680BB31B68012B1ED148
S31500004A706D68002D2CD02D68012D29D1387801289C
S31500004A8054D198F8000001283CD1D8F81830BA69FA
S31500004A90934260D0CDE902324A4E4B4965692C23D8
S31500004AA000912046494A4A490196A8470CE001264A
S31500004AB0484A6569CDE90123474A204600922823E2
S31500004AC0424A43490396A847012004B0BDE8F08155
S31500004AD00127404B414A66692046CDE901350092DF
S31500004AE029233A4A3A490397B047EDE724233C493C
S31500004AF0656920460091354A3A49A847E4E72723E5
S31500004B003949F5E766692FF027FD054638782FF015
S31500004B1023FD03463549364ACDE9025300920191F9
S31500004B2020462B23294A3349B047CDE766692FF043
S31500004B3013FD034628461D462FF00EFD03462E495B
S31500004B402A4ACDE902530092019120462A231F4AA0
S31500004B502849B047B8E7D8F80810BA68D1F800C0B5
S31500004B6013689C451BD1BCF1000FC8BF002302DCB3
S31500004B701BE09C4519D051F8040F52F8045F01332D
S31500004B80A842F6D02F23CDE902051C4A1C496569C7
S31500004B902046019200910D4A0D49A84794E7CDE9B8
S31500004BA002C3184A2D231849F1E7336839463046BF
S31500004BB05B6A98473368304641465B6A98470020EF
S31500004BC083E700BF0CAF03001CAF0300DCAE03009D
S31500004BD058A60300B0C00300F0A8030074A60300A3
S31500004BE07CA5030064A50300E8A903001CA7030035
S31500004BF0E0A60300A8A6030094B9030054AF03007F
S31500004C006CAF03002CAF030040AF0300F0B50022E9
S31500004C108DB005460E460FF0E3FC314604460022F1
S31500004C2028460FF0F7FC2146054668460FF00CFDB6
S31500004C30ACB3294606A824680FF006FD7DB3009F95
S31500004C40069B28689F422AD1002F26DD6A46EC463D
S31500004C50002306A951F8046F5CF8045FAE421ED12A
S31500004C6001339F42F6D101230DEB870552F8041F4D
S31500004C70AA4201FB03F3F9D1002B0BDDA446014642
S31500004C800022FCEC017AFAFE677A01329A42E1ECE4
S31500004C90017AF6DB00200DB0F0BD0123EEE735F01A
S31500004CA0E9F800BF10B504460021034B034A0FF094
S31500004CB06FFC204610BD00BF0D4C0000394A0000B5
S31500004CC070B5836B84B0CBB10D4608211646984764
S31500004CD0044605B126B900232046636004B070BDC2
S31500004CE03246294601A82AF007FB054B01A8196898
S31500004CF02AF03CFB6060204604B070BD35F0BAF87F
S31500004D00F4100400F8B51F4B0E461A6805460FF05E
S31500004D1067FC1D4B314604461A6828460FF07AFC9C
S31500004D20366966B342680346D2E90217207A1269E9
S31500004D30092817D102FB07F50139276805FB01F49D
S31500004D401B6822465919184635F027FA2A4639466D
S31500004D50204435F0ADFA30680138306060B97368C8
S31500004D603360F8BD6E692FF0F7FB08490246237AD7
S31500004D702846B0470120F8BD054B1878F8BD35F038
S31500004D8079F800BFFC100400F8100400A0A5030089
S31500004D90F010040008B50D48D0E8AF3FDB0701D599
S31500004DA00B4808BD30F0C3FF0028F9D0094B0A4A6A
S31500004DB00A4907480FF0ECFB044830F0C7FF0448E7
S31500004DC008BD024830F0BFFF30F068FC78050020CF
S31500004DD07C050020054D0000E14D0000C14C00009F
S31500004DE02DE9F041C56800222B6886B09B69044610
S31500004DF028460E4698472B68002207463146284625
S31500004E00DB6998473269002A00F0C580002F37D049
S31500004E10034600283DD0D0F808E0B968DEF804C0A3
S31500004E20486860450FD03823CDE9020C5B4A5C49DF
S31500004E3065692046019200915A4A5B49A8470120BC
S31500004E4006B0BDE8F081886801280BD1D1F80CC006
S31500004E50DEF80C0084451FD03A23CDE902C0534A40
S31500004E605349E5E70126534B534A0390019365697D
S31500004E703923009220464B4A4B490296A847DEE763
S31500004E8036234E49656920460091464A4C49A84753
S31500004E90D5E737234B49F5E7D1F810C0DEF81010F7
S31500004EA061451BD197F8008093F800C0C44522D114
S31500004EB0BCF1090F36D15468002C48DD146032610C
S31500004EC02A6839462846526A05939047059B2A6800
S31500004ED019462846536A98470020B1E7CDE9021CD7
S31500004EE0394A3A4E65693B23019220462D4A2E499E
S31500004EF00096A847A3E74046059366692FF02CFB6A
S31500004F00059B054618782FF027FB03463049314AA2
S31500004F10CDE902530092019120463D23214A2E49B4
S31500004F20B0478CE7604666692FF016FB05460920F8
S31500004F302FF012FB03462949264ACDE90253009277
S31500004F40019120464023174A2349B04777E7DFF807
S31500004F5090C0DEF80880DCF80040B8F1190F04F1C3
S31500004F600104CCF800400CD8DFF878E02EFA08FEF1
S31500004F701EF0010F05D0012400215460CCF800106A
S31500004F809CE7052C02D00224546097E70228FAD148
S31500004F906029F8D1EFE734F06DFF00BFC4AF03001E
S31500004FA0DCAF030084AF030058A603000CB0030077
S31500004FB024B00300F4AF0300B0C003007CA50300D7
S31500004FC064A50300E8A903003CB0030054B0030045
S31500004FD0E0A603001CA70300A8A6030004B603006E
S31500004FE0A005002020200002836B0BB1202118476A
S31500004FF010B534F03FFF00BF2DE9F043D1F8108023
S3150000500087B0B8F1000F5ED0C46807462368002257
S3150000501020469B690E4698470546C0B1236831462F
S31500005020012220469B6998470646E8B12B78092B52
S315000050301ED02368294620465B6A98472368204687
S3150000504031465B6A9847002007B0BDE8F08340F21E
S3150000505023231E4938467C691D4A00911D49A047F5
S31500005060012007B0BDE8F08340F226231A49F1E794
S315000050702B69C3F100090369E8685F4233F0E8F978
S3150000508041EC100B03A902A82DF042FAF06833F0A8
S31500005090DFF941EC100B05A904A82DF039FA082315
S315000050A0C8F80030029BC8F80490C8F80830039B83
S315000050B0C8F81070C8F80C30049BC8F81430059B6B
S315000050C0C8F81830B5E734F0D5FE00BFF0A50300E8
S315000050D06CB0030064A5030004A603002DE9F047A5
S315000050E08E4609689CB004297FDC17689046042F19
S315000050F07BDC1E681D46042E77DC04230446581A02
S3150000510000930DD04FF0000C01226B4602E0BCF17B
S31500005110040F6AD00CF1010C604543F8042FF6D158
S3150000512001AB8A0003EB80000EF1040135F0C0F8F4
S315000051300423D81B06930BD0002101230DF1180C74
S3150000514001E0042951D0013188424CF8043FF8D1DE
S3150000515007ABBA0008F1040103EB800035F0A8F8AC
S3150000516001210323009F0DF1140C10AA9F423CDD80
S315000051705CF8040D013B42F8040D116100FB01F1DE
S31500005180581CF3D101210323DDF818E00DF12C0C96
S3150000519018AA9E4529DD5CF8040D013B42F8040D72
S315000051A0116100FB01F1581CF3D10022E84692463A
S315000051B00DF1300C14A90DF11809964558F8043F65
S315000051C013D059F8040F984206D0012B3DD0012880
S315000051D00BD10B60C1F810A00132042A0CF1040CAB
S315000051E001F1040103D0BA42E7D134F043FED6F10F
S315000051F0040622600BD021460022012301E0042A86
S31500005200F3D00132964241F8043FF8D12A68201DB6
S31500005210291D920000EB860035F04AF80CAE04F129
S31500005220180C0FCEACE80F0096E80F0014AD04F191
S3150000523038078CE80F000FCD0FC795E80F0087E8F9
S315000052400F0020461CB0BDE8F087CCF80000CCF873
S3150000525010A0C1E710B50446034B044A04490FF0F9
S3150000526097F9204610BD00BF69560000F94F0000AF
S31500005270E94F000010B50446034B044A04490FF0F9
S3150000528087F9204610BD00BF11660000F94F0000E7
S31500005290E94F000010B50446034B044A04490FF0D9
S315000052A077F9204610BD00BF99750000F94F000040
S315000052B0E94F000010B50446034B044A04490FF0B9
S315000052C067F9204610BD00BF05830000F94F0000B6
S315000052D0E94F000010B50446034B044A04490FF099
S315000052E057F9204610BD00BF75900000F94F000029
S315000052F0E94F000010B50446034B044A04490FF079
S3150000530047F9204610BD00BFE59D0000F94F00009B
S31500005310E94F00002DE9F04F1E4604469346C5B0FE
S3150000532032464F9B2EA8CDF86CB0FFF7D7FED4E9D6
S315000053300083A26804932E9BE06801922269002BE9
S3150000534005920393D4E9052525900E9540F38081B7
S31500005350DDE9304A0AFB04F3464232984FF0000C6E
S3150000536000FB03F301212693349B00FB0AFB0A93FF
S31500005370359B02900B93369B6D420C93379BDDF861
S3150000538040E10D93DDE939031D933B9B2F9F149359
S315000053903C9B0F9606933D9B129507933E9BE146D9
S315000053A008933F9B0993419B1E93429BCDF8A48093
S315000053B01C93439BE0461393409B1F902793389B77
S315000053C0289301FA06F33E46013BA94001391093A2
S315000053D05B1011934E454FEA6103274615915C46D3
S315000053E071461693E64640F30C81039B012B00F0B1
S315000053F02F81002F40F3FA80039B022B00F02881B7
S315000054002A9626460D463C464FF0000C3746734614
S315000054104046CDE92B18CDF8B4E0DDF89480DDF8F0
S31500005420A4E0CDF868A01A99002940F3CB8003992F
S31500005430032900F00D8101469A46AB460026CDE9C8
S315000054402034CDE9225024974E9B0BF1FF375D188F
S315000054501B9B0020CDE917BA03EB0A0400971991AC
S315000054604BE013F180434AF1000ADB0F43EA4A039B
S31500005470B8F1000F00F38D8018F11F0FC0F2E18024
S31500005480109F07EA030B119F07EBD37A0F9F3B414F
S31500005490D345C8BF01338A4200F0CC8081FB021A93
S315000054A0BAF1000FC0F2B08011F180414AF1000A52
S315000054B0C90F41EA4A010E9F002F6ADC1F37C0F26E
S315000054C0C080139F3D44149F3C44159F07EA010B7F
S315000054D0169F07EBD17A129F3941039FD345C8BF68
S315000054E00131042F40F0B4805B1AB3FA83F30099BC
S315000054F05B0901F8013F01300091029B83424FDDB9
S315000055000A9B4B4540F3A4800B9B9C4580F2A080F0
S315000055100C9BB34240F39C800D9B834240F39880E2
S31500005520049994F900300B440699494540F390805C
S3150000553007998C4580F28C800899B14240F38880A7
S315000055400999814240F38480059F95F9001003FA7A
S315000055500EF33944019F01FA0EF19F4264D0019F78
S3150000556083FB073ABAF1000FBFF67BAF394FDB1961
S315000055706AF1000ABAF1000F04DA6FF00047DB198E
S315000055804AF1000ADB0FB8F1000F43EA4A037FF73E
S3150000559073AF4FF4B371304B304A31482FF06CFE85
S315000055A0DDE917BA19999B441C9B013619441D9BCA
S315000055B09A441A9B9E42FFF647AFDDE92034DDE9A7
S315000055C02250249F1E990CF1010C08441F99A445F2
S315000055D03D440B44FFF627AFDDE92B183B46274633
S315000055E01C46DDF868A02A9EDDF8B4E0269B09F18A
S315000055F001091944279B4E459844289B9E443FF732
S31500005600F4AE45B0BDE8F08F124FC9196AF1000A31
S31500005610BAF1000F04DA6FF00047C9194AF1000A1F
S31500005620C90F41EA4A0146E7B3F1004F97D16FF03F
S3150000563000431DE7B2F1004F7FF430AF6FF0004139
S3150000564039E740F26711074B044A05482FF014FE6C
S3150000565034F010FC010000C090A5030068A403000C
S31500005660C4A4030058A403002DE9F04F0F69ADF55B
S315000056700F7D002F00F0EB8500220C4680460EF0D1
S31500005680AFFF21460122064640460EF0A9FF002242
S315000056902146054640460EF0BDFF0446314624A885
S315000056A00EF0D2FF29462AA80EF0CEFF214630A8DA
S315000056B00EF0CAFF002C00F0CA8529463046D4F801
S315000056C000900EF0B3FF80F00103307ADBB2421E89
S315000056D0082A0AD8DFE812F01700F2000900BB0218
S315000056E00900D10109000900A702D8F814402EF0DC
S315000056F033FF71490246337A4046A04701200DF533
S315000057000F7DBDE8F08F32680E92002B00F05385B6
S31500005710002D00F09C85286830AB0F902AAA24A99A
S315000057204CA8FFF7DBFCDDF830B1BBF1000F40F30E
S315000057308E854FF0000C4F9A4E9F509902FB07F34F
S3150000574001FB03F0619BE0464FEA830A599B6646DC
S31500005750CE464FEA83094D9B0D921993529B0C91AD
S315000057600893539B02FB01F20993549B0A93559BA2
S315000057700B93579B1393589B11935A9B04935B9BD4
S3150000578005935C9B06935D9B07935F9B1293609BBF
S3150000579010935E9B1A93569B1B93199B9E4280F215
S315000057A05482BBF1010F00F05285002F7CDDBBF166
S315000057B0020F00F04C85CDE91C08104663463A46B8
S315000057C04146744600250746CDE91ECE0D980028B1
S315000057D05BDDBBF1030F00F03A85A0468E469C4682
S315000057E00020CDE91442CDE9163118970F9A00230F
S315000057F002EB8E010E9A08F1FF3402EB8C0233E0C5
S31500005800089FBE4280F22385099FAF4240F31F8561
S315000058100A9F874240F31B850B9F9F4240F31785E3
S31500005820049F92ED007ABE4280F21185059FAF4239
S3150000583040F30D85069F874240F30985079F9F42E7
S3150000584040F30585BBF1040FD1ED007A4A4451447B
S3150000585040F0FD84B4EE677AF1EE10FA0CBF012732
S315000058600027013304F8017F0C9F9F42C8DC109B80
S3150000587001309E44119BB8449C440D9B9842B5DB75
S31500005880DDE91442DDE91631189F1298013501440D
S31500005890139895423C44034498DBDDE91C08DDE996
S315000058A01ECE3B4617461A461A9B013698441B9B4A
S315000058B086449C4471E700BFA0A50300326810929D
S315000058C0002B00F08F83002D00F0C184286830ABD8
S315000058D011902AAA24A962A8FFF700FCDDF888A186
S315000058E0BAF1000F40F3B384DDE964274FF0000CF2
S315000058F007FB02F36699CE4601FB03F31B93779BE6
S31500005900E0469B00E14615460D936F9B0F914FEACB
S31500005910830B689B639C0993699B01FB07F10A93C0
S315000059206A9B0B936B9B0C936D9B15936E9B1393CA
S31500005930709B0593719B0693729B0793739B0893C9
S31500005940759B1493769B1293749B1C936C9B1D936F
S315000059504C4540F37A81BAF1010F00F07884002DAE
S3150000596040F38280BAF1020F00F071841E940C4657
S31500005970634629464246704600262546CDE91FE87D
S31500005980CDF884C0002F5FDDBAF1030F00F05F840D
S315000059909846964684460024CDE91613CDE918208C
S315000059A01A95119A0CF1FF3502EB8E00109ACDF87C
S315000059B038E00023BE4602EB8801049531E0099ADF
S315000059C04A4540F344840A9AB24240F340840B9A13
S315000059D0A24240F33C840C9A9A4240F33884059FD5
S315000059E00A684F4540F33384069FB74240F32F843D
S315000059F0079FA74240F32B84089F9F4240F32784CA
S31500005A000D9DBAF1040F07685944284440F01F84DD
S31500005A10D21BB2FA82F2049D520905F8012F013316
S31500005A2004950F9A9A42CADC7746129BDDF838E055
S31500005A3001349E44139BBC4294449844B1DBDDE997
S31500005A401613DDE918201A9D149C01362244159C74
S31500005A508E422844234495DBDDE91FE82B460D469C
S31500005A6019461E9CDDF884C01B9B09F101099E4462
S31500005A701C9B98441D9B9C446AE732681092002B3D
S31500005A8000F0FE82002D00F0E283286830AB119012
S31500005A902AAA24A936A8FFF721FBDDF8D8A0BAF177
S31500005AA0000F40F3D483DDE938274FF0000C07FBE5
S31500005AB002F33A99CE46E046E146154601FB03F469
S31500005AC0379B0E911B933C9B01FB07F109933D9B72
S31500005AD00A933E9B0B933F9B0C93419B1593429BD2
S31500005AE01393439B0D93449B0593DDE945B30693BE
S31500005AF0479B0793499B14934A9B12934B9B08938E
S31500005B00489B1C93409B1D931B9B4B4540F39D80DC
S31500005B10BAF1010F00F09B83002D7CDDBAF1020F74
S31500005B2000F0958363464246704600260491CDE90F
S31500005B301EE4CDE9208C2946049D002F5CDDBAF1D8
S31500005B40030F00F084839846964684460024CDE9E8
S31500005B501612CDE918300F971A95119A0CF1FF35E8
S31500005B6002EB0E00109A002302EB0801049531E0C7
S31500005B70099A4A4540F36B830A9AB24240F3678317
S31500005B800B9AA24240F363830C9A9A4240F35F83D6
S31500005B90059F0A784F4540F35A83B34540F3578330
S31500005BA0069FA74240F35383079F9F4240F34F83CC
S31500005BB00D9F089DBAF1040F39440778284440F038
S31500005BC04683D21BB2FA82F2049D520905F8012FD0
S31500005BD0013304950E9A9A42CADC129B01349E4404
S31500005BE0139B944498440F9B9C42B6DBDDE9161246
S31500005BF01A9D1F46DDE91830149C01362244159C77
S31500005C008E422844234498DBDDE91EE4DDE9208C3E
S31500005C102B460D4619461C9B09F1010998441D9B0C
S31500005C20A6449C4470E73268002B00F0FB80002DF0
S31500005C3000F00D8330AB0193CDF808902C68384600
S31500005C402AAB24A90094FFF765FB002057E53268CC
S31500005C501292002B00F06182002D00F0F882286875
S31500005C6030AB13902AAA24A978A8FFF737FADDF8F3
S31500005C70E0B1BBF1000F40F3EA824E4600257B9A65
S31500005C80DDF8E8C17C9902FB0CF301FB03F31D93DD
S31500005C908D9B01FB02F9DB000D93859B11924FEA68
S31500005CA0C30A7E9BB64609937F9B66460A93809BF2
S31500005CB079980B93819B10910C93DDE983231593BF
S31500005CC0869B2F460693879BA8460793DDE9884364
S31500005CD008938B9BAC4616938C9B14938A9B1792C6
S31500005CE04A461E93829B0E941F934045ADDDBBF141
S31500005CF0010F00F0AC82002E40F38B80BBF1020F47
S31500005D0000F0A582209010463B4632466146744616
S31500005D1000250646CDE921EC23971198002869DD78
S31500005D20BBF1030F00F09382CDF814B09E468C466B
S31500005D3027460020D346CDE91814CDE91B361A9222
S31500005D40139A7C1E02EBCC01129A0023BA4602EB90
S31500005D50CE02CDF83CE0049435E0099E464540F37A
S31500005D6076820A9EAE4240F372820B9E864240F3D2
S31500005D706E820C9E9E4240F36A82D2E90097069E8E
S31500005D80464540F36482079EAE4240F360820E9E13
S31500005D90864240F35C82089E9E4240F35882D1E9D7
S31500005DA000E60D9C5A442144059C042C40F04F8289
S31500005DB0B74208BFF1450CBF01260026049C0133FB
S31500005DC004F8016F0494109C9C42C6DC5746149B51
S31500005DD0DDF83CE09C44159B01309E44119B274412
S31500005DE09842ADDBDDE91814DDE91B36DA461A9A6E
S31500005DF0DDF814B0169801350144179895423444DD
S31500005E0003448ADBDDE921EC334616461A46209820
S31500005E10239F1D9B08F101089E441E9B9C441F9BCB
S31500005E201F4462E7002D00F012823C682499049416
S31500005E307C682A9805943C698142D5F800B006949E
S31500005E40D7E9025CD7E9056740F00182002940F3F3
S31500005E5025820DF1900EF0462AA850F804AF58F8A6
S31500005E60044FA24540F0F38101339942F5D1309BAE
S31500005E70994240F0EC8124AB30A803EB810150F845
S31500005E80048F53F8044FA04540F0E1818B42F6D1D0
S31500005E9001205EF8043F8E4503FB00F0F9D103466E
S31500005EA0C017012B70F10000FFF6CFAE511ECB18C4
S31500005EB00C930123CCF100027842089203FA02F215
S31500005EC0013A834009F1FF3E03F1FF3953100A936B
S31500005ED04FEA69030BF1FF38079009920B9342E0F2
S31500005EE012F180424AF1000AD20F42EA4A02BCF19C
S31500005EF0000F00F3CC811CF11F0FC0F2C18109987D
S31500005F0000EA020B0A9800EBD27A08980241D345C0
S31500005F10C8BF01329E425FD086FB033ABAF1000F3A
S31500005F204ADB13F180434AF1000ADB0F43EA4A03D6
S31500005F30002F00F3AC8117F11F0FC0F2A1810B985F
S31500005F4009EA030B00EBD37A07980341D345C8BF90
S31500005F5001339B1AB3FA83F35B090EF8013F0C9BDE
S31500005F6099423FF472AE059B11F9012F04981A4429
S31500005F70069C18F9013F82402344954203FA00F338
S31500005F8014D085FB022ABAF1000FA9DAB448121818
S31500005F906AF1000ABAF1000F04DA6FF00040121835
S31500005FA04AF1000AD20F42EA4A02A0E7B5F1004FD1
S31500005FB0E7D16FF000429AE7A9481B186AF1000A78
S31500005FC0BAF1000F04DA6FF000401B184AF1000A1C
S31500005FD0DB0F43EA4A03ABE7B6F1004F9CD16FF003
S31500005FE00043A5E7002D00F03281249A2A982968FB
S31500005FF0824240F02C81002A40F33B8124A80546CA
S315000060002AAE56F8047F55F8044FA74240F01F8188
S3150000601001339A42F5D1309B9A4240F0188124AB65
S3150000602030AD03EB820255F8046F53F8044FA642D5
S3150000603040F00D819342F6D1012350F8044F90426F
S3150000604004FB03F3F9D1D817012B70F100001A46AF
S31500006050FFF6FBAD109B0439043B09F1FF3403EB5B
S31500006060820253F8040F51F8045F9342A0EB050037
S31500006070B0FA80F04FEA501004F8010FF1D1E4E5D0
S31500006080002D00F0E480249A2A982968824240F084
S31500006090DE80002A40F3E68024A805462AAE56F89C
S315000060A0047F55F8044FA74240F0D18001339A424D
S315000060B0F5D1309B9A4240F0CA8024AB30AD03EB59
S315000060C0820255F8046F53F8044FA64240F0BF8091
S315000060D09342F6D1012350F8044F904204FB03F398
S315000060E0F9D1D817012B70F100001A46FFF6ADADB5
S315000060F0109B0139013B09F1FF341A4413F8010FD3
S3150000610011F8015F9342A0EB0500B0FA80F04FEA68
S31500006110501004F8010FF1D197E5002D00F097809B
S31500006120249A2A982968824240F09180002A40F3F6
S31500006130908024A805462AAE56F8047F55F8044FE9
S31500006140A74240F0848001339A42F5D1309B9A42AF
S315000061507DD124AB30AD03EB820255F8046F53F8C2
S31500006160044FA64273D19342F7D1012350F8044F4E
S31500006170904204FB03F3F9D1D817012B70F100000C
S315000061801A46FFF662AD129B0839083B09F1FF304B
S3150000619003EBC20253F8087F51F8086F5D684C683C
S315000061A0A54208BFB7420CBF01240024934200F861
S315000061B0014FEFD149E5002D49D0249A2A98296844
S315000061C0824244D1002A3DDD24A805462AAE56F86F
S315000061D0047F55F8044FA74239D101339A42F6D1CC
S315000061E0309B9A4233D124AB30AD03EB820255F893
S315000061F0046F53F8044FA64229D19342F7D10123E5
S3150000620050F8044F904204FB03F3F9D1D817012B41
S3150000621070F100001A46FFF618AD0E9B09F1FF302B
S3150000622003EB8202B3EC017AF1EC017AB4EE677A01
S31500006230F1EE10FA0CBF012400249A4200F8014F37
S31500006240F0D102E5309B9A4208BF0122E5D033F037
S3150000625011FE309B9A4208BF012294D0F7E700BF97
S31500006260010000C0309B9A4208BF01223FF440AFB4
S31500006270EDE7309B9A4208BF01223FF4EBAEE6E71A
S3150000628040F26711094B0A4A0A482EF0F5FF4FF40F
S31500006290B371094B064A07482EF0EEFF309B994230
S315000062A008BF01233FF402AED1E700BF58A40300A4
S315000062B068A40300C4A4030090A503002DE9F04FD1
S315000062C01E4604469346C5B032464F9B2EA8CDF8CF
S315000062D06CB0FEF703FFD4E90083A26804932E9BFB
S315000062E0E06801922269002B05920393D4E9052503
S315000062F025900E9540F37F81DDE9304A0AFB04F3D1
S31500006300464232984FF0000C00FB03F3012126931E
S31500006310349B00FB0AFB0A93359B02900B93369B3A
S315000063206D420C93379BDDF840E10D93DDE93903AF
S315000063301D933B9B2F9F14933C9B0F9606933D9B6F
S31500006340129507933E9BE14608933F9B0993419B19
S315000063501E93429BCDF8A4801C93439BE046139367
S31500006360409B1F902793389B289301FA06F33E46DD
S31500006370013BA940013910935B1011934E454FEA3A
S315000063806103274615915C4671461693E64640F32F
S315000063900B81039B012B00F02E81002F40F3F98027
S315000063A0039B022B00F027812A9626460D463C4683
S315000063B04FF0000C374673464046CDE92B18CDF812
S315000063C0B4E0DDF89480DDF8A4E0CDF868A01A9971
S315000063D0002940F3CA800399032900F00C81014685
S315000063E09A46AB460026CDE92034CDE922502497C3
S315000063F04E9B0BF1FF375D181B9B0020CDE917BAAA
S3150000640003EB0A04009719914AE013F180434AF11D
S31500006410000ADB0F43EA4A03B8F1000F00F38C8051
S3150000642018F11F0FC0F2E080109F07EA030B119FBF
S3150000643007EBD37A0F9F3B41D345C8BF01338A424E
S3150000644000F0CB8081FB021ABAF1000FC0F2AF80D8
S3150000645011F180414AF1000AC90F41EA4A010E9F33
S31500006460002F69DC1F37C0F2BF80139F3D44149F85
S315000064703C44159F07EA010B169F07EBD17A129F42
S315000064803941039FD345C8BF0131042F40F0B38083
S315000064905B1A18BF01230099013001F8013F0091F2
S315000064A0029B83424FDD0A9B4B4540F3A4800B9B26
S315000064B09C4580F2A0800C9BB34240F39C800D9BD0
S315000064C0834240F39880049994F900300B4406996E
S315000064D0494540F3908007998C4580F28C80089955
S315000064E0B14240F388800999814240F38480059F38
S315000064F095F9001003FA0EF33944019F01FA0EF1E3
S315000065009F4264D0019F83FB073ABAF1000FBFF6A2
S315000065107CAF3A4FDB196AF1000ABAF1000F04DAD0
S315000065206FF00047DB194AF1000ADB0FB8F1000FE4
S3150000653043EA4A037FF774AF4FF4B371304B314AE5
S3150000654031482EF099FEDDE917BA19999B441C9B38
S31500006550013619441D9B9A441A9B9E42FFF648AF8A
S31500006560DDE92034DDE92250249F1E990CF1010C4F
S3150000657008441F99A4453D440B44FFF628AFDDE9C6
S315000065802B183B4627461C46DDF868A02A9EDDF8F8
S31500006590B4E0269B09F101091944279B4E4598440E
S315000065A0289B9E443FF7F5AE45B0BDE8F08F134FEC
S315000065B0C9196AF1000ABAF1000F04DA6FF0004750
S315000065C0C9194AF1000AC90F41EA4A0147E7B3F17E
S315000065D0004F97D16FF000431EE7B2F1004F7FF4F2
S315000065E031AF6FF000413AE740F26711074B054AB9
S315000065F005482EF041FE33F03DFC00BF010000C00F
S3150000660090A5030068A40300C4A4030058A40300D3
S315000066102DE9F04F0F69ADF5117D002F00F0DC85F7
S3150000662000220C4680460DF0DBFF2146012206467D
S3150000663040460DF0D5FF00222146054640460DF0A6
S31500006640E9FF0446314626A80DF0FEFF29462CA890
S315000066500DF0FAFF214632A80DF0F6FF002C00F0EF
S31500006660BB852946304624680DF0E0FF80F0010323
S31500006670307ADBB2421E082A0AD8DFE812F0170089
S31500006680F1000900B5020900CF0109000900A202C4
S31500006690D8F814402DF060FF70490246337A404620
S315000066A0A04701200DF5117DBDE8F08F32680F92ED
S315000066B0002B00F04685002D00F08E85286832AB51
S315000066C010902CAA26A94EA8FEF708FDDDF838B1D1
S315000066D0BBF1000F40F380854FF0000C519A509F9C
S315000066E0529902FB07F301FB03F0639BA6464FEAB0
S315000066F0830A5B9BE04666464FEA83094F9B0E92F0
S315000067001A93549B0D910993559B02FB01F20A9330
S31500006710569B0B93579B0C93599B14935A9B12931E
S315000067205C9B05935D9B06935E9B07935F9B08931B
S31500006730619B1393629B1193609B1B93589B1C93C5
S315000067401A9B9E4280F24E82BBF1010F00F04485F7
S31500006750002F7CDDBBF1020F00F03E85CDE91D0860
S31500006760104663463A464146744600250746CDE93B
S315000067701FCE0E9800285BDDBBF1030F00F02C85C1
S31500006780A0468E469C460020CDE91542CDE917313C
S315000067901997109A002302EB8E010F9A08F1FF3425
S315000067A002EB8C0233E0099FBE4280F215850A9FF8
S315000067B0AF4240F311850B9F874240F30D850C9F36
S315000067C09F4240F30985059F92ED007ABE4280F212
S315000067D00385069FAF4240F3FF84079F874240F33D
S315000067E0FB84089F9F4240F3F784BBF1040FD1ED71
S315000067F0007A4A44514440F0EF84B4EE677AF1EEF1
S3150000680010FA14BF01270027013304F8017F0D9FFA
S315000068109F42C8DC119B01309E44129BB8449C44A5
S315000068200E9B9842B5DBDDE91542DDE91731199F6C
S31500006830139801350144149895423C44034498DB6F
S31500006840DDE91D08DDE91FCE3B4617461A461B9BB0
S31500006850013698441C9B86449C4471E7A0A503001E
S3150000686032681192002B00F08D83002D00F0B48465
S31500006870286832AB12902CAA26A964A8FEF72EFC33
S31500006880DDF890A1BAF1000F40F3A684DDE9662792
S315000068904FF0000C07FB02F36899E04601FB03F397
S315000068A01C93799BE1469B0015460E93719B1091B4
S315000068B04FEA830B6A9BA6460A936B9B659C0B93D8
S315000068C06C9B01FB07F10C936D9B0D936F9B1693CD
S315000068D0709B1493729B0693739B0793749B089308
S315000068E0759B0993779B1593789B1393769B1D93C2
S315000068F06E9B1E934C4540F37581BAF1010F00F073
S315000069006B84002D40F38180BAF1020F00F064849D
S315000069101F940C4663462946424670460026254685
S31500006920CDE920E8CDF888C0002F5EDDBAF1030F6F
S3150000693000F052849846964684460024CDE9171303
S31500006940CDE919201B95129A0CF1FF3502EB8E004A
S31500006950119ACDF83CE00023BE4602EB880105956E
S3150000696030E00A9A4A4540F337840B9AB24240F324
S3150000697033840C9AA24240F32F840D9A9A4240F334
S315000069802B84069F0A684F4540F32684079FB7422B
S3150000699040F32284089FA74240F31E84099F9F422A
S315000069A040F31A840E9DBAF1040F0768594428442F
S315000069B040F01284D21B18BF0122059D013305F851
S315000069C0012F0595109A9A42CBDC7746139BDDF88A
S315000069D03CE001349E44149BBC4294449844B2DB90
S315000069E0DDE91713DDE919201B9D159C01362244AC
S315000069F0169C8E422844234496DBDDE920E82B468C
S31500006A000D4619461F9CDDF888C01C9B09F101093B
S31500006A109E441D9B98441E9B9C446BE732681192D2
S31500006A20002B00F0F982002D00F0D683286832ABE7
S31500006A3012902CAA26A938A8FEF750FBDDF8E0A094
S31500006A40BAF1000F40F3C883DDE93A274FF0000C96
S31500006A5007FB02F33C99E046E1461546A64601FBD4
S31500006A6003F4399B0F911C933E9B01FB07F10A939C
S31500006A703F9B0B93409B0C93419B0D93439B16931B
S31500006A80449B1493459B0E93469B0693DDE947B3BF
S31500006A900793499B08934B9B15934C9B13934D9BD4
S31500006AA009934A9B1D93429B1E931C9B4B4540F3A7
S31500006AB09980BAF1010F00F08F83002D79DDBAF1CC
S31500006AC0020F00F089836346424670460026059110
S31500006AD0CDE91FE4CDE9218C2946059D002F59DD1E
S31500006AE0BAF1030F00F07883984696468446002450
S31500006AF0CDE91712CDE9193010971B95129A0CF1B2
S31500006B00FF3502EB0E00119A002302EB08010595F2
S31500006B102EE00A9A4A4540F35F830B9AB24240F34D
S31500006B205B830C9AA24240F357830D9A9A4240F334
S31500006B305383069F0A784F4540F34E83B34540F38F
S31500006B404B83079FA74240F34783089F9F4240F32A
S31500006B5043830E9F099DBAF1040F394407782844F0
S31500006B6040F03A83059D7A4005F8012F05950133DB
S31500006B700F9A9A42CDDC139B01349E44149B944495
S31500006B809844109B9C42B9DBDDE917121B9D1F46FA
S31500006B90DDE91930159C01362244169C8E422844A4
S31500006BA023449BDBDDE91FE4DDE9218C2B460D4602
S31500006BB019461D9B09F1010998441E9BA6449C4455
S31500006BC073E73268002B00F0FE80002D00F004838E
S31500006BD032AB019302942C6838462CAB26A900945C
S31500006BE0FFF76CFB00205DE532681E92002B00F07B
S31500006BF05B82002D00F0F082286832AB14902CAA3C
S31500006C0026A97AA8FEF76AFA7A9B002B059340F329
S31500006C10E3827B9A7D9B1F921A467C987E9903FBA2
S31500006C2000F301FB03FC8F9B00264FEAC30B879BF7
S31500006C3001FB02F54FEAC30A1346809A12910B92A2
S31500006C40819AA6460C92829A64460D92839AB04621
S31500006C500E92DDE9852116918899B14607918999A9
S31500006C601F4608918A99B44609918B990A918D9984
S31500006C7017918E9915918C99209118922A4605465E
S31500006C808499CDE90FBADDF814A021911F9B4B45DD
S31500006C90A8DDBAF1010F00F09F82002D40F38B8032
S31500006CA0BAF1020F00F09882934663462A4641469F
S31500006CB0704600265D46CDE922E4CDE9248C002FFE
S31500006CC06ADDBAF1030F00F0878298468E46844645
S31500006CD00024CDE91910CDE91C35CDF818A0DDF852
S31500006CE078A013971B92149A0CF1FF3502EBCE0194
S31500006CF000230AEBC802CDF84480059536E00B98D0
S31500006D00484540F369820C98B04240F365820D987D
S31500006D10A04240F361820E98984240F35D82D2E928
S31500006D200008079F4F4540F35782089FB74240F33C
S31500006D305382099FA74240F34F820A9F9F4240F326
S31500006D404B82109F0F9D3A44D1E900B72944069D16
S31500006D50042D40F04182B84508BF584514BF0120B4
S31500006D600020059D013305F8010F059512989842FC
S31500006D70C5DC159BDDF844809E44169B013498447F
S31500006D80139B84449C42AEDBDDE919101B9ADDF8A7
S31500006D9018A01F46DDE91C35179C01362144189CB6
S31500006DA09642284423448ADBDDE922E4DDE9248C8B
S31500006DB02B4615461A46209B09F101099844219B4A
S31500006DC0A6449C4462E7002D00F00682D5F800B088
S31500006DD03D6826992C983E6905957D688142069501
S31500006DE00796D7E9025CD7E9056740F0F5810029E7
S31500006DF040F319820DF1980EF0462CA850F804AF16
S31500006E0058F8049FCA4540F0E78101339942F5D10D
S31500006E10329B994240F0E08126AB32A803EB810118
S31500006E2050F8049F53F8048FC14540F0D5818B423A
S31500006E30F6D101205EF8043F8E4503FB00F0F9D140
S31500006E400346C017012B70F10000FFF6CBAE511EB2
S31500006E50CB180D930123CCF100027842099203FA74
S31500006E6002F2013A834003F1FF3953100B934FEAC4
S31500006E7069030BF1FF3804F1FF3E08900A920C9368
S31500006E8041E012F180424AF1000AD20F42EA4A0278
S31500006E90BCF1000F00F3C0811CF11F0FC0F2B581D9
S31500006EA00A9800EA020B0B9800EBD27A0998024185
S31500006EB0D345C8BF01329E425ED086FB033ABAF183
S31500006EC0000F49DB13F180434AF1000ADB0F43EA66
S31500006ED04A03002F00F3A08117F11F0FC0F295811E
S31500006EE00C9809EA030B00EBD37A08980341D345C3
S31500006EF0C8BF01339B1A18BF01230EF8013F0D9B33
S31500006F0099423FF46FAE069B11F9012F05981A447A
S31500006F10079C18F9013F82402344954203FA00F387
S31500006F2014D085FB022ABAF1000FAADAB248121869
S31500006F306AF1000ABAF1000F04DA6FF00040121885
S31500006F404AF1000AD20F42EA4A02A1E7B5F1004F20
S31500006F50E7D16FF000429BE7A7481B186AF1000AC9
S31500006F60BAF1000F04DA6FF000401B184AF1000A6C
S31500006F70DB0F43EA4A03ACE7B6F1004F9DD16FF051
S31500006F800043A6E7002D00F02781269A2C98296851
S31500006F90824240F02181002A40F3308126A805462E
S31500006FA02CAE56F804CF55F8047FBC4540F014814A
S31500006FB001339A42F5D1329B9A4240F00D8126ABBD
S31500006FC032AD03EB820255F8047F53F8046FB742E3
S31500006FD040F002819342F6D1012350F8045F9042BB
S31500006FE005FB03F3F9D1D817012B70F100001A46FF
S31500006FF0FFF6F8AD119B0439043B013C03EB82021A
S3150000700053F8040F51F8045F401B18BF0120934248
S3150000701004F8010FF4D1E5E5002D00F0DD80269A95
S315000070202C982968824240F0D780002A40F3DC8001
S3150000703026A805462CAE56F804CF55F8047FBC4565
S3150000704040F0CA8001339A42F5D1329B9A4240F011
S31500007050C38026AB32AD03EB820255F8047F53F8AA
S31500007060046FB74240F0B8809342F6D1012350F83E
S31500007070045F904205FB03F3F9D1D817012B70F199
S3150000708000001A46FFF6AEAD119B0139013B013CEB
S315000070901A4413F8010F11F8015F934280EA0500C4
S315000070A004F8010FF5D19DE5002D00F09580269A94
S315000070B02C982968824240F08F80002A40F38E8007
S315000070C026A884462CAE56F8047F5CF8045FAF42CF
S315000070D040F0828001339A42F5D1329B9A427BD1AD
S315000070E026AB32AD03EB820255F8047F53F8046FEA
S315000070F0B74271D19342F7D1012350F8045F904211
S3150000710005FB03F3F9D1D817012B70F100001A46DD
S31500007110FFF668AD1E9B0839083B013C03EBC20233
S3150000712053F8080F51F8087F5E684D68AE4208BFF5
S31500007130B84214BF01200020934204F8010FEFD19A
S3150000714050E5002D48D0269A2C982968824243D1D2
S31500007150002A3CDD26A805462CAE56F804CF55F885
S31500007160047FBC4538D101339A42F6D1329B9A420C
S3150000717032D126AB32AD03EB820255F8047F53F8C9
S31500007180046FB74228D19342F7D1012350F8045F28
S31500007190904205FB03F3F9D1D817012B70F10000DB
S315000071A01A46FFF61FAD0F9B601E03EB8202B3EC7F
S315000071B0017AF1EC017AB4EE677AF1EE10FA14BFB7
S315000071C0012400249A4200F8014FF0D10AE5329BCF
S315000071D09A4208BF0122E6D032F04CFE329B9A4218
S315000071E008BF012296D0F7E7329B9A4208BF0122D8
S315000071F03FF44AAFF0E700BF010000C0329B9A425D
S3150000720008BF01223FF4F6AEE6E740F26711094BEC
S31500007210094A0A482EF030F84FF4B371084B064A73
S3150000722006482EF029F8329B994208BF01233FF405
S315000072300EAED1E758A4030068A40300C4A403005B
S3150000724090A503002DE9F04F1E4604469346C5B0AF
S3150000725032464F9B2EA8CDF86CB0FDF73FFFD4E920
S315000072600083A26804932E9BE06801922269002B9A
S3150000727005920393D4E9052525900E9540F3808168
S31500007280DDE9304A0AFB04F3464232984FF0000C1F
S3150000729000FB03F301212693349B00FB0AFB0A93B0
S315000072A0359B02900B93369B6D420C93379BDDF812
S315000072B040E10D93DDE939031D933B9B2F9F14930A
S315000072C03C9B0F9606933D9B129507933E9BE1468A
S315000072D008933F9B0993419B1E93429BCDF8A48044
S315000072E01C93439BE0461393409B1F902793389B28
S315000072F0289301FA06F33E46013BA9400139109353
S315000073005B1011934E454FEA6103274615915C4683
S3150000731071461693E64640F30C81039B012B00F061
S315000073202F81002F40F3FA80039B022B00F0288167
S315000073302A9626460D463C464FF0000C37467346C5
S315000073404046CDE92B18CDF8B4E0DDF89480DDF8A1
S31500007350A4E0CDF868A01A99002940F3CB800399E0
S31500007360032900F00D8101469A46AB460026CDE979
S315000073702034CDE9225024974E9B0BF1FF375D1840
S315000073801B9B0020CDE917BA03EB0A04009719915D
S315000073904BE013F180434AF1000ADB0F43EA4A034C
S315000073A0B8F1000F00F38D8018F11F0FC0F2E180D5
S315000073B0109F07EA030B119F07EBD37A0F9F3B4100
S315000073C0D345C8BF01338A4200F0CC8081FB021A44
S315000073D0BAF1000FC0F2B08011F180414AF1000A03
S315000073E0C90F41EA4A010E9F002F6ADC1F37C0F21F
S315000073F0C080139F3D44149F3C44159F07EA010B30
S31500007400169F07EBD17A129F3941039FD345C8BF18
S315000074100131042F40F0B4808B42D4BF00230123F6
S315000074200099013001F8013F0091029B83424FDD34
S315000074300A9B4B4540F3A4800B9B9C4580F2A080A1
S315000074400C9BB34240F39C800D9B834240F3988093
S31500007450049994F900300B440699494540F390800D
S3150000746007998C4580F28C800899B14240F3888058
S315000074700999814240F38480059F95F9001003FA2B
S315000074800EF33944019F01FA0EF19F4264D0019F29
S3150000749083FB073ABAF1000FBFF67BAF394FDB1912
S315000074A06AF1000ABAF1000F04DA6FF00047DB193F
S315000074B04AF1000ADB0FB8F1000F43EA4A037FF7EF
S315000074C073AF4FF4B371304B304A31482DF0D4FED0
S315000074D0DDE917BA19999B441C9B013619441D9B7B
S315000074E09A441A9B9E42FFF647AFDDE92034DDE958
S315000074F02250249F1E990CF1010C08441F99A445A3
S315000075003D440B44FFF627AFDDE92B183B462746E3
S315000075101C46DDF868A02A9EDDF8B4E0269B09F13A
S3150000752001091944279B4E459844289B9E443FF7E2
S31500007530F4AE45B0BDE8F08F124FC9196AF1000AE2
S31500007540BAF1000F04DA6FF00047C9194AF1000AD0
S31500007550C90F41EA4A0146E7B3F1004F97D16FF0F0
S3150000756000431DE7B2F1004F7FF430AF6FF00041EA
S3150000757039E740F26711074B044A05482DF07CFEB7
S3150000758032F078FC010000C090A5030068A4030057
S31500007590C4A4030058A403002DE9F04F0F69F9B005
S315000075A0002F00F0D68400220C4680460DF018F815
S315000075B021460122064640460DF012F800222146D9
S315000075C0054640460DF026F80446314624A80DF03F
S315000075D03BF829462AA80DF037F8214630A80DF0C9
S315000075E033F8002C00F0B5842946304624680DF0A7
S315000075F01DF880F00103307ADBB2421E082A0AD851
S31500007600DFE812F0B902D8010900E100090009001B
S31500007610090009001600D8F814402CF09DFFAB496C
S315000076200246337A4046A047012079B0BDE8F08F84
S315000076303268002B40F05B84002D00F08A84D5F878
S3150000764000B03D6824992A983E6904957D68814278
S3150000765005950696D7E9025CD7E9056740F0798477
S31500007660002940F386840DF1900EF0462AA850F8C2
S3150000767004AF58F8049FCA4540F06B840133994221
S31500007680F5D1309B994240F0648424AB30A803EBDB
S31500007690810150F8049F53F8048FC14540F0598486
S315000076A08B42F6D101205EF8043F8E4503FB00F0C5
S315000076B0F9D10346C017012B70F10000C0F27681A4
S315000076C0511ECB180C930123CCF10002784208928C
S315000076D003FA02F2013A834003F1FF3953100A9389
S315000076E04FEA69030BF1FF3804F1FF3E0790099258
S315000076F00B9344E013F180434AF1000ADB0F43EA9F
S315000077004A03BCF1000F00F32D841CF11F0FC0F2D9
S315000077102284099800EA030B0A9800EBD37A0898AA
S315000077200341D345C8BF0133964200F0058486FB6A
S31500007730022ABAF1000FC0F2EF8312F180424AF139
S31500007740000AD20F42EA4A02002F00F30B8417F117
S315000077501F0FC0F200840B9809EA020B00EBD27AE5
S3150000776007980241D345C8BF01329342D4BF0023D4
S3150000777001230EF8013F0C9B994200F01781059AF0
S3150000778011F9013F04981344069C18F9012F834010
S3150000779022449D4202FA00F200F0B68383FB053ACA
S315000077A0BAF1000FA6DA4A481B186AF1000ABAF1C4
S315000077B0000F04DA6FF000401B184AF1000ADB0FD5
S315000077C043EA4A039DE7D6F80090002B00F0458374
S315000077D0002D00F0BE8330AB2AAA24A962A8D5F8F2
S315000077E000A0FDF77BFC629B002B0A9340F3B1835C
S315000077F0DDE9646808FB06F3DDF898B1A4460BFBE7
S3150000780003F31D93779B639ADB0014936F9B00240D
S31500007810DB001593689BA6461093699B254611933A
S315000078206A9B0BFB08F112936B9B13936D9B17934B
S315000078306E9B0993709B0C93719B0D93729B0E9399
S31500007840739B0F93759B1693769B0893749B0B946F
S315000078501E936C9B1F936346B4461E460B9B934236
S3150000786080F2A4800A9B012B00F07383BCF1000F09
S3150000787040F38F800A9B022B00F06B8320920A460E
S3150000788023466146284637464FF0000E9446CDE91A
S3150000789021652394B8F1000F6BDD0A9A032A00F0E4
S315000078A058831E4605463C460022CDE91817CDE909
S315000078B01A03CDF870C0671ED4460AEBC500002334
S315000078C0A24609EBC601049741E000BFA0A503004C
S315000078D0010000C00B9C109FBC4280F23A83119FAE
S315000078E0774540F33683129F974240F33283139FC6
S315000078F09F4240F32E830F6805974F6806970C9FAB
S31500007900BC4280F226830D9C744540F322830E9C74
S31500007910944240F31E830F9C9C4240F31A83159CAD
S315000079202144D0E900470797149F38440A9F042F43
S3150000793040F00F83059F0133BC42DDE90647A741AE
S31500007940B4BF01240024049F07F8014F04979B4508
S31500007950C0DC5446089B01321D44099B4245E24661
S315000079605C441E44A7DBDDE91817DDE91A03DDF8E0
S3150000797070C0169A0EF1010E1044179A8E45674490
S31500007980134487DBDDE9216563468C461946209A58
S31500007990239C0B9B01330B931D9B1E441E9B1D4476
S315000079A01F9B1C440B9B9342FFF65CAF002079B0F3
S315000079B0BDE8F08FD6F800B0002B00F00382002D52
S315000079C000F0C782286830AB06902AAA24A94CA8E2
S315000079D0FDF784FB4C9B002B099340F3BA822646A5
S315000079E0DDE94E4808FB04F3DDF840914D9A09FBAA
S315000079F003F31B93619B00259B001293599B2F4613
S31500007A009B001393529BAA460E93539B09FB08F1C6
S31500007A100F93549B1093559B1193579B1593589B0B
S31500007A2008935A9B0A935B9B0B935C9B0C935D9B01
S31500007A300D935F9B1493609B07935E9B1C93569BD1
S31500007A401D935B46A3461C465245AFDD099B012BA1
S31500007A5000F07F82BBF1000F40F38480099B022B6C
S31500007A6000F077821E920A462B4659463846B4469F
S31500007A704FF0000E9346CDE91F672195B8F1000F30
S31500007A8060DD099A032A00F06482CDE9190B1F46CE
S31500007A90064600224546A346CDE91613CDF860C03A
S31500007AA00699002301EB86000CF1FF380BEB8701EA
S31500007AB0049534E00E9C544540F34B820F9C74456C
S31500007AC040F34782109C944240F34382119C9C42AF
S31500007AD040F33F820A9C0D685445059540F3398270
S31500007AE00B9C744540F335820C9C944240F33182E2
S31500007AF00D9C9C4240F32D82139C2144046825462C
S31500007B00129C2044099C042C40F023822C46059D9F
S31500007B100133A542D4BF0024012408F8014F99453A
S31500007B20C8DC079B049D01321E44089BAA42CC4434
S31500007B301F44B5DBDDE91613DDE918C0A8465C462F
S31500007B40DDF868B0149A0EF1010E1044159A8E45B0
S31500007B50DC44134492DBDDE91F675B468B4619461E
S31500007B601E9A219D1B9B0AF1010A1E441C9B1F4461
S31500007B701D9B1D4468E7D6F800B0002B00F0D780A7
S31500007B80002D00F0E681286830AB05902AAA24A9CA
S31500007B9036A8FDF7A3FA369B002B089340F3D9814C
S31500007BA0DDE9388A254600240AFB08F33A9F264673
S31500007BB007FB03F24B9BA1469B001193439B07FBDC
S31500007BC00AF19B001293379B1A933C9B0D933D9BA6
S31500007BD00E933E9B0F933F9B1093419B1493429BA6
S31500007BE00793449B0993459B0A93469B0B93479B9C
S31500007BF00C93499B13934A9B0693489B1C93409B6B
S31500007C001B931A9B4B457FF7D1AE089B012B00F0C7
S31500007C10A081B8F1000F40F38280089B022B00F090
S31500007C209881CDE91F260A4630464146AC46234692
S31500007C304FF0000E9046CDE91D45BAF1000F5EDD0E
S31500007C40089A032A00F08581664605461C460022EE
S31500007C50CDE91513CDE917C819900599002301EB55
S31500007C60850006F1FF3C0BEB8401049437E00D9C84
S31500007C704C4540F36E810E9C744540F36A810F9C1F
S31500007C80944240F36681109CA34280F26281099C73
S31500007C9091ED007A4C4540F35C810A9C744540F3B3
S31500007CA058810B9C944240F354810C9CA34280F271
S31500007CB05081129CD0ED007A2144119C2044089CEE
S31500007CC0042C40F04681B4EEE77AF1EE10FACCBF10
S31500007CD04FF001084FF0000801330CF8018FBB424A
S31500007CE0C5DB069B049C01321D44079B52453E445E
S31500007CF01C44B2DBDDE91513DDE917C81998139AA0
S31500007D000EF1010E1044149A8E45C444134494DBBC
S31500007D10DDE91D45DDE91F264346884619461C9BBD
S31500007D2009F101091E441B9B15441C4469E7002DFB
S31500007D3000F00F81249A2A982968824240F009812E
S31500007D40002A40F3008124A805462AAE56F804CF3F
S31500007D5055F8047FBC4540F0FC8001339A42F5D1CA
S31500007D60309B9A4240F0F58024AB30AD03EB8202A3
S31500007D7055F8047F53F8046FB74240F0EA80934207
S31500007D80F6D1012350F8045F904205FB03F3F9D1C5
S31500007D90DA17012B72F10002FFF608AE0A460BEB6A
S31500007DA08303611EBBEC017AF2EC017AB4EEE77A4A
S31500007DB0F1EE10FACCBF012000205B4501F8010F5F
S31500007DC0F0D1F3E5002D00F0C480249A2A982968A2
S31500007DD0824240F0BE80002A40F3D88024A805469F
S31500007DE02AAE56F804CF55F8047FBC4540F0B18062
S31500007DF001339A42F5D1309B9A4240F0AA8024ABD7
S31500007E0030AD03EB820255F8047F53F8046FB74296
S31500007E1040F09F809342F6D1012350F8045F9042D0
S31500007E2005FB03F3F9D1D817012B70F100001A46B0
S31500007E30FFF6BCADABF104030439013C03EB82024F
S31500007E4053F8040F51F8045FA842D4BF0020012064
S31500007E50934204F8010FF3D1A8E5002D79D0249AB6
S31500007E602A982968824274D1002A40F3898024A87E
S31500007E7005462AAE56F804CF55F8047FBC4568D1AE
S31500007E8001339A42F6D1309B9A4262D124AB30AD8F
S31500007E9003EB820255F8047F53F8046FB74258D1BA
S31500007EA09342F7D1012350F8045F904205FB03F398
S31500007EB0F9D1DA17012B72F10002FFF677ADA9F1BD
S31500007EC00809A1F1080209EBC303611E59F8080F5E
S31500007ED052F8084F84425068D9F80440A041B4BF14
S31500007EE001200020994501F8010FEFD15EE585B329
S31500007EF030AB019302942C6838462AAB24A900942F
S31500007F00FFF7A0F9002052E5B5F1004F7FF446AC2B
S31500007F106FF00043FFF7F5BB204812186AF1000A1C
S31500007F20BAF1000F04DA6FF0004012184AF1000AA5
S31500007F30D20F42EA4A0207E4B6F1004F7FF4F7ABEC
S31500007F406FF0004200E4309B9A4208BF01233FF4E1
S31500007F5025AF31F08FFF40F26711114B114A1248DD
S31500007F602DF08AF94FF4B371104B0E4A0E482DF0DE
S31500007F7083F9309B994208BF01233FF4A1ABE8E7A0
S31500007F80309B9A4208BF012399D0E2E7309B9A4280
S31500007F9008BF01223FF44EAFDBE700BF010000C07F
S31500007FA058A4030068A40300C4A4030090A503001A
S31500007FB02DE9F04F1E4604469346C5B032464F9B08
S31500007FC02EA8CDF86CB0FDF789F8D4E90083A26835
S31500007FD004932E9BE06801922269002B059203937D
S31500007FE0D4E9052525900E9540F38081DDE9304AD8
S31500007FF00AFB04F3464232984FF0000C00FB03F3F1
S3150000800001212693349B00FB0AFB0A93359B0290C1
S315000080100B93369B6D420C93379BDDF840E10D9335
S31500008020DDE939031D933B9B2F9F14933C9B0F96D1
S3150000803006933D9B129507933E9BE14608933F9B13
S315000080400993419B1E93429BCDF8A4801C93439BAE
S31500008050E0461393409B1F902793389B289301FA81
S3150000806006F33E46013BA940013910935B1011937C
S315000080704E454FEA6103274615915C4671461693B5
S31500008080E64640F30C81039B012B00F02F81002F65
S3150000809040F3FA80039B022B00F028812A9626469D
S315000080A00D463C464FF0000C374673464046CDE938
S315000080B02B18CDF8B4E0DDF89480DDF8A4E0CDF817
S315000080C068A01A99002940F3CB800399032900F090
S315000080D00D8101469A46AB460026CDE92034CDE90E
S315000080E0225024974E9B0BF1FF375D181B9B0020F7
S315000080F0CDE917BA03EB0A04009719914BE013F187
S3150000810080434AF1000ADB0F43EA4A03B8F1000F45
S3150000811000F38D8018F11F0FC0F2E180109F07EA6F
S31500008120030B119F07EBD37A0F9F3B41D345C8BF83
S3150000813001338A4200F0CC8081FB021ABAF1000FAB
S31500008140C0F2B08011F180414AF1000AC90F41EA3C
S315000081504A010E9F002F6ADC1F37C0F2C080139FB2
S315000081603D44149F3C44159F07EA010B169F07EBFD
S31500008170D17A129F3941039FD345C8BF0131042FDD
S3150000818040F0B4808B42B4BF002301230099013034
S3150000819001F8013F0091029B83424FDD0A9B4B454C
S315000081A040F3A4800B9B9C4580F2A0800C9BB342BD
S315000081B040F39C800D9B834240F39880049994F988
S315000081C000300B440699494540F3908007998C4549
S315000081D080F28C800899B14240F3888009998142E7
S315000081E040F38480059F95F9001003FA0EF3394495
S315000081F0019F01FA0EF19F4264D0019F83FB073A6B
S31500008200BAF1000FBFF67BAF394FDB196AF1000AEE
S31500008210BAF1000F04DA6FF00047DB194AF1000AE1
S31500008220DB0FB8F1000F43EA4A037FF773AF4FF451
S31500008230B371304B304A31482DF01EF8DDE917BADC
S3150000824019999B441C9B013619441D9B9A441A9B01
S315000082509E42FFF647AFDDE92034DDE92250249F38
S315000082601E990CF1010C08441F99A4453D440B448A
S31500008270FFF627AFDDE92B183B4627461C46DDF8FF
S3150000828068A02A9EDDF8B4E0269B09F1010919448D
S31500008290279B4E459844289B9E443FF7F4AE45B035
S315000082A0BDE8F08F124FC9196AF1000ABAF1000F42
S315000082B004DA6FF00047C9194AF1000AC90F41EA0A
S315000082C04A0146E7B3F1004F97D16FF000431DE72F
S315000082D0B2F1004F7FF430AF6FF0004139E740F262
S315000082E06711074B044A05482CF0C6FF31F0C2FD62
S315000082F0010000C090A5030068A40300C4A4030005
S3150000830058A403002DE9F04F0F69FBB0002F00F0D1
S31500008310D98400220C4680460CF062F921460122DF
S31500008320064640460CF05CF90022214605464046CA
S315000083300CF070F90446314626A80CF085F929465A
S315000083402CA80CF081F9214632A80CF07DF9002CFE
S3150000835000F0B8842946304624680CF067F980F0AE
S315000083600103307ADBB2421E082A0AD8DFE812F08F
S31500008370BB02DA010900E100090009000900090051
S315000083801600D8F814402CF0E7F8AB490246337AC9
S315000083904046A04701207BB0BDE8F08F3268002B35
S315000083A040F05D84002D00F08D84D5F800B03D6866
S315000083B026992C983E6905957D6881420695079613
S315000083C0D7E9025CD7E9056740F07C84002940F3D1
S315000083D089840DF1980EF0462CA850F804AF58F891
S315000083E0049FCA4540F06E8401339942F5D1329B11
S315000083F0994240F0678426AB32A803EB810150F81E
S31500008400049F53F8048FC14540F05C848B42F6D13B
S3150000841001205EF8043F8E4503FB00F0F9D10346C8
S31500008420C017012B70F10000C0F27881511ECB18E5
S315000084300D930123CCF100027842099203FA02F26D
S31500008440013A834003F1FF3953100B934FEA690356
S315000084500BF1FF3804F1FF3E08900A920C9344E0BA
S3150000846013F180434AF1000ADB0F43EA4A03BCF1E9
S31500008470000F00F330841CF11F0FC0F225840A9808
S3150000848000EA030B0B9800EBD37A09980341D34516
S31500008490C8BF0133964200F0078486FB022ABAF170
S315000084A0000FC0F2F18312F180424AF1000AD20FA6
S315000084B042EA4A02002F00F30E8417F11F0FC0F2A2
S315000084C003840C9809EA020B00EBD27A0898024161
S315000084D0D345C8BF01329342B4BF002301230EF82F
S315000084E0013F0D9B994200F01981069A11F9013F4F
S315000084F005981344079C18F9012F834022449D4296
S3150000850002FA00F200F0B88383FB053ABAF1000FD5
S31500008510A6DA4A481B186AF1000ABAF1000F04DA13
S315000085206FF000401B184AF1000ADB0F43EA4A03CA
S315000085309DE7D6F80090002B00F04783002D00F051
S31500008540C18332AB2CAA26A964A8D5F800A0FCF7F3
S31500008550C5FD649B002B0C9340F3B483DDE966688C
S3150000856008FB06F3DDF8A0B1A4460BFB03F31F934B
S31500008570799B659ADB001693719B0024DB001793A9
S315000085806A9BA64612936B9B254613936C9B0BFB2B
S3150000859008F114936D9B15936F9B1993709B0B9326
S315000085A0729B0E93739B0F93749B1093759B119301
S315000085B0779B1893789B0A93769B0D9420936E9BDA
S315000085C021936346B4461E460D9B934280F2A680D5
S315000085D00C9B012B00F07683BCF1000F40F39180D9
S315000085E00C9B022B00F06E8322920A4623466146BC
S315000085F0284637464FF0000E9446CDE9236525946C
S31500008600B8F1000F6DDD0C9A032A00F05B831E465D
S3150000861005463C460022CDE91A17CDE91C03CDF8E4
S3150000862078C0671ED4460AEBC5000023A24609EBB4
S31500008630C601059743E000BFA0A50300010000C0E6
S315000086400D9C129FBC4280F23D83139F774540F3F9
S315000086503983149F974240F33583159F9F4240F319
S3150000866031830F6806974F6807970E9FBC4280F2CA
S3150000867029830F9C744540F32583109C944240F354
S315000086802183119C9C4240F31D83179C214404685E
S31500008690089444680994169C20440C9C042C40F0D1
S315000086A01183069F089C0133A742099C079FA74197
S315000086B0ACBF01240024059F07F8014F05979B4591
S315000086C0BEDC54460A9B01321D440B9B4245E246E2
S315000086D05C441E44A5DBDDE91A17DDE91C03DDF861
S315000086E078C0189A0EF1010E1044199A8E45674407
S315000086F0134485DBDDE9236563468C461946229AD9
S31500008700259C0D9B01330D931F9B1E44209B1D44EE
S31500008710219B1C440D9B9342FFF65AAF00207BB071
S31500008720BDE8F08FD6F800B0002B00F00382002DD4
S3150000873000F0C882286832AB07902CAA26A94EA85A
S31500008740FCF7CCFC4E9B002B0A9340F3BB822646DB
S31500008750DDE9504808FB04F3DDF848914F9A09FB20
S3150000876003F31C93639B00259B0013935B9B2F468F
S315000087709B001493549BAA460F93559B09FB08F143
S315000087801093569B1193579B1293599B16935A9B82
S3150000879009935C9B0B935D9B0C935E9B0D935F9B78
S315000087A00E93619B1593629B0893609B1D93589B48
S315000087B01E935B46A3461C465245AFDD0A9B012B22
S315000087C000F08082BBF1000F40F384800A9B022BED
S315000087D000F078821F920A462B4659463846B44620
S315000087E04FF0000E9346CDE920672295B8F1000FB1
S315000087F060DD0A9A032A00F06582CDE91A0B1F464E
S31500008800064600224546A346CDE91713CDF864C0B7
S315000088100799002301EB86000CF1FF380BEB87016B
S31500008820059534E00F9C544540F34C82109C7445EA
S3150000883040F34882119C944240F34482129C9C422D
S3150000884040F340820B9C0D685445069540F33A82EE
S315000088500C9C744540F336820D9C944240F3328260
S315000088600E9C9C4240F32E82149C214404682546AB
S31500008870139C20440A9C042C40F024822C46069D1E
S315000088800133A542B4BF0024012408F8014F9945DD
S31500008890C8DC089B059D01321E44099BAA42CC44B4
S315000088A01F44B5DBDDE91713DDE919C0A8465C46B0
S315000088B0DDF86CB0159A0EF1010E1044169A8E452D
S315000088C0DC44134492DBDDE920675B468B461946A0
S315000088D01F9A229D1C9B0AF1010A1E441D9B1F44E0
S315000088E01E9B1D4468E7D6F800B0002B00F0D78029
S315000088F0002D00F0E781286832AB06902CAA26A945
S3150000890038A8FCF7EBFB389B002B099340F3DA8180
S31500008910DDE93A8A254600240AFB08F33C9F2646F1
S3150000892007FB03F24D9BA1469B001293459B07FB59
S315000089300AF19B001393399B1B933E9B0E933F9B1F
S315000089400F93409B1093419B1193439B1593449B1C
S315000089500893469B0A93479B0B93489B0C93499B12
S315000089600D934B9B14934C9B07934A9B1D93429BE1
S315000089701C931B9B4B457FF7D1AE099B012B00F047
S31500008980A181B8F1000F40F38280099B022B00F011
S315000089909981CDE920260A4630464146AC46234613
S315000089A04FF0000E9046CDE91E45BAF1000F5EDD90
S315000089B0099A032A00F08681664605461C4600226F
S315000089C0CDE91613CDE918C81A900699002301EBD4
S315000089D0850006F1FF3C0BEB8401059437E00E9C05
S315000089E04C4540F36F810F9C744540F36B81109C9E
S315000089F0944240F36781119CA34280F263810A9CF2
S31500008A0091ED007A4C4540F35D810B9C744540F333
S31500008A1059810C9C944240F355810D9CA34280F2EF
S31500008A205181139CD0ED007A2144129C2044099C6C
S31500008A30042C40F04781B4EEE77AF1EE10FAACBFB1
S31500008A404FF001084FF0000801330CF8018FBB42CC
S31500008A50C5DB079B059C01321D44089B52453E44DD
S31500008A601C44B2DBDDE91613DDE918C81A98149A1E
S31500008A700EF1010E1044159A8E45C444134494DB3E
S31500008A80DDE91E45DDE920264346884619461D9B3D
S31500008A9009F101091E441C9B15441C4469E7002D7D
S31500008AA000F01081269A2C982968824240F00A81AB
S31500008AB0002A40F3018126A805462CAE56F804CFBD
S31500008AC055F8047FBC4540F0FD8001339A42F5D14C
S31500008AD0329B9A4240F0F68026AB32AD03EB82021F
S31500008AE055F8047F53F8046FB74240F0EB80934289
S31500008AF0F6D1012350F8045F904205FB03F3F9D148
S31500008B00DA17012B72F10002FFF608AE0A460BEBEC
S31500008B108303611EBBEC017AF2EC017AB4EEE77ACC
S31500008B20F1EE10FAACBF012000205B4501F8010F01
S31500008B30F0D1F3E5002D00F0C580269A2C9829681F
S31500008B40824240F0BF80002A40F3D98026A805461D
S31500008B502CAE56F804CF55F8047FBC4540F0B280E1
S31500008B6001339A42F5D1329B9A4240F0AB8026AB54
S31500008B7032AD03EB820255F8047F53F8046FB74217
S31500008B8040F0A0809342F6D1012350F8045F904252
S31500008B9005FB03F3F9D1D817012B70F100001A4633
S31500008BA0FFF6BCADABF104030439013C03EB8202D2
S31500008BB053F8040F51F8045FA842B4BF0020012007
S31500008BC0934204F8010FF3D1A8E5002D7AD0269A36
S31500008BD02C982968824275D1002A40F38A8026A8FB
S31500008BE005462CAE56F804CF55F8047FBC4569D12E
S31500008BF001339A42F6D1329B9A4263D126AB32AD0B
S31500008C0003EB820255F8047F53F8046FB74259D13B
S31500008C109342F7D1012350F8045F904205FB03F31A
S31500008C20F9D1DA17012B72F10002FFF677ADA9F13F
S31500008C300809A1F1080209EBC303611E59F8084FA0
S31500008C4052F8080F8442D9F804005468A041ACBF1A
S31500008C5001200020994501F8010FEFD15EE58DB3A3
S31500008C6032AB019302942C6838462CAB26A90094AB
S31500008C70FFF79EF9002052E5B5F1004F7FF444ACB2
S31500008C806FF00043FFF7F3BB204812186AF1000AA1
S31500008C90BAF1000F04DA6FF0004012184AF1000A28
S31500008CA0D20F42EA4A0205E4B6F1004F7FF4F5AB73
S31500008CB06FF00042FFF7FEBB329B9A4208BF0123CA
S31500008CC03FF424AF31F0D6F840F26711104B114A49
S31500008CD011482CF0D1FA4FF4B371104B0D4A0E48DF
S31500008CE02CF0CAFA329B994208BF01233FF49EAB8F
S31500008CF0E8E7329B9A4208BF012398D0E2E7329B0D
S31500008D009A4208BF01223FF44DAFDBE7010000C0E5
S31500008D1058A4030068A40300C4A4030090A503009C
S31500008D202DE9F04F1E4604469346C5B032464F9B8A
S31500008D302EA8CDF86CB0FCF7D1F9D4E90083A2686F
S31500008D4004932E9BE06801922269002B05920393FF
S31500008D50D4E9052525900E9540F38081DDE9304A5A
S31500008D600AFB04F3464232984FF0000C00FB03F373
S31500008D7001212693349B00FB0AFB0A93359B029044
S31500008D800B93369B6D420C93379BDDF840E10D93B8
S31500008D90DDE939031D933B9B2F9F14933C9B0F9654
S31500008DA006933D9B129507933E9BE14608933F9B96
S31500008DB00993419B1E93429BCDF8A4801C93439B31
S31500008DC0E0461393409B1F902793389B289301FA04
S31500008DD006F33E46013BA940013910935B101193FF
S31500008DE04E454FEA6103274615915C467146169338
S31500008DF0E64640F30C81039B012B00F02F81002FE8
S31500008E0040F3FA80039B022B00F028812A9626461F
S31500008E100D463C464FF0000C374673464046CDE9BA
S31500008E202B18CDF8B4E0DDF89480DDF8A4E0CDF899
S31500008E3068A01A99002940F3CB800399032900F012
S31500008E400D8101469A46AB460026CDE92034CDE990
S31500008E50225024974E9B0BF1FF375D181B9B002079
S31500008E60CDE917BA03EB0A04009719914BE013F109
S31500008E7080434AF1000ADB0F43EA4A03B8F1000FC8
S31500008E8000F38D8018F11F0FC0F2E180109F07EAF2
S31500008E90030B119F07EBD37A0F9F3B41D345C8BF06
S31500008EA001338A4200F0CC8081FB021ABAF1000F2E
S31500008EB0C0F2B08011F180414AF1000AC90F41EABF
S31500008EC04A010E9F002F6ADC1F37C0F2C080139F35
S31500008ED03D44149F3C44159F07EA010B169F07EB80
S31500008EE0D17A129F3941039FD345C8BF0131042F60
S31500008EF040F0B4808B42ACBF0023012300990130BF
S31500008F0001F8013F0091029B83424FDD0A9B4B45CE
S31500008F1040F3A4800B9B9C4580F2A0800C9BB3423F
S31500008F2040F39C800D9B834240F39880049994F90A
S31500008F3000300B440699494540F3908007998C45CB
S31500008F4080F28C800899B14240F388800999814269
S31500008F5040F38480059F95F9001003FA0EF3394417
S31500008F60019F01FA0EF19F4264D0019F83FB073AED
S31500008F70BAF1000FBFF67BAF394FDB196AF1000A71
S31500008F80BAF1000F04DA6FF00047DB194AF1000A64
S31500008F90DB0FB8F1000F43EA4A037FF773AF4FF4D4
S31500008FA0B371304B304A31482CF066F9DDE917BA17
S31500008FB019999B441C9B013619441D9B9A441A9B84
S31500008FC09E42FFF647AFDDE92034DDE92250249FBB
S31500008FD01E990CF1010C08441F99A4453D440B440D
S31500008FE0FFF627AFDDE92B183B4627461C46DDF882
S31500008FF068A02A9EDDF8B4E0269B09F10109194410
S31500009000279B4E459844289B9E443FF7F4AE45B0B7
S31500009010BDE8F08F124FC9196AF1000ABAF1000FC4
S3150000902004DA6FF00047C9194AF1000AC90F41EA8C
S315000090304A0146E7B3F1004F97D16FF000431DE7B1
S31500009040B2F1004F7FF430AF6FF0004139E740F2E4
S315000090506711074B044A05482CF00EF930F00AFF59
S31500009060010000C090A5030068A40300C4A4030087
S3150000907058A403002DE9F04F0F69FBB0002F00F054
S31500009080D98400220C4680460BF0AAFA214601221A
S31500009090064640460BF0A4FA002221460546404605
S315000090A00BF0B8FA0446314626A80BF0CDFA29464D
S315000090B02CA80BF0C9FA214632A80BF0C5FA002CF1
S315000090C000F0B8842946304624680BF0AFFA80F0E9
S315000090D00103307ADBB2421E082A0AD8DFE812F012
S315000090E0BB02DA010900E1000900090009000900D4
S315000090F01600D8F814402BF02FFAAB490246337A03
S315000091004046A04701207BB0BDE8F08F3268002BB7
S3150000911040F05D84002D00F08D84D5F800B03D68E8
S3150000912026992C983E6905957D6881420695079695
S31500009130D7E9025CD7E9056740F07C84002940F353
S3150000914089840DF1980EF0462CA850F804AF58F813
S31500009150049FCA4540F06E8401339942F5D1329B93
S31500009160994240F0678426AB32A803EB810150F8A0
S31500009170049F53F8048FC14540F05C848B42F6D1BE
S3150000918001205EF8043F8E4503FB00F0F9D103464B
S31500009190C017012B70F10000C0F27881511ECB1868
S315000091A00D930123CCF100027842099203FA02F2F0
S315000091B0013A834003F1FF3953100B934FEA6903D9
S315000091C00BF1FF3804F1FF3E08900A920C9344E03D
S315000091D013F180434AF1000ADB0F43EA4A03BCF16C
S315000091E0000F00F330841CF11F0FC0F225840A988B
S315000091F000EA030B0B9800EBD37A09980341D34599
S31500009200C8BF0133964200F0078486FB022ABAF1F2
S31500009210000FC0F2F18312F180424AF1000AD20F28
S3150000922042EA4A02002F00F30E8417F11F0FC0F224
S3150000923003840C9809EA020B00EBD27A08980241E3
S31500009240D345C8BF01329342ACBF002301230EF8B9
S31500009250013F0D9B994200F01981069A11F9013FD1
S3150000926005981344079C18F9012F834022449D4218
S3150000927002FA00F200F0B88383FB053ABAF1000F58
S31500009280A6DA4A481B186AF1000ABAF1000F04DA96
S315000092906FF000401B184AF1000ADB0F43EA4A034D
S315000092A09DE7D6F80090002B00F04783002D00F0D4
S315000092B0C18332AB2CAA26A964A8D5F800A0FBF777
S315000092C00DFF649B002B0C9340F3B483DDE96668C5
S315000092D008FB06F3DDF8A0B1A4460BFB03F31F93CE
S315000092E0799B659ADB001693719B0024DB0017932C
S315000092F06A9BA64612936B9B254613936C9B0BFBAE
S3150000930008F114936D9B15936F9B1993709B0B93A8
S31500009310729B0E93739B0F93749B1093759B119383
S31500009320779B1893789B0A93769B0D9420936E9B5C
S3150000933021936346B4461E460D9B934280F2A68057
S315000093400C9B012B00F07683BCF1000F40F391805B
S315000093500C9B022B00F06E8322920A46234661463E
S31500009360284637464FF0000E9446CDE923652594EE
S31500009370B8F1000F6DDD0C9A032A00F05B831E46E0
S3150000938005463C460022CDE91A17CDE91C03CDF867
S3150000939078C0671ED4460AEBC5000023A24609EB37
S315000093A0C601059743E000BFA0A50300010000C069
S315000093B00D9C129FBC4280F23D83139F774540F37C
S315000093C03983149F974240F33583159F9F4240F39C
S315000093D031830F6806974F6807970E9FBC4280F24D
S315000093E029830F9C744540F32583109C944240F3D7
S315000093F02183119C9C4240F31D83179C21440468E1
S31500009400089444680994169C20440C9C042C40F053
S315000094101183069F089C0133A742099C079FA74119
S31500009420B4BF01240024059F07F8014F05979B450B
S31500009430BEDC54460A9B01321D440B9B4245E24664
S315000094405C441E44A5DBDDE91A17DDE91C03DDF8E3
S3150000945078C0189A0EF1010E1044199A8E45674489
S31500009460134485DBDDE9236563468C461946229A5B
S31500009470259C0D9B01330D931F9B1E44209B1D4471
S31500009480219B1C440D9B9342FFF65AAF00207BB0F4
S31500009490BDE8F08FD6F800B0002B00F00382002D57
S315000094A000F0C882286832AB07902CAA26A94EA8DD
S315000094B0FBF714FE4E9B002B0A9340F3BB82264615
S315000094C0DDE9504808FB04F3DDF848914F9A09FBA3
S315000094D003F31C93639B00259B0013935B9B2F4612
S315000094E09B001493549BAA460F93559B09FB08F1C6
S315000094F01093569B1193579B1293599B16935A9B05
S3150000950009935C9B0B935D9B0C935E9B0D935F9BFA
S315000095100E93619B1593629B0893609B1D93589BCA
S315000095201E935B46A3461C465245AFDD0A9B012BA4
S3150000953000F08082BBF1000F40F384800A9B022B6F
S3150000954000F078821F920A462B4659463846B446A2
S315000095504FF0000E9346CDE920672295B8F1000F33
S3150000956060DD0A9A032A00F06582CDE91A0B1F46D0
S31500009570064600224546A346CDE91713CDF864C03A
S315000095800799002301EB86000CF1FF380BEB8701EE
S31500009590059534E00F9C544540F34C82109C74456D
S315000095A040F34882119C944240F34482129C9C42B0
S315000095B040F340820B9C0D685445069540F33A8271
S315000095C00C9C744540F336820D9C944240F33282E3
S315000095D00E9C9C4240F32E82149C2144046825462E
S315000095E0139C20440A9C042C40F024822C46069DA1
S315000095F00133A542ACBF0024012408F8014F994568
S31500009600C8DC089B059D01321E44099BAA42CC4436
S315000096101F44B5DBDDE91713DDE919C0A8465C4632
S31500009620DDF86CB0159A0EF1010E1044169A8E45AF
S31500009630DC44134492DBDDE920675B468B46194622
S315000096401F9A229D1C9B0AF1010A1E441D9B1F4462
S315000096501E9B1D4468E7D6F800B0002B00F0D780AB
S31500009660002D00F0E781286832AB06902CAA26A9C7
S3150000967038A8FBF733FD389B002B099340F3DA81BA
S31500009680DDE93A8A254600240AFB08F33C9F264674
S3150000969007FB03F24D9BA1469B001293459B07FBDC
S315000096A00AF19B001393399B1B933E9B0E933F9BA2
S315000096B00F93409B1093419B1193439B1593449B9F
S315000096C00893469B0A93479B0B93489B0C93499B95
S315000096D00D934B9B14934C9B07934A9B1D93429B64
S315000096E01C931B9B4B457FF7D1AE099B012B00F0CA
S315000096F0A181B8F1000F40F38280099B022B00F094
S315000097009981CDE920260A4630464146AC46234695
S315000097104FF0000E9046CDE91E45BAF1000F5EDD12
S31500009720099A032A00F08681664605461C460022F1
S31500009730CDE91613CDE918C81A900699002301EB56
S31500009740850006F1FF3C0BEB8401059437E00E9C87
S315000097504C4540F36F810F9C744540F36B81109C20
S31500009760944240F36781119CA34280F263810A9C74
S3150000977091ED007A4C4540F35D810B9C744540F3B6
S3150000978059810C9C944240F355810D9CA34280F272
S315000097905181139CD0ED007A2144129C2044099CEF
S315000097A0042C40F04781B4EEE77AF1EE10FA4CBF94
S315000097B04FF001084FF0000801330CF8018FBB424F
S315000097C0C5DB079B059C01321D44089B52453E4460
S315000097D01C44B2DBDDE91613DDE918C81A98149AA1
S315000097E00EF1010E1044159A8E45C444134494DBC1
S315000097F0DDE91E45DDE920264346884619461D9BC0
S3150000980009F101091E441C9B15441C4469E7002DFF
S3150000981000F01081269A2C982968824240F00A812D
S31500009820002A40F3018126A805462CAE56F804CF3F
S3150000983055F8047FBC4540F0FD8001339A42F5D1CE
S31500009840329B9A4240F0F68026AB32AD03EB8202A1
S3150000985055F8047F53F8046FB74240F0EB8093420B
S31500009860F6D1012350F8045F904205FB03F3F9D1CA
S31500009870DA17012B72F10002FFF608AE0A460BEB6F
S315000098808303611EBBEC017AF2EC017AB4EEE77A4F
S31500009890F1EE10FA4CBF012000205B4501F8010FE4
S315000098A0F0D1F3E5002D00F0C580269A2C982968A2
S315000098B0824240F0BF80002A40F3D98026A80546A0
S315000098C02CAE56F804CF55F8047FBC4540F0B28064
S315000098D001339A42F5D1329B9A4240F0AB8026ABD7
S315000098E032AD03EB820255F8047F53F8046FB7429A
S315000098F040F0A0809342F6D1012350F8045F9042D5
S3150000990005FB03F3F9D1D817012B70F100001A46B5
S31500009910FFF6BCADABF104030439013C03EB820254
S3150000992053F8040F51F8045FA842ACBF0020012091
S31500009930934204F8010FF3D1A8E5002D7AD0269AB8
S315000099402C982968824275D1002A40F38A8026A87D
S3150000995005462CAE56F804CF55F8047FBC4569D1B0
S3150000996001339A42F6D1329B9A4263D126AB32AD8D
S3150000997003EB820255F8047F53F8046FB74259D1BE
S315000099809342F7D1012350F8045F904205FB03F39D
S31500009990F9D1DA17012B72F10002FFF677ADA9F1C2
S315000099A00809A1F1080209EBC303611E59F8084F23
S315000099B052F8080F8442D9F804005468A041B4BF95
S315000099C001200020994501F8010FEFD15EE58DB326
S315000099D032AB019302942C6838462CAB26A900942E
S315000099E0FFF79EF9002052E5B5F1004F7FF444AC35
S315000099F06FF00043FFF7F3BB204812186AF1000A24
S31500009A00BAF1000F04DA6FF0004012184AF1000AAA
S31500009A10D20F42EA4A0205E4B6F1004F7FF4F5ABF5
S31500009A206FF00042FFF7FEBB329B9A4208BF01234C
S31500009A303FF424AF30F01EFA40F26711104B114A82
S31500009A4011482BF019FC4FF4B371104B0D4A0E4818
S31500009A502BF012FC329B994208BF01233FF49EABC8
S31500009A60E8E7329B9A4208BF012398D0E2E7329B8F
S31500009A709A4208BF01223FF44DAFDBE7010000C068
S31500009A8058A4030068A40300C4A4030090A503001F
S31500009A902DE9F04F1E4604469346C5B032464F9B0D
S31500009AA02EA8CDF86CB0FBF719FBD4E90083A268A9
S31500009AB004932E9BE06801922269002B0592039382
S31500009AC0D4E9052525900E9540F38081DDE9304ADD
S31500009AD00AFB04F3464232984FF0000C00FB03F3F6
S31500009AE001212693349B00FB0AFB0A93359B0290C7
S31500009AF00B93369B6D420C93379BDDF840E10D933B
S31500009B00DDE939031D933B9B2F9F14933C9B0F96D6
S31500009B1006933D9B129507933E9BE14608933F9B18
S31500009B200993419B1E93429BCDF8A4801C93439BB3
S31500009B30E0461393409B1F902793389B289301FA86
S31500009B4006F33E46013BA940013910935B10119381
S31500009B504E454FEA6103274615915C4671461693BA
S31500009B60E64640F30C81039B012B00F02F81002F6A
S31500009B7040F3FA80039B022B00F028812A962646A2
S31500009B800D463C464FF0000C374673464046CDE93D
S31500009B902B18CDF8B4E0DDF89480DDF8A4E0CDF81C
S31500009BA068A01A99002940F3CB800399032900F095
S31500009BB00D8101469A46AB460026CDE92034CDE913
S31500009BC0225024974E9B0BF1FF375D181B9B0020FC
S31500009BD0CDE917BA03EB0A04009719914BE013F18C
S31500009BE080434AF1000ADB0F43EA4A03B8F1000F4B
S31500009BF000F38D8018F11F0FC0F2E180109F07EA75
S31500009C00030B119F07EBD37A0F9F3B41D345C8BF88
S31500009C1001338A4200F0CC8081FB021ABAF1000FB0
S31500009C20C0F2B08011F180414AF1000AC90F41EA41
S31500009C304A010E9F002F6ADC1F37C0F2C080139FB7
S31500009C403D44149F3C44159F07EA010B169F07EB02
S31500009C50D17A129F3941039FD345C8BF0131042FE2
S31500009C6040F0B4808B42CCBF002301230099013021
S31500009C7001F8013F0091029B83424FDD0A9B4B4551
S31500009C8040F3A4800B9B9C4580F2A0800C9BB342C2
S31500009C9040F39C800D9B834240F39880049994F98D
S31500009CA000300B440699494540F3908007998C454E
S31500009CB080F28C800899B14240F3888009998142EC
S31500009CC040F38480059F95F9001003FA0EF339449A
S31500009CD0019F01FA0EF19F4264D0019F83FB073A70
S31500009CE0BAF1000FBFF67BAF394FDB196AF1000AF4
S31500009CF0BAF1000F04DA6FF00047DB194AF1000AE7
S31500009D00DB0FB8F1000F43EA4A037FF773AF4FF456
S31500009D10B371304B304A31482BF0AEFADDE917BA51
S31500009D2019999B441C9B013619441D9B9A441A9B06
S31500009D309E42FFF647AFDDE92034DDE92250249F3D
S31500009D401E990CF1010C08441F99A4453D440B448F
S31500009D50FFF627AFDDE92B183B4627461C46DDF804
S31500009D6068A02A9EDDF8B4E0269B09F10109194492
S31500009D70279B4E459844289B9E443FF7F4AE45B03A
S31500009D80BDE8F08F124FC9196AF1000ABAF1000F47
S31500009D9004DA6FF00047C9194AF1000AC90F41EA0F
S31500009DA04A0146E7B3F1004F97D16FF000431DE734
S31500009DB0B2F1004F7FF430AF6FF0004139E740F267
S31500009DC06711074B044A05482BF056FA30F052F853
S31500009DD0010000C090A5030068A40300C4A403000A
S31500009DE058A403002DE9F04F0F69F9B0002F00F0D9
S31500009DF0D68400220C4680460AF0F2FB2146012258
S31500009E00064640460AF0ECFB00222146054640463F
S31500009E100AF000FC0446314624A80AF015FC29463F
S31500009E202AA80AF011FC214630A80AF00DFC002CE5
S31500009E3000F0B5842946304624680AF0F7FB80F026
S31500009E400103307ADBB2421E082A0AD8DFE812F094
S31500009E50B902D8010900E10009000900090009005A
S31500009E601600D8F814402AF077FBAB490246337A3D
S31500009E704046A047012079B0BDE8F08F3268002B3C
S31500009E8040F05B84002D00F08A84D5F800B03D6870
S31500009E9024992A983E6904957D688142059506961F
S31500009EA0D7E9025CD7E9056740F07984002940F3D9
S31500009EB086840DF1900EF0462AA850F804AF58F8A3
S31500009EC0049FCA4540F06B8401339942F5D1309B1B
S31500009ED0994240F0648424AB30A803EB810150F82A
S31500009EE0049F53F8048FC14540F059848B42F6D144
S31500009EF001205EF8043F8E4503FB00F0F9D10346CE
S31500009F00C017012B70F10000C0F27681511ECB18EC
S31500009F100C930123CCF100027842089203FA02F274
S31500009F20013A834003F1FF3953100A934FEA69035C
S31500009F300BF1FF3804F1FF3E079009920B9344E0C2
S31500009F4013F180434AF1000ADB0F43EA4A03BCF1EE
S31500009F50000F00F32D841CF11F0FC0F22284099814
S31500009F6000EA030B0A9800EBD37A08980341D3451D
S31500009F70C8BF0133964200F0058486FB022ABAF177
S31500009F80000FC0F2EF8312F180424AF1000AD20FAD
S31500009F9042EA4A02002F00F30B8417F11F0FC0F2AA
S31500009FA000840B9809EA020B00EBD27A079802416B
S31500009FB0D345C8BF01329342CCBF002301230EF81C
S31500009FC0013F0C9B994200F01781059A11F9013F58
S31500009FD004981344069C18F9012F834022449D429D
S31500009FE002FA00F200F0B68383FB053ABAF1000FDD
S31500009FF0A6DA4A481B186AF1000ABAF1000F04DA19
S3150000A0006FF000401B184AF1000ADB0F43EA4A03CF
S3150000A0109DE7D6F80090002B00F04583002D00F058
S3150000A020BE8330AB2AAA24A962A8D5F800A0FBF704
S3150000A03055F8629B002B0A9340F3B183DDE964680F
S3150000A04008FB06F3DDF898B1A4460BFB03F31D935A
S3150000A050779B639ADB0014936F9B0024DB001593B8
S3150000A060689BA6461093699B254611936A9B0BFB3A
S3150000A07008F112936B9B13936D9B17936E9B099339
S3150000A080709B0C93719B0D93729B0E93739B0F9316
S3150000A090759B1693769B0893749B0B941E936C9BEF
S3150000A0A01F936346B4461E460B9B934280F2A480E0
S3150000A0B00A9B012B00F07383BCF1000F40F38F80E5
S3150000A0C00A9B022B00F06B8320920A4623466146C8
S3150000A0D0284637464FF0000E9446CDE92165239475
S3150000A0E0B8F1000F6BDD0A9A032A00F058831E466A
S3150000A0F005463C460022CDE91817CDE91A03CDF8EE
S3150000A10070C0671ED4460AEBC5000023A24609EBC1
S3150000A110C601049741E000BFA0A50300010000C0EE
S3150000A1200B9C109FBC4280F23A83119F774540F307
S3150000A1303683129F974240F33283139F9F4240F328
S3150000A1402E830F6805974F6806970C9FBC4280F2D6
S3150000A15026830D9C744540F322830E9C944240F363
S3150000A1601E830F9C9C4240F31A83159C2144D0E920
S3150000A17000470797149F38440A9F042F40F00F8327
S3150000A180059F0133BC42DDE90647A741ACBF012468
S3150000A1900024049F07F8014F04979B45C0DC5446F2
S3150000A1A0089B01321D44099B4245E2465C441E441D
S3150000A1B0A7DBDDE91817DDE91A03DDF870C0169A8A
S3150000A1C00EF1010E1044179A8E456744134487DB3F
S3150000A1D0DDE9216563468C461946209A239C0B9B34
S3150000A1E001330B931D9B1E441E9B1D441F9B1C4449
S3150000A1F00B9B9342FFF65CAF002079B0BDE8F08F71
S3150000A200D6F800B0002B00F00382002D00F0C782C4
S3150000A210286830AB06902AAA24A94CA8FAF75EFF54
S3150000A2204C9B002B099340F3BA822646DDE94E4843
S3150000A23008FB04F3DDF840914D9A09FB03F31B93E9
S3150000A240619B00259B001293599B2F469B001393FD
S3150000A250529BAA460E93539B09FB08F10F93549BFE
S3150000A2601093559B1193579B1593589B08935A9B94
S3150000A2700A935B9B0B935C9B0C935D9B0D935F9B7F
S3150000A2801493609B07935E9B1C93569B1D935B46A2
S3150000A290A3461C465245AFDD099B012B00F07F8289
S3150000A2A0BBF1000F40F38480099B022B00F07782FC
S3150000A2B01E920A462B4659463846B4464FF0000EC3
S3150000A2C09346CDE91F672195B8F1000F60DD099A25
S3150000A2D0032A00F06482CDE9190B1F4606460022C8
S3150000A2E04546A346CDE91613CDF860C0069900236E
S3150000A2F001EB86000CF1FF380BEB8701049534E087
S3150000A3000E9C544540F34B820F9C744540F34782A4
S3150000A310109C944240F34382119C9C4240F33F823E
S3150000A3200A9C0D685445059540F339820B9C74458B
S3150000A33040F335820C9C944240F331820D9C9C4242
S3150000A34040F32D82139C214404682546129C204428
S3150000A350099C042C40F023822C46059D0133A5421E
S3150000A360CCBF0024012408F8014F9945C8DC079B9F
S3150000A370049D01321E44089BAA42CC441F44B5DB0F
S3150000A380DDE91613DDE918C0A8465C46DDF868B0BD
S3150000A390149A0EF1010E1044159A8E45DC441344AE
S3150000A3A092DBDDE91F675B468B4619461E9A219DA7
S3150000A3B01B9B0AF1010A1E441C9B1F441D9B1D4446
S3150000A3C068E7D6F800B0002B00F0D780002D00F02B
S3150000A3D0E681286830AB05902AAA24A936A8FAF7A0
S3150000A3E07DFE369B002B089340F3D981DDE9388A40
S3150000A3F0254600240AFB08F33A9F264607FB03F28C
S3150000A4004B9BA1469B001193439B07FB0AF19B00C4
S3150000A4101293379B1A933C9B0D933D9B0E933E9B49
S3150000A4200F933F9B1093419B1493429B0793449B2E
S3150000A4300993459B0A93469B0B93479B0C93499B19
S3150000A44013934A9B0693489B1C93409B1B931A9B12
S3150000A4504B457FF7D1AE089B012B00F0A081B8F1E8
S3150000A460000F40F38280089B022B00F09881CDE913
S3150000A4701F260A4630464146AC4623464FF0000E9C
S3150000A4809046CDE91D45BAF1000F5EDD089A032A14
S3150000A49000F08581664605461C460022CDE9151367
S3150000A4A0CDE917C819900599002301EB850006F13F
S3150000A4B0FF3C0BEB8401049437E00D9C4C4540F3C4
S3150000A4C06E810E9C744540F36A810F9C944240F362
S3150000A4D06681109CA34280F26281099C91ED007A0C
S3150000A4E04C4540F35C810A9C744540F358810B9CB3
S3150000A4F0944240F354810C9CA34280F25081129CFA
S3150000A500D0ED007A2144119C2044089C042C40F094
S3150000A5104681B4EEE77AF1EE10FA94BF4FF00108E7
S3150000A5204FF0000801330CF8018FBB42C5DB069BD8
S3150000A530049C01321D44079B52453E441C44B2DB39
S3150000A540DDE91513DDE917C81998139A0EF1010E06
S3150000A5501044149A8E45C444134494DBDDE91D452A
S3150000A560DDE91F264346884619461C9B09F1010969
S3150000A5701E441B9B15441C4469E7002D00F00F8107
S3150000A580249A2A982968824240F00981002A40F3D9
S3150000A590008124A805462AAE56F804CF55F8047F54
S3150000A5A0BC4540F0FC8001339A42F5D1309B9A427B
S3150000A5B040F0F58024AB30AD03EB820255F8047F02
S3150000A5C053F8046FB74240F0EA809342F6D1012374
S3150000A5D050F8045F904205FB03F3F9D1DA17012B1B
S3150000A5E072F10002FFF608AE0A460BEB8303611E0A
S3150000A5F0BBEC017AF2EC017AB4EEE77AF1EE10FAEE
S3150000A60094BF012000205B4501F8010FF0D1F3E56E
S3150000A610002D00F0C480249A2A982968824240F0CE
S3150000A620BE80002A40F3D88024A805462AAE56F8F4
S3150000A63004CF55F8047FBC4540F0B18001339A42FF
S3150000A640F5D1309B9A4240F0AA8024AB30AD03EBA3
S3150000A650820255F8047F53F8046FB74240F09F809A
S3150000A6609342F6D1012350F8045F904205FB03F3B1
S3150000A670F9D1D817012B70F100001A46FFF6BCADD0
S3150000A680ABF104030439013C03EB820253F8040FD7
S3150000A69051F8045FA842CCBF00200120934204F881
S3150000A6A0010FF3D1A8E5002D79D0249A2A982968BC
S3150000A6B0824274D1002A40F3898024A805462AAE36
S3150000A6C056F804CF55F8047FBC4568D101339A4249
S3150000A6D0F6D1309B9A4262D124AB30AD03EB8202B5
S3150000A6E055F8047F53F8046FB74258D19342F7D117
S3150000A6F0012350F8045F904205FB03F3F9D1DA1702
S3150000A700012B72F10002FFF677ADA9F10809A1F15C
S3150000A710080209EBC303611E59F8080F52F8084FE7
S3150000A72084425068D9F80440A041ACBF0120002003
S3150000A730994501F8010FEFD15EE585B330AB019382
S3150000A74002942C6838462AAB24A90094FFF7A0F996
S3150000A750002052E5B5F1004F7FF446AC6FF00043A0
S3150000A760FFF7F5BB204812186AF1000ABAF1000F8C
S3150000A77004DA6FF0004012184AF1000AD20F42EADA
S3150000A7804A0207E4B6F1004F7FF4F7AB6FF00042E0
S3150000A79000E4309B9A4208BF01233FF425AF2FF017
S3150000A7A069FB40F26711114B114A12482AF064FD09
S3150000A7B04FF4B371104B0E4A0E482AF05DFD309BE4
S3150000A7C0994208BF01233FF4A1ABE8E7309B9A42C8
S3150000A7D008BF012399D0E2E7309B9A4208BF0122C5
S3150000A7E03FF44EAFDBE700BF010000C058A40300F2
S3150000A7F068A40300C4A4030090A50300836B0BB1F7
S3150000A8001821184710B52FF035FB00BF2DE9F04F82
S3150000A810C4680646236889B0002220469B690D4617
S3150000A820D1F814809847002858D00746236800229C
S3150000A83029462046DB6997F800A0984783460028FA
S3150000A84052D02368394620465B6A9BF800909847A9
S3150000A8502368594620465B6A984798F804700FBBF0
S3150000A8600AF1FF33DBB2082B3BD840F24B1222FA37
S3150000A87003F3DB0735D5CA4523D12B68002B36D029
S3150000A880D3F800B0BBF10A0F4BDD8F237149746911
S3150000A89030460091704A7149A0470127384609B0F1
S3150000A8A0BDE8F08F00256E4B6E4ACDE90137304684
S3150000A8B07469842300926C49674A0395A04701276F
S3150000A8C0ECE7CDE9029A694A694974698B230192DA
S3150000A8D000913046604A6449A047F0E7792365490C
S3150000A8E0D5E785236449D2E77D236449CFE7D5F8C8
S3150000A8F010B0BBF1000F00F0AB80236800222946A0
S3150000A9002046DB6998470246002844D009F1FF3308
S3150000A910082B37D8DFE803F02323362336362336D1
S3150000A9204200BBF1000FC8BFBA460CDCDFE7836804
S3150000A9301B68052B78DC236820465B6A0AF1010A4E
S3150000A9409847D345D3D023682946524620469B696B
S3150000A950984701460028EAD19423494997E7D8F851
S3150000A9600030002B02DA816809680B448BF800304E
S3150000A9702B681B68ABF80C302368114620465B6ACF
S3150000A98098478BE74846746929F0E6FD3D4902463B
S3150000A9903046A04793E7A8233B4978E7D8F800302C
S3150000A9A0002B02DA816809680B448BF800302B68AB
S3150000A9B030461B680592ABF80C302B681968B36BF0
S3150000A9C0890098472B68069019688246B36B304613
S3150000A9D0890098472B68059A1B68002B2EDDCDF859
S3150000A9E014B04FF000088346A0F1040907920FE067
S3150000A9F0C36820464AF8043B0B6908F1010849F888
S3150000AA00043F23685B6A98472B681B68434511DD42
S3150000AA1023682946424620469B69984701460028F6
S3150000AA20E6D1C323194932E705223046746918492D
S3150000AA30A04744E75846079ADDF814B0069BCBE9D1
S3150000AA4001031369CBF81030D368CBF8143093E7C1
S3150000AA502FF010FADCB10300A0B0030064A50300D8
S3150000AA600CB103001CB1030058A60300C4B10300D7
S3150000AA70D0B10300D8B0030030B10300F0B003003A
S3150000AA807CA5030054B20300E8A9030080A50300D7
S3150000AA90F8B1030010B50446034B044A044909F013
S3150000AAA077FD204610BD00BFD9B500000DA80000F7
S3150000AAB0FDA700002DE9F04FDDB00DF180084346FB
S3150000AAC0002207460C465CAD43F8182BAB42FBD17F
S3150000AAD0002F00F00B81002C00F0088121680B6824
S3150000AAE0002B40F3EE80002621AD32462146384643
S3150000AAF009F076FD014616A809F0A6FD169B284624
S3150000AB0045F8043C17A99A002FF0D2FB21680136BC
S3150000AB100B6818359E42E8DBF3B1002245460CA8C7
S3150000AB2001329A4240F8045B05F11805F8D30B6828
S3150000AB30002B11DD002516AE2A462146384609F0BF
S3150000AB404FFD002800F0D280236802681B6801359B
S3150000AB509D4246F8042BEFDB21460022384609F0D9
S3150000AB6059FD25690446002D00F0C080014606A85F
S3150000AB7009F06AFD002C00F0B98095F9006006988E
S3150000AB8023688642B5F80CA080F2B080BAF1000FB7
S3150000AB9000F09A800025AC46A9460DF130084FEA30
S3150000ABA0860E58F8047B3A68904240F09F80002851
S3150000ABB010DD002207F1040B964208D006A901EB2E
S3150000ABC082014C685BF822108C4240F08F80013283
S3150000ABD09042F1D1002EC0F2898077447A6809F15B
S3150000ABE0010955194CEBE27CCA45F346D9D10BF164
S3150000ABF018020DEB02077A68D117614508BFAA4211
S3150000AC0074D1002E67D0012100240DF1180C5CF8D8
S3150000AC10045FEA1701FB02F205FB0422A1FB0514FF
S3150000AC2067451444F3D1771CB8425CDD4FF0010947
S3150000AC3006AA02EB870252F8045F0137B842A9FB65
S3150000AC400595F8DC012974F1000237DBBAF1000F33
S3150000AC5034D00020CDE90414019684460646044605
S3150000AC600DF158080025CDE902C40CAF57F8042BA6
S3150000AC7001981168884239DA5A44526858F8251002
S3150000AC8009FB02F206FB02FC94001846224601EB81
S3150000AC908C012FF00DFB03460135AA452344E5D16F
S3150000ACA0DDE902C4DDE904211CF1010C44F10004D4
S3150000ACB0A14208BF624501D06646D3E75DB0BDE854
S3150000ACC0F08F7FF42AAF47E7002E0FDB5546D446B8
S3150000ACD04FEA860B8BE7012101283446D8BF894607
S3150000ACE0B4DD0F46A2E74FF00109ABE72FF0C2F83B
S3150000ACF02DE9F04FDDB00DF18008434600220746EE
S3150000AD000C465CAD43F8182BAB42FBD1002F00F08C
S3150000AD100B81002C00F0088121680B68002B40F3A2
S3150000AD20EE80002621AD32462146384609F058FC11
S3150000AD30014616A809F088FC169B284645F8043CEF
S3150000AD4017A99A002FF0B4FA216801360B68183556
S3150000AD509E42E8DBF3B1002245460CA801329A4236
S3150000AD6040F8045B05F11805F8D30B68002B11DDDC
S3150000AD70002516AE2A462146384609F031FC002841
S3150000AD8000F0D280236802681B6801359D4246F8B0
S3150000AD90042BEFDB21460022384609F03BFC2569EF
S3150000ADA00446002D00F0C080014606A809F04CFCC0
S3150000ADB0002C00F0B98095F9006006982368864259
S3150000ADC0B5F80CA080F2B080BAF1000F00F09A80BE
S3150000ADD00025AC46A9460DF130084FEA860E58F814
S3150000ADE0047B3A68904240F09F80002810DD0022E4
S3150000ADF007F1040B964208D006A901EB82014C68C4
S3150000AE005BF822108C4240F08F8001329042F1D1E3
S3150000AE10002EC0F2898077447A6809F10109551934
S3150000AE204CEBE27CCA45F346D9D10BF118020DEB87
S3150000AE3002077A68D117614508BFAA4274D1002E6D
S3150000AE4067D0012100240DF1180C5CF8045FEA17A5
S3150000AE5001FB02F205FB0422A1FB0514674514441D
S3150000AE60F3D1771CB8425CDD4FF0010906AA02EB6C
S3150000AE70870252F8045F0137B842A9FB0595F8DC52
S3150000AE80012974F1000237DBBAF1000F34D000203B
S3150000AE90CDE9041401968446064604460DF1580889
S3150000AEA00025CDE902C40CAF57F8042B01981168B0
S3150000AEB0884239DA5A44526858F8251009FB02F2DA
S3150000AEC006FB02FC94001846224601EB8C012FF08B
S3150000AED0EFF903460135AA452344E5D1DDE902C46D
S3150000AEE0DDE904211CF1010C44F10004A14208BF74
S3150000AEF0624501D06646D3E75DB0BDE8F08F7FF4CA
S3150000AF002AAF47E7002E0FDB5546D4464FEA860B9D
S3150000AF108BE7012101283446D8BF8946B4DD0F46A8
S3150000AF20A2E74FF00109ABE72EF0A4FF2DE9F04FA1
S3150000AF30DDB00DF180084346002207460C465CADA5
S3150000AF4043F8182BAB42FBD1002F00F00781002CF1
S3150000AF5000F0048121680B68002B40F3EA8000268C
S3150000AF6021AD32462146384609F03AFB014616A87D
S3150000AF7009F06AFB169B284645F8043C17A99A0077
S3150000AF802FF096F9216801360B6818359E42E8DBEA
S3150000AF90F3B1002245460CA801329A4240F8045B00
S3150000AFA005F11805F8D30B68002B11DD002516AE48
S3150000AFB02A462146384609F013FB002800F0CE80C9
S3150000AFC0236802681B6801359D4246F8042BEFDBB7
S3150000AFD021460022384609F01DFB25690446002D4E
S3150000AFE000F0BC80014606A809F02EFB002C00F0FC
S3150000AFF0B58095F90060069823688642B5F80CA0DE
S3150000B00080F2AC80BAF1000F00F096800025AC46C5
S3150000B010A9460DF130084FEA860E58F8047B3A68C7
S3150000B020904240F09B80002810DD002207F1040BBF
S3150000B030964208D006A901EB82014C685BF8221003
S3150000B0408C4240F08B8001329042F1D1002EC0F24A
S3150000B050858077447A6809F1010955194CEBE27C41
S3150000B060CA45F346D9D10BF118020DEB02077A68EF
S3150000B070D117614508BFAA4270D1002E63D00124C2
S3150000B08000210DF1180C5CF8045FEA1704FB02F2CC
S3150000B09005FB0122A4FB054167451144F3D1771C4A
S3150000B0A0B84258DD4FF0010806AA02EB870252F8B3
S3150000B0B0045F0137B842A8FB0585F8DC012C71F165
S3150000B0C0000233DBBAF1000F30D00020CDE9044195
S3150000B0D001968646064604460DF158090025CDE937
S3150000B0E0024E0CAF57F8042B01981168884235DAE6
S3150000B0F05A44546859F8251008FB04F418462246A9
S3150000B10006FB04112FF0D4F803460135AA45234463
S3150000B110E8D1DDE9024EDDE9042101344EF1000EED
S3150000B120714508BFA24201D02646D7E75DB0BDE80B
S3150000B130F08F7FF42EAF4BE7002E0FDB5546D4463B
S3150000B1404FEA860B8FE7012401283146D8BFA04677
S3150000B150B8DD2746A6E74FF00108AFE72EF08AFED6
S3150000B1602DE9F04FDDB00DF1800843460022074679
S3150000B1700C465CAD43F8182BAB42FBD1002F00F018
S3150000B1800B81002C00F0088121680B68002B40F32E
S3150000B190EE80002621AD32462146384609F020FAD7
S3150000B1A0014616A809F050FA169B284645F8043CB5
S3150000B1B017A99A002FF07CF8216801360B6818351C
S3150000B1C09E42E8DBF3B1002245460CA801329A42C2
S3150000B1D040F8045B05F11805F8D30B68002B11DD68
S3150000B1E0002516AE2A462146384609F0F9F9002808
S3150000B1F000F0D280236802681B6801359D4246F83C
S3150000B200042BEFDB21460022384609F003FA2569B4
S3150000B2100446002D00F0C080014606A809F014FA85
S3150000B220002C00F0B98095F90060069823688642E4
S3150000B230B5F80CA080F2B080BAF1000F00F09A8049
S3150000B2400025AC46A9460DF130084FEA860E58F89F
S3150000B250047B3A68904240F09F80002810DD00226F
S3150000B26007F1040B964208D006A901EB82014C684F
S3150000B2705BF822108C4240F08F8001329042F1D16F
S3150000B280002EC0F2898077447A6809F101095519C0
S3150000B2904CEBE27CCA45F346D9D10BF118020DEB13
S3150000B2A002077A68D117614508BFAA4274D1002EF9
S3150000B2B067D0012100240DF1180C5CF8045FEA1731
S3150000B2C001FB02F205FB0422A1FB051467451444A9
S3150000B2D0F3D1771CB8425CDD4FF0010906AA02EBF8
S3150000B2E0870252F8045F0137B842A9FB0595F8DCDE
S3150000B2F0012974F1000237DBBAF1000F34D00020C7
S3150000B300CDE9041401968446064604460DF1580814
S3150000B3100025CDE902C40CAF57F8042B019811683B
S3150000B320884239DA5A44526858F8251009FB02F265
S3150000B33006FB02FCD4001846224601EBCC012EF097
S3150000B340B7FF03460135AA452344E5D1DDE902C42A
S3150000B350DDE904211CF1010C44F10004A14208BFFF
S3150000B360624501D06646D3E75DB0BDE8F08F7FF455
S3150000B3702AAF47E7002E0FDB5546D4464FEA860B29
S3150000B3808BE7012101283446D8BF8946B4DD0F4634
S3150000B390A2E74FF00109ABE72EF06CFD2DE9F04F67
S3150000B3A0DDB00DF180084346002207460C465CAD31
S3150000B3B043F8182BAB42FBD1002F00F00B81002C79
S3150000B3C000F0088121680B68002B40F3EE80002610
S3150000B3D021AD32462146384609F002F9014616A843
S3150000B3E009F032F9169B284645F8043C17A99A003D
S3150000B3F02EF05EFF216801360B6818359E42E8DBA9
S3150000B400F3B1002245460CA801329A4240F8045B8B
S3150000B41005F11805F8D30B68002B11DD002516AED3
S3150000B4202A462146384609F0DBF8002800F0D2808B
S3150000B430236802681B6801359D4246F8042BEFDB42
S3150000B44021460022384609F0E5F825690446002D14
S3150000B45000F0C080014606A809F0F6F8002C00F0BE
S3150000B460B98095F90060069823688642B5F80CA065
S3150000B47080F2B080BAF1000F00F09A800025AC4649
S3150000B480A9460DF130084FEA860E58F8047B3A6853
S3150000B490904240F09F80002810DD002207F1040B47
S3150000B4A0964208D006A901EB82014C685BF822108F
S3150000B4B08C4240F08F8001329042F1D1002EC0F2D2
S3150000B4C0898077447A6809F1010955194CEBE27CC9
S3150000B4D0CA45F346D9D10BF118020DEB02077A687B
S3150000B4E0D117614508BFAA4274D1002E67D0012149
S3150000B4F000240DF1180C5CF8045FEA1701FB02F258
S3150000B50005FB0422A1FB051467451444F3D1771CFF
S3150000B510B8425CDD4FF0010906AA02EB870252F839
S3150000B520045F0137B842A9FB0595F8DC012974F1DF
S3150000B530000237DBBAF1000F34D00020CDE9041445
S3150000B54001968446064604460DF158080025CDE9C5
S3150000B55002C40CAF57F8042B01981168884239DAF7
S3150000B5605A44526858F8251009FB02F206FB02FC01
S3150000B57054001846224601EB4C012EF099FE034674
S3150000B5800135AA452344E5D1DDE902C4DDE90421FC
S3150000B5901CF1010C44F10004A14208BF624501D030
S3150000B5A06646D3E75DB0BDE8F08F7FF42AAF47E784
S3150000B5B0002E0FDB5546D4464FEA860B8BE701215A
S3150000B5C001283446D8BF8946B4DD0F46A2E74FF0BE
S3150000B5D00109ABE72EF04EFC30B5002283B00446DD
S3150000B5E00D4609F017F878B3007A431E082B06D8E3
S3150000B5F0DFE803F00F16051B050520052500656924
S3150000B60028F0AAFF154902462046A847012003B0A4
S3150000B61030BD29462046FFF74DFA002003B030BD65
S3150000B62029462046FFF764FBF7E729462046FFF741
S3150000B63097FDF2E729462046FFF7B0FEEDE72946DB
S3150000B6402046FFF773FCE8E705496569DE230091AC
S3150000B6502046044A0449A847D8E700BF54B203006D
S3150000B660F0B00300A0B0030064A50300836B0BB128
S3150000B6703421184710B52EF0FDFB00BF2DE9F04F21
S3150000B680304BE7B01A680F46804608F0A9FF2E4BEC
S3150000B69039461A680646404608F0A2FF3B6804464B
S3150000B6A0049323B11B68032B43D000230493274B39
S3150000B6B0394640461A6808F0ADFF79690546002903
S3150000B6C000F0E8813F69002F00F0E481307A2B7AA0
S3150000B6D0984210D0CDE902031D4A1E49D8F81440FD
S3150000B6E038230192009140461B4A1C49A04701207D
S3150000B6F067B0BDE8F08F237A984239D0072812D177
S3150000B700092B10D1049B187A022800F0938604288E
S3150000B71000F0C78428F020FF049B01461A7A1048DF
S3150000B72025F0EAFBE3E74046D8F814300D49984780
S3150000B730DDE70D4B394640461A6808F051FF049084
S3150000B740B5E700BF0C110400081104000011040045
S3150000B750E0A603001CA703008CB2030058A6030052
S3150000B7604CB40300BCB20300041104000000000046
S3150000B7700728C7D0092800F0F981012840F0668122
S3150000B7803A4658A801F074FA31463AA808F05CFF28
S3150000B7903368214640A8149308F056FF2368049C9A
S3150000B7A046A82146219308F04FFF0CB12368049365
S3150000B7B029464CA808F048FF2B68002152A822937E
S3150000B7C008F042FFBDF96E213A9B1192BDF9702136
S3150000B7D0042B9DED646ADDED655ABDF96A61BDF91C
S3150000B7E06C51BDF962E1BDF96441129240F052819B
S3150000B7F0409B042B40F04E814C9B042B40F04A8129
S3150000B8003B9B4D9A9A4240F04581419A5099104689
S3150000B810884215923E9A40F03D81049989B1469F2F
S3150000B820002F41F3E880012046A901EB870751F874
S3150000B83004CFB9420CFB00F0F9D11599814240F0D2
S3150000B840298144983C993D9F249192FBF0F12397DE
S3150000B85000FB1122429F0B902097439F1F97002ABF
S3150000B86040F018811598002B90FBF1F1C8BF944663
S3150000B8702691DDE94E1040F36B81002940F3FB82EF
S3150000B8805FED466A2246CEF10007002840F35B8151
S3150000B89000240C9454421094E2461446159A0D97CF
S3150000B8A0002A40F344810022D1460E924FF0000A4E
S3150000B8B0CDE927652B914D465146049ACDE929409D
S3150000B8C0CDE92C371B92209A269B002A91FBF3F395
S3150000B8D01FED5A7A40F3D180DDE942AE0B9A3C9CCB
S3150000B8E002FB03F3109A0D9E05FB042093463D9A36
S3150000B8F0089302FB00603E9B4FF0000803FB00F03C
S3150000B9000A90449801FB0AFC00FB0EF606FB0CF9B4
S3150000B91003FB02FC09901298149F00FB0CF01A908E
S3150000B92011981C9603FB00F018903A980F903B98DC
S3150000B93006904098139041980790089807EB80006E
S3150000B94019900A9F09981F9E002E40F38A800026B0
S3150000B950CDE91D97CDF8B890DDF834C0C1462F97D4
S3150000B960B0460DE0119E189FB4441D9E08F10108D3
S3150000B97006441D961E9E3E441E961F9EB0456DD0E3
S3150000B9805CEA0B06EED4239E6645EBDD249E5E45FF
S3150000B990E8DD0B9E002EE5DD0F9E042E7AD1089E73
S3150000B9A01D9F2596219ECDE9091506EB870616965D
S3150000B9B01E9F199E06EB870617960026259F069959
S3150000B9C0002940F030850A99002963D1002C40F007
S3150000B9D02585BBF1000F5DD1002A40F01185BCF131
S3150000B9E0000F57D1002B40F01185002F52D1179927
S3150000B9F0B1EC015A1791139904294BD107990029E3
S3150000BA0040F0F0840999002944D1BAF1000F40F0C2
S3150000BA10F284B9F1000F3DD1BEF1000F40F0D7849A
S3150000BA20B8F1000F36D1002840F0D78496BB16999E
S3150000BA300136F1EC017A16910B99A5EE277AB142FF
S3150000BA4007F10107BBD1DDE909158BE728F084FD75
S3150000BA50327A0146444825F04FFA48E6C846DDE901
S3150000BA602E971C9E08F10108B1441A9E3744129E77
S3150000BA70B344209EB0457FF466AF049B63B11B9B25
S3150000BA80D3ED007A4C9B77EE877A042B02D14D9B3F
S3150000BA902BB935B12EF0EEF9F0EE667AF2E7AB424D
S3150000BAA0F8DD4E9B0C9A002B5AD1002AF2D14F9802
S3150000BAB00E9A002851D1002AECD1509A002A49D179
S3150000BAC00029E7D1B4EE676AF1EE10FA76FE277A1E
S3150000BAD0F4EE675AF1EE10FA48BFF0EE657A0C9C68
S3150000BAE005FB03430E9C00FB034302FB03131B9A57
S3150000BAF0013104321B92229A02EB8303C3ED007AD2
S3150000BB00159B99427FF4DFAEDDE92940DDE92B1371
S3150000BB100E9A279E01320E920D9AA94632440D9234
S3150000BB200E9A289D90422D9F7FF4C0AECA460C9A6D
S3150000BB3001320C92109A2A4410920C9A91427FF488
S3150000BB40ADAE2246D4460CF1010C63457FF49DAEA2
S3150000BB500020CDE58A42B5DC9CE79042ADDC99E752
S3150000BB609342A4DC96E700BFA0A503003A4658A876
S3150000BB7001F0C4F87B6A314640A82793D7F828908D
S3150000BB8008F062FD3368214646A8289308F05CFD5C
S3150000BB90049E23684CAC314620461D9308F054FDA4
S3150000BBA00EB133680493294652A808F04DFDBDF93D
S3150000BBB06E112B680991BDF97011639A0E915D990A
S3150000BBC01E9326915F99629B1F91BDF96211934264
S3150000BBD0BDF96AA1BDF96C71BDF964C120932192CA
S3150000BBE029913FF757AF409B042B7FF453AF469BF9
S3150000BBF0042B7FF44FAF529B042B7FF44BAF41993C
S3150000BC00539B99427FF446AF479B449D1A46119336
S3150000BC10569B93427FF43EAF049B7BB14C9A012323
S3150000BC20002A07DD04EB820254F8040F944200FB5D
S3150000BC3003F3F9D1119A93427FF42CAF4A9B429AAF
S3150000BC4043982A9295FBF3F20A931B9003FB125337
S3150000BC504898109049980B90002B7FF41BAFDDE9B4
S3150000BC6054561198002990FBF2F223927FF770AF99
S3150000BC70002D7FF76DAF9B463A46CCF10003374661
S3150000BC80DE46AC46564600200C468246114618460D
S3150000BC904A460C93CDF818E0002F40F381810C9BA7
S3150000BCA0119D002D40F3F6810C93299BA2F1040E01
S3150000BCB05B420F93279B2B921D1F4FF000093346C3
S3150000BCC05246CDE92C1CCDE92E404FF0000BCDE9B4
S3150000BCD03037A84676465B46CDE9325E1098239902
S3150000BCE0002893FBF1F140F3CC810A98429D00FBBA
S3150000BCF001F10C981595074619900698229100FBBC
S3150000BD000575439F0F98002107FB0505449C0E9877
S3150000BD1004FB05FC489DDDF828A10795499D16976B
S3150000BD20089504FB07F5089F00FB05F0079D0AFB35
S3150000BD3007FB03FB05F518901D980D930BFB050EED
S3150000BD4009980F4604FB00F0129040981546139090
S3150000BD504198149046981C90479817901A944C4610
S3150000BD60E146B44619980B9B002B40F39480CDE92D
S3150000BD703454CDE9369E74464E460022E646CDE959
S3150000BD8038B80F9B199108E0099D01322B44129D8A
S3150000BD9054442E440B9DAA4273D053EA0005F3D4B3
S3150000BDA01B9D9D42F0DD2A9D8542EDDD0A9D002DFD
S3150000BDB0EADD139D042D7FF46DAE229D2899AC46D5
S3150000BDC001EB0508B0440025C346CDE92464199962
S3150000BDD004F1FF39149C002C40F03081069C002CA5
S3150000BDE07FF458AE159C002C40F0238100287FF488
S3150000BDF051AE169C002C40F00B81002B7FF44AAE0E
S3150000BE001A9C002C40F00C81BCF1000F7FF442AE6E
S3150000BE101C9C1BF9018B042C7FF43CAE179C002C58
S3150000BE2040F0F0800D9C002C7FF434AE079C002C73
S3150000BE3040F0E380002F7FF42DAE089C002C40F0EC
S3150000BE40D080002A7FF426AEBAF1000F40F0D180F0
S3150000BE50002D7FF41FAE269C0135A04419F9014F31
S3150000BE600CF1010C08FB04110A9CAC42B2D1DDE9CD
S3150000BE702464199188E70CF1010C9C457FF4FDAC14
S3150000BE8066E6F446DDE93454DDE938B81999DDF89B
S3150000BE90D890DDF8DCE0189B013799440E9BDE4410
S3150000BEA01844109B9F427FF45EAF2A46A146664621
S3150000BEB00D9B049810B150F82300014456F8044F26
S3150000BEC058F8045F24EAE47081408D42C4F1000012
S3150000BED020EAE07000F0C78081FB0515002DC0F256
S3150000BEE0B38011F1804145F10005C90F41EA4501D2
S3150000BEF01F34C0F2C88001248440013CCD0F05EBFD
S3150000BF0064050C4041FA00F0A542B8BF01301F9C01
S3150000BF1052992044209CA042B8BF2046219CA042B2
S3150000BF20A8BF204604297FF4B5AD5399002954D102
S3150000BF30069900297FF4AEAD549900294AD1002A0A
S3150000BF407FF4A8AD559D002D41D1B9F1000F7FF4C6
S3150000BF50A1AD569C002C37D1002B7FF49BAD069FDC
S3150000BF6001FB072105FB01911E9D04FB0151C854ED
S3150000BF70119901338B427FF4B1AEDDE93037DDE94B
S3150000BF80325E0F9909F1010919444F450F917FF46B
S3150000BF909CAEDDE92C1CDDE92E401E4692462B9A0E
S3150000BFA00C9B0AF1010A0B44D4450C937FF474AE42
S3150000BFB0DDF818E091460EF1010E74450A46034677
S3150000BFC021467FF460AEC3E59C42C8DC62E5A94524
S3150000BFD0BFDB5FE59142B5DC5CE5069C8C42ABDBE2
S3150000BFE058E5089CA242BFF655ADBAF1000F3FF4E2
S3150000BFF02FAFAA453FF72FAF4CE5079CA742FFF6A8
S3150000C0001CAF47E5179C0D9EB4423FF70FAF41E5C5
S3150000C010169C9C427FF73EAD1A9C002C3FF4F4AE72
S3150000C020BCF1000FFFF636AD1A9C64453FF7F0AE43
S3150000C03030E5159C84423FF7DCAE2BE5069C149E4A
S3150000C040B442FFF6CFAE25E5994FC91965F1000553
S3150000C050002D04DA6FF00047C91945F10005C90F34
S3150000C06041EA450144E7B5F1004F7FF435AF1F348F
S3150000C07009DB012101FA00F4013C6FF00041651073
S3150000C08040E7002115E740F267118A4B8A4A8B4840
S3150000C09029F0F2F80AF1010AD4450B447FF400AE08
S3150000C0A086E73A4658A800F029FE7B6A314640A842
S3150000C0B02793D7F828B008F0C7FA3368214646A870
S3150000C0C0289308F0C1FA049E23684CAC31462046FA
S3150000C0D0299308F0B9FA3368294652A8239308F041
S3150000C0E0B3FABDF962112B682B91BDF96A11639AF7
S3150000C0F02C91BDF96E112A93629B1791BDF97011AF
S3150000C1009342BDF96461BDF96CC12D932E920D91D8
S3150000C1103FF7C0AC409B042B7FF4BCAC469B042B82
S3150000C1207FF4B8AC529B042B7FF4B4AC419A539B7A
S3150000C1309A427FF4AFAC479B449918461893569B96
S3150000C14098427FF4A7AC239B7BB14C98012300282F
S3150000C15007DD04EB800054F8045F844205FB03F31B
S3150000C160F9D1189898427FF495AC4A9B429891FB76
S3150000C170F3F43090439803FB14112F9048980E93D4
S3150000C18015904998079000297FF484ACDDE9543076
S3150000C190002A7FF7DDAC002B7FF7DAAC8A467142C6
S3150000C1A006460846189D194695FBF4F4D8460346FC
S3150000C1B03194CDF818A0184616934FF0000B0B4695
S3150000C1C0002E40F395831699189C002C40F3FE83AD
S3150000C1D0CDE93382A8F1040E4FF0000A9846169175
S3150000C1E02B994942099127990C1F4FF00009379066
S3150000C1F04D462046CDE9254ECDE91BBACDF8D4C033
S3150000C2003696159A319B002A95FBF3F340F3D283B9
S3150000C2100E9A169E02FB03F3429C069F249307FB8D
S3150000C220046310943146439C099E449A04FB0363BD
S3150000C23002FB03F6499B11940C9302FB04F30D9C3D
S3150000C240489F04FB03F4DDF828B11A940C9C05FB07
S3150000C25007F30BFB04F9299C149709FB0347179C6A
S3150000C260129202FB04F22292409A249B1992419A5E
S3150000C27000240F92469A4FF0000A2192479AF446FC
S3150000C2801392289A02EB430332930023CDF8E08001
S3150000C2908046CDE904341D95CDF87890079B002B98
S3150000C2A040F36982B946334600243546099811E0C1
S3150000C2B0010000C058A4030068A40300C4A403003E
S3150000C2C0179A01341044229AD9441344079A944287
S3150000C2D000F0508250EA0102F2D42F9A8242EFDD3A
S3150000C2E0309A8A42ECDD0E9A002AE9DD199A042A70
S3150000C2F07FF4D0AB4FF0000E09F1FF320A92329A6A
S3150000C300CDF8808002EB43020B921F957246984649
S3150000C3103D46E646249E08940F9B002B40F02C8356
S3150000C320069B002B7FF4B6AB109B002B40F01E83C0
S3150000C33000297FF4AFAB119B002B40F00683002849
S3150000C3407FF4A8AB129B002B40F00783002E7FF4EE
S3150000C350A1AB0B9F219B37F902CB042B0B977FF4E4
S3150000C36099AB139B002B40F0E9821D9B002B7FF4B9
S3150000C37091AB149B002B40F0DB82BAF1000F7FF4E7
S3150000C38089AB0C9B002B40F0C582089B002B7FF4E9
S3150000C39081ABBBF1000F40F0C682002A7FF47AAB76
S3150000C3A00A9B013213F9017F01360A93DDE9043451
S3150000C3B0CCFB8734CDE904340E9B9342ACD12F4697
S3150000C3C04346F446089C1F9DDDF8808078E7C64505
S3150000C3D07FF760AB00283FF429ABB0423FF727ABAD
S3150000C3E0FFF758BB0799099DA9427FF753ABBAF1EE
S3150000C3F0000F3FF40EABCA453FF70EABFFF74ABB43
S3150000C40062457FF747AB002B3FF4EFAA002FFFF6FC
S3150000C41041ABBB423FF7EBAAFFF73CBB5C453FF79E
S3150000C420DBAAFFF737BB06990A9DA9423FF7CEAABA
S3150000C430FFF730BB3A4658A800F060FCD7E909BAC6
S3150000C440314640A808F000F93368214646A82093F3
S3150000C45008F0FAF82368049C4CA82146219308F0BA
S3150000C460F3F82368294652A8189308F0EDF8BDF9A9
S3150000C4706E112B680A91BDF97011639A2293629B23
S3150000C4800891BDF962119342BDF96A91BDF96C51EB
S3150000C490BDF964612393249225913FF7FBAA409B43
S3150000C4A0042B7FF4F7AA469B042B7FF4F3AA529B36
S3150000C4B0042B7FF4EFAA419B539A93427FF4EAAA96
S3150000C4C0479A5699104681420C92449A7FF4E2AA02
S3150000C4D0189989B14C9C002C40F3B68301204CA9D5
S3150000C4E001EB840451F8047FA14207FB00F0F9D167
S3150000C4F00C9988427FF4CEAA4A984299439C12919D
S3150000C50092FBF0F1139400FB1122489C0B900994C6
S3150000C510499C2894002A7FF4BDAA0C98002B90FB16
S3150000C520F1F1DDE9540427917FF712AB00287FF77C
S3150000C5300FABD4469646CA462946074691467642EA
S3150000C5400A4618464FF0000863463146B446CDF811
S3150000C5501090002C40F3F1820C9D002D40F36D836A
S3150000C5600025259ECDE92DB2764207962A466646D7
S3150000C570ABF10409A3F1040E2F9030974FF0000B96
S3150000C5805D46CDE9313ACDF85C90CDF87CE0339448
S3150000C5900691CDF8D090CDF850E00999279B002957
S3150000C5A095FBF3F340F346830B99049C01FB03F3DD
S3150000C5B042994FF0000A1C9104FB0161079F439CBE
S3150000C5C01E9304FB01710D943346489C44980F94C6
S3150000C5D0499CDDF828B110940D9C0E9000FB01F1EA
S3150000C5E000FB04F0109C089F0BFB04FE0F9C07FB4E
S3150000C5F000F905FB04F0219F0EFB007C0A9F0E98B4
S3150000C60007FB00F011904098209F2A9041981B90BC
S3150000C61046982B9047981D901E9C504607EB440465
S3150000C620CDE915A5CDE93582DDF818A0D846149FC9
S3150000C630DDF8A0B026943796BBF1000F40F3EE81EB
S3150000C6400D46664671460024AE46079A069008E0F7
S3150000C6500A98013402441198A3450544464400F063
S3150000C660D98153EA0200F3D413988242F0DA129881
S3150000C6708342EDDA0B980028EADD2A9804287FF435
S3150000C68009AA002014934B4629901E98CDE938CA72
S3150000C6902C90701E1A902698D94600EB45001990EA
S3150000C6A0B44606989B4606910021F246AE462C9D5E
S3150000C6B02C971B9B002B40F07E82049B002B7FF463
S3150000C6C0E9A91C9B002B40F05C82149B002B7FF495
S3150000C6D0E1A90D9B002B40F05D82002A7FF4DAA9C8
S3150000C6E00E9B002B40F05E82002D7FF4D3A9199B90
S3150000C6F033F9026B19932B9B3746042B7FF4CAA997
S3150000C7001D9B002B40F06F82169B002B7FF4C2A965
S3150000C7100F9B002B40F0618200287FF4BBA9109B81
S3150000C720002B40F05482002C7FF4B4A9B8F1000F1E
S3150000C73040F0488200297FF4ADA91A9B013113F914
S3150000C740016F01351A933B46159F13FB067315932C
S3150000C7500B9B8B42ADD10699069058466646CB4652
S3150000C76075468146D646149BDDF8E0C0DDF8E4A0A8
S3150000C7702C9F6DE72E461A9B0AF1010A1E441E9B4A
S3150000C7801F440D9B1944159B9A457FF487ADE646D9
S3150000C79040461D9DDDF8E080239B6BB1DDE9049AE0
S3150000C7A04A4653F83510511803EBC50253465668EE
S3150000C7B046EB0306CDE90416259B53F8041F259383
S3150000C7C0269B002953F8046F2693C0F20D8106F1CB
S3150000C7D01F07262F00F20181DDE9049A4FF0FF338F
S3150000C7E04B454FF6FF730AF5004773EB0707C0F09A
S3150000C7F0E680824B994200F3D98001F500410F147F
S3150000C800C917DDE9049A4B46012403FB01F107FB36
S3150000C8100A13A9FB07721A44C6F10E03A3F12009F5
S3150000C820C3F1200104FA09F924FA01F104FA03F329
S3150000C830DB1949EA010142EB0101C6F10F0211368B
S3150000C840D34001FA06F6203A43EA06035CBF41FAF2
S3150000C85002F213432D9A2E9E9A42B8BF1A46529B55
S3150000C8609642A8BF1646042B7FF414A9539B002BAF
S3150000C87040F09680069B002B7FF40CA9549B1B9AD4
S3150000C880002B40F08880002A7FF404A955991C9A51
S3150000C89000297CD1002A7FF4FDA8569A002A72D17D
S3150000C8A0002D7FF4F7A81B9C069F07FB03431C9CE7
S3150000C8B001FB034302FB03532A9A013522F8136056
S3150000C8C0189B9D427FF49DACDDE935C6A246099BC7
S3150000C8D02C9A0AF1010A134456450446DDF86CB059
S3150000C8E0379809937FF481AC4346349ADDF8CC80BF
S3150000C8F016990BF1010B61449B4516917FF460ACD0
S3150000C9001946034606980130824206907FF453ACDE
S3150000C910FFF71EB90C9B089CA3427FF7BBA8BBF18F
S3150000C920000F3FF43AAD93453FF73AADFFF7B2B883
S3150000C930149B9A45FFF625ADFFF7ACB81D9B139FD8
S3150000C940BB42FFF616ADFFF7A5B8119B83427FF7F2
S3150000C950A1A8129B002B3FF4F9AC002EFFF69AA873
S3150000C960129BB3423FF7F5ACFFF794B8109B8B428E
S3150000C9703FF7E1ACFFF78EB80F9B069FBB423FF730
S3150000C980D3ACFFF787B895428DDBFFF783B89142AA
S3150000C99083DCFFF77FB893423FF778AFFFF77AB8AB
S3150000C9A0069A93423FF76AAFFFF774B847F6FF77E8
S3150000C9B0002126E700230024CDE90434ECE64FF4F9
S3150000C9C08A710F4B0F4A104828F056FC0BF1010BE9
S3150000C9D05B4561447FF4F8AB92E740F213110B4BD1
S3150000C9E0084A094828F048FC4FF48971084B054A63
S3150000C9F0054828F041FC0120FEF71FBFFFFFFE7F20
S3150000CA00FCB3030038B3030080B30300E0B30300B4
S3150000CA101CB3030072468E4611460698089A0130EA
S3150000CA201344099A49448242F4447FF405AEDDE991
S3150000CA303582CDF818A0169D379EDDF854A01497C0
S3150000CA40189B13B153F825309A441F9B179853F837
S3150000CA50041F1F9321EAE17C50F8043F0AFA0CFCFC
S3150000CA6017906345C1F1000020EAE07000F0C28033
S3150000CA708CFB033CBCF1000FC0F2CC8013F1804369
S3150000CA804CF1000CDB0F43EA4C031F31FFF6FBAA07
S3150000CA900121814001394FEAD37C0CEB610C19402E
S3150000CAA003416145D4BF1846581C2399529B8842BE
S3150000CAB0B8BF084624998142A8BF0146042B8C467C
S3150000CAC07EF4E8AF539B002B56D1049B002B7EF4DB
S3150000CAD0E1AF549B002B4BD1B8F1000F7EF4DAAFD7
S3150000CAE05598002840D1002A7EF4D4AF5699B9BB98
S3150000CAF0002D7EF4CFAF049C04FB038300FB0323CD
S3150000CB0001FB03532299013521F813C00C9B9D426A
S3150000CB107FF443ADDDE9313ADDE933490798013267
S3150000CB20504494420699DDF850E007907FF426AD14
S3150000CB30DDE92DB2DDE92F07B44608F10108B84555
S3150000CB4094447FF406ADDDF810909C4609F1010986
S3150000CB5048450E46034611467FF4F2ACFEF7F8BF91
S3150000CB60A942C8DCFEF796BF9042BFDCFEF792BF33
S3150000CB704345B5DCFEF78EBF04998B42A9DCFEF770
S3150000CB8089BF1C9B149E9E42BEF684AF0D9B002B54
S3150000CB903FF4A3AD0D9B9A42BEF67CAF0E9B002BD5
S3150000CBA03FF4A2AD002DFEF675AF0E9BAB423FF7EC
S3150000CBB09EADFEF76FBF1B9B049EB3423FF781AD50
S3150000CBC0FEF768BF88453FF7B8ADFEF763BF109B19
S3150000CBD0A3423FF7ABADFEF75DBF0F9B9842FFF652
S3150000CBE09EADFEF757BF1D9B169EB3423FF790AD15
S3150000CBF0FEF750BFB3F1004F7FF43AAF1F31FFF697
S3150000CC0042AA012303FA00F101396FF000434FEA0B
S3150000CC10610C45E70D4C1B196CF1000CBCF1000FC3
S3150000CC2004DA6FF000441B194CF1000CDB0F43EAE9
S3150000CC304C032AE74FF0000A02E708F101084745CE
S3150000CC4094447FF489AC7EE7012051E4010000C0E2
S3150000CC5010B50446034B044A044907F099FC2046E4
S3150000CC6010BD00BF7DB6000079CF00006DB6000094
S3150000CC7070B50B7B0D46012B0446164633D0032BAD
S3150000CC802CD0BFEE007A9FED1A6AF7EE007ADFED40
S3150000CC90196A022B07FE067A47FEA67A287884EDE3
S3150000CCA00C7AC4ED0D7A07F0E1FC0023326869685E
S3150000CCB0628072682070A2801A4661F30F03A96829
S3150000CCC0204661F31F43D5E9046166F30F0261F361
S3150000CCD01F42C4F80A30C4F80E2070BD9FED067AD4
S3150000CCE0F1EE087ADAE79FED047ADFED027AD5E70E
S3150000CCF0FFFF7FFFFFFF7F7F0000000070B5154636
S3150000CD00D2E9042352425B4204460E46C0E905239B
S3150000CD10D5E9062303622B6AC2615B424362087847
S3150000CD2007F0A4FC6B682A68A3806280B368726807
S3150000CD30A3816281D6E904132382D5E90B23C4E9D2
S3150000CD400A232070E181204670BD00BF2DE9F04F17
S3150000CD5014460A688DB012680546023A012A9DF803
S3150000CD606CB01C9E0AD97B494469562300917A4AC5
S3150000CD707A49A04701200DB0BDE8F08F4A688A467F
S3150000CD801268012A0CD00126754B4469CDE901329F
S3150000CD90744A5723009274496F4A0396A047E9E7FD
S3150000CDA01799D4E90420013902FB01F1189AD4F845
S3150000CDB004C0013A00FB02F2D4F808E02078013101
S3150000CDC00132BCF1000F10D0012800F09F8002282C
S3150000CDD01CD10CEB0300401A90FBFCF00138BEF1AD
S3150000CDE0000F0CD14FF0FF3713E0BEF1000F0DD04E
S3150000CDF0012800F0AB8002284FF0FF3008D1169FC3
S3150000CE007744BF1A97FBFEF7013F02E04FF0FF3071
S3150000CE10074600FB0C1107FB0E22CB1A169923EAD4
S3150000CE20E373521A22EAE272591003F00103B36067
S3150000CE30531002F001023160F2607360EF68002265
S3150000CE403B68514638469B699847804600286ED015
S3150000CE503B680122514638469B699847814600281F
S3150000CE606ED03B68514602229B69384698473B681C
S3150000CE7051460B9000223846DB69984782460028C7
S3150000CE8061D0BBF1010F20D0D9F808300C345B68B3
S3150000CE9001940893CDF800A0B36A28460793736AF5
S3150000CEA04A46069306F13003059306F12C030493D4
S3150000CEB006F12003039306F11C03029341460B9BE4
S3150000CEC025F048FD00287FF456AFD8F810304146CB
S3150000CED03361D9F8103038467361DAF81030B3612F
S3150000CEE03B685B6A98473B68494638465B6A9847A1
S3150000CEF03B68514638465B6A98473B6838460B990B
S3150000CF005B6A984700200DB0BDE8F08F0CEB03007C
S3150000CF10013890FBFCF00138BEF1000F3FF462AF20
S3150000CF20169F7744013F97FBFEF7013F71E76423A5
S3150000CF300E496C6928460091074A0849A04719E737
S3150000CF4067230B49F5E76C230A49F2E74FF0FF30F8
S3150000CF50E6E700BFA4B4030070B4030064A50300B1
S3150000CF60B0C00300C8B4030058A603007CA50300A4
S3150000CF70DCB40300E8A903002DE9F04FD1F810A0B6
S3150000CF8091B0BAF1000F00F0AF80D1F814B00E46A0
S3150000CF90BBF1000F00F0A880C56804462B6800228C
S3150000CFA02846DB6998470746002800F094802B68DE
S3150000CFB00022314628469B6998478046002800F0A3
S3150000CFC08D802B680122314628469B699847814609
S3150000CFD0002800F08680D8F808E08368DEF80C2088
S3150000CFE0D7F808C00A92DEF8082059680B92DA686A
S3150000CFF09B6889000D93DCF80C3020460E93DCF814
S3150000D000083009910F93A36B0C929847CAF8240035
S3150000D010A36B204609999847CAF8280098F800306B
S3150000D020092B28D0072B26D0CDE9053A0F9B2046A1
S3150000D03004930E9B5A4603930D9B314602930C9B19
S3150000D04001930B9B00930A9BFFF780FE044670B981
S3150000D0502B68494628465B6A98472B68414628460E
S3150000D0605B6A98472B68394628465B6A984720468C
S3150000D07011B0BDE8F08F99F83020012A1DD1D9F8FA
S3150000D0803420002A30D0116800292DD052685AB3B6
S3150000D0900A68012AC8D0D9F8081049688A42C3D05C
S3150000D0A0B5231249656920460091114A1149A847DE
S3150000D0B00124204611B0BDE8F08F01260E4B0F4922
S3150000D0C0CDE9013220466569AC230091084A0C4936
S3150000D0D00396A847ECE792230A49E3E795230A4912
S3150000D0E0E0E798230949DDE72CF0C4FE28B50300E4
S3150000D0F070B4030064A50300F0B403000CB503008C
S3150000D10058A60300E8A903007CA50300DCB40300CD
S3150000D1102DE9F04F2DED028B0B68044689B013B153
S3150000D1201B68022B12D08C4A65690226CDE90123C1
S3150000D13020462F23894A009289498A4A0396A8479E
S3150000D140012009B0BDEC028BBDE8F08F4F68884620
S3150000D15007B33F68012F1DD1C568069328680022D2
S3150000D16086692846B047064629683A4628468F69A2
S3150000D1704146B8473278074602F0F702012A069B75
S3150000D18011D039237849656920460091754A774957
S3150000D190A847D5E7764B65690126CDE901372046D4
S3150000D1A03023744AC7E7017802293CD18168D1F857
S3150000D1B00090B9F1000F43DD00208E46844692466A
S3150000D1C05EF8043F0CF1010CDA170AFB02F203FBCE
S3150000D1D00022AAFB03A0CC451044F1D10AF1FF338B
S3150000D1E003432DD0002601273046656951F8042FE8
S3150000D1F00130D31707FB03F302FB0633A7FB0276C6
S3150000D20048451E44F2D14FF0010C594B5A4A01933E
S3150000D210009220463D23534A514902970396CDF882
S3150000D22010C0A8478CE7CDE90213544A544E6569ED
S3150000D2303B23019220464B4A49490096A8477FE77F
S3150000D240B3681B68002B17DD2B680022DB6941469B
S3150000D2502846984733780278824693420FD0CDE924
S3150000D2600232484E484965694423009120463D4AAA
S3150000D2703B490196A84763E73F23444983E70146B4
S3150000D280304625F099FCA0B19AF80030092B13D04E
S3150000D2902B68314628465B6A98472B6839462846EC
S3150000D2A05B6A98472B68284651465B6A9847002078
S3150000D2B047E74523364966E72421A36B204698476E
S3150000D2C01422C8F81000336983465B428360DAF89B
S3150000D2D010300262C360F0682BF0BAF802460B46C3
S3150000D2E0CDE906232AF056FF8046DAF80C00894677
S3150000D2F02BF0AEF80022274B2BF002F902460B4624
S3150000D300404649462BF026FA42464B4641EC180B5E
S3150000D310DDE906012BF01EFA0BF118090BF11008D6
S3150000D32041EC100B4946404625F0F2F80BF11C0182
S3150000D3300BF11400B0EE480AF0EE680A25F0E8F8A2
S3150000D3400BF104030093002120465B46524625F06C
S3150000D3502FFA00289CD0F4E6500C0400F0A8030035
S3150000D36058A60300A4B50300D4B5030064A50300C2
S3150000D370B0C0030074A603002CB6030010B6030069
S3150000D38020B60300E0A603001CA7030040B6030076
S3150000D3905CB60300000030412DE9F04F89B09DF8DE
S3150000D3A04840039104949DF84C400194D0E90B54F5
S3150000D3B0A54200F375814668114606F17F02FF2AF1
S3150000D3C000F26E810C68002C40F36A81002BC0F2DB
S3150000D3D06781A34280F264814FF0010900224F4623
S3150000D3E0CE4606E002F10102D4BFA9466F43A2422F
S3150000D3F008D09A4251F8045FF4DA0132A24205FBE2
S3150000D4000EFEF6D10297002F00F03581019B4FF0FA
S3150000D410000B3BB9BEF1000F00F03081019A0BE022
S3150000D420DDF818E0BEF1000F00F02081029B46688F
S3150000D430013B5A46A3EB0B0B4FF00108CDF818E061
S3150000D440012307920593D0E906E306FA0EF293420A
S3150000D450076A00F0E38082FB0324002CC0F2EA8016
S3150000D46012F1804244F10004D20F42EA4401002F37
S3150000D470C7F1000400F3A08017F11F0FC0F2098165
S3150000D48008FA04F2013A551005EBD1750A4021411C
S3150000D490AA42C8BF0131019A002A40F0C680059A07
S3150000D4A002F1FF3AB9F1000F00F0A98032464FF0C1
S3150000D4B0010C764609FB0AFA964667E00CF1FF3541
S3150000D4C0029A554402FB05B5039A52577244B2407C
S3150000D4D0934200F0878082FB0323002B5CDB12F172
S3150000D4E0804243F10003D20F42EA4303002F63DC7C
S3150000D4F01F37C0F2CE8008FA04F2013ADE0F06EBBF
S3150000D500620643FA04F41340B342C8BF0134D0E9BB
S3150000D5100436049A0C44002A08BF21468B4268D080
S3150000D52081FB033100294EDB13F1804341F10001F9
S3150000D530DB0F43EA4103002EC6F100023CDC1F3636
S3150000D540C0F2A78008FA02F101394E1043FA02F23E
S3150000D550194006EBD376B142C8BF0132C3681A44FC
S3150000D560C36A9A42B8BF1A46036B9A42A8BF1A46C4
S3150000D570149BCC455A550CF1010340D0076AD0F8EC
S3150000D58004E021467C429C46D0E90663019A002AC3
S3150000D59094D0A9EB0C0593E7424E921963F1000370
S3150000D5A0002B04DA6FF00046921943F10003D20F04
S3150000D5B0002F42EA43039BDD4FF4B3713A4B3B4ADB
S3150000D5C03B4827F059FE374A9B1861F100010029B4
S3150000D5D004DA6FF000429B1841F10001DB0F43EAC9
S3150000D5E04103A8E7B3F1004F7FF475AF6FF0004336
S3150000D5F07CE7B1F1004F93D16FF000439BE7059AAA
S3150000D6000699531C914224D046680593D0E906E357
S3150000D61006FA0EF29342076A7FF41DAFB3F1004F8C
S3150000D6207FF419AF6FF0004121E7DDE90552A2EB67
S3150000D630050A37E71B49521864F10004002C04DA86
S3150000D6406FF00041521844F10004D20F42EA44013F
S3150000D6500DE7079A029B02F1010B5B450BD0019B7C
S3150000D660002B7FF4DDAE5A464668E9E6029B0BF1D5
S3150000D670010B5B45FAD109B0BDE8F08F029B0BF1B7
S3150000D680010B5B45F7D0029B0BF1010B5B45F5D116
S3150000D690F1E740F26711074B044A054827F0ECFD15
S3150000D6A02CF0E8FB010000C090A5030068A403006D
S3150000D6B0C4A4030058A4030010B504460021034B7C
S3150000D6C0034A06F065FF204610BD00BF2DD80000B6
S3150000D6D011D100002DE9F04FD1F800C085B0BCF1A2
S3150000D6E0000F9DF83840DDF83C8040F39B80002A0F
S3150000D6F006461046C0F29680944540F39380012575
S3150000D7001F460A460023AE46AB4607E003F1010377
S3150000D710D4BF0D4601FB0EFE634508D0834252F886
S3150000D720041FF3DA0133634501FB0BFBF6D1BEF1AF
S3150000D730000F5AD0002C5BD000230EF1FF3CACEB5F
S3150000D740030CBBF1000F58D00EF1FF30CDE90230CB
S3150000D7500BF1FF3105F1FF39DCB14FF0000AA1EB07
S3150000D7600A02DDB90AF1010AD34505D0002CF6D12B
S3150000D7700AF1010AD345F9D1029B03F1010CE645F2
S3150000D78033D0CDF808C024B1039BA3EB0C0C002CBE
S3150000D790E3D14FF0000A5246002DE3D00846DFEDF4
S3150000D7A0227A002105FB02F2CDF804B0B4B3A9EB4E
S3150000D7B0010313440EFB03C306EB830B08EB830341
S3150000D7C02FB3C3ED007A9BED007A77EE877A0131AD
S3150000D7D08D42EBD1DDF804B00AF1010293451FD06A
S3150000D7E09246002CDBD0821AD9E705B0BDE8F08F4F
S3150000D7F02346A446BBF1000FA6D101339E45F4D0C3
S3150000D800002CFAD00EF1FF3CACEB030C99E79BED34
S3150000D810007A77EE877AC3ED007AD8E70B46C8E739
S3150000D8200146A9E72CF026FB000000002DE9F04395
S3150000D8300022A5B00D46044606F0D2FE0122294676
S3150000D8400746204606F0CCFE29460646002220461C
S3150000D85006F0E0FE3946814604A8D5F8148006F0A5
S3150000D860F3FE002E58D033681A68049B002A09DBA1
S3150000D870934209DC2046636928499847012025B070
S3150000D880BDE8F083D218F5D43B7A012B34D0092BAE
S3150000D89028D12B693968D86898F801400D90186925
S3150000D8A0119058690E9098691290D8690F90186A6D
S3150000D8B0109098680B9058681B681690159398F806
S3150000D8C00000B9F1000F27D0D9F800300090CDE95B
S3150000D8D001430AA8134604AAFFF75EFD002025B0FF
S3150000D8E0BDE8F08399F80800656926F035FE0C4915
S3150000D8F002462046A847C1E7386898F8003098F8ED
S3150000D9000140B9F1000F07D0D9F80010CDE9004168
S3150000D91004A9FFF7DFFEE1E72CF0ACFA7CB60300C2
S3150000D92094B603002DE9F04F0B6805464E6987B0A3
S3150000D93013B11B68012B11D05F4A6C690126CDE932
S3150000D9400123284628235D4A00925D495D4A0396D5
S3150000D950A0470124204607B0BDE8F08F4B680C466F
S3150000D9604BB31B68012B26D1D0F80C800022D8F8C7
S3150000D970003040469B699847074600284DD0D8F8A6
S3150000D9800030002221464046DB6998478146002840
S3150000D99046D0BA681368042B16D1037803F0F70152
S3150000D9A001291AD0372348496C6928460091454A0F
S3150000D9B04649A047CDE7404A6C690126CDE90123D7
S3150000D9C028462923424ABFE742490426CDE90113E6
S3150000D9D028463423404A6C69B6E73878834222D118
S3150000D9E03668002E34DDD2E902B3116991FBF6FAEE
S3150000D9F09AFBF6FA0AFB06F206FB02F291422AD0DD
S3150000DA00CDE90212354F364E6C69462328462D4A1B
S3150000DA102B4901970096A0479BE72F233149C3E77F
S3150000DA2032233149C0E76E6926F096FD044699F81F
S3150000DA30000026F091FD03462C492D4ACDE902430C
S3150000DA4000920191284639231E4A2A49B04780E7A9
S3150000DA503C232949A8E7214600222846059306F0DB
S3150000DA60D9FD49460246284606F00AFE0446002825
S3150000DA707FF470AF059B0BFB06F203FB06F6BB6853
S3150000DA8039465868D9F808305860D9F80830404601
S3150000DA909A60D9F80830DE60D9F80830C3F810A0CB
S3150000DAA0D8F800305B6A9847D8F8003049464046B7
S3150000DAB05B6A98474EE700BFB0C00300F0A80300BA
S3150000DAC058A60300C4B60300FCB6030064A5030011
S3150000DAD074A6030090CB030030C4030044B70300D0
S3150000DAE070B703007CA50300E8A90300E0A60300C5
S3150000DAF01CA70300A8A6030034B7030010B504460C
S3150000DB000021034B034A06F043FD204610BD00BF2B
S3150000DB1039DF000025D900002DE9F04F9DB00592B0
S3150000DB200A68042A00F3B3801C681D46042C00F31F
S3150000DB30AE8004230646981A10930CD000234FF0AB
S3150000DB40010C10AF02E0042B00F0A18001339842D3
S3150000DB5047F804CFF7D111AB03EB800092000431F4
S3150000DB602CF0A6FB0423181B16930BD000230121CF
S3150000DB7016AA02E0042B00F08A800133984242F88C
S3150000DB80041FF7D117AB03EB8000A200291D2CF070
S3150000DB908FFB109B032B049379DDDDE912A5DDF8DD
S3150000DBA058B0149CBBF1030F119B70DDDDE9172CF7
S3150000DBB0D6F80090199805FB09F18142DDF86880D6
S3150000DBC0019064D10AFB09F1614560D108FB09F1B6
S3150000DBD009FB01F1A1425AD1934258D1002A40F3E0
S3150000DBE09680002300FB0CF108FB01FE08FB00F108
S3150000DBF056460B91C24608F1FF311F46904618461D
S3150000DC001A460691BCF1000F7BDD0023CDF828C033
S3150000DC10194684461046CDE90D820C97CDF83CE0B6
S3150000DC20019B002B61DD80464FF0000EBAF1000F1C
S3150000DC3070DD91FBF9F709FB171309FB03F3029358
S3150000DC4007EB0C0305FB03F3CDE907100393CDF8AF
S3150000DC5024C09EFBF9F009FB10E3029A1344049AD0
S3150000DC600AFB03F3042A12D1039A0599024404FB22
S3150000DC70023201EB820200922699069A01EB880194
S3150000DC8002EB030C16B1002F18DA00E0C7B12CF036
S3150000DC90F1F80028FBDB8542F9DDBCB9002BF6D193
S3150000DCA0BBF1040FF3D1009A9C45F2EC017AE1EC4A
S3150000DCB0017A00920FD00133002EE7D0BE42E6DD96
S3150000DCC0002DE6D10028E2D1002CE7D0002BDEDBC8
S3150000DCD09C42E5DCDBE7019B0EF1010E7345D04467
S3150000DCE0B7D1DDE90710DDF824C00B9B01311844DC
S3150000DCF00A9B994294D1DDE90C78DDE90E2E604647
S3150000DD009C4601374745724430447FF47BAF1DB0D3
S3150000DD10BDE8F08F019B0EF1010E9E45D04485D1E2
S3150000DD20E3E700BF2DE9F04F9DB005920A68042A8B
S3150000DD3000F3B9801C681E46042C00F3B48004234B
S3150000DD400546981A10930CD000234FF0010C10AF23
S3150000DD5002E0042B00F0A7800133984247F804CF75
S3150000DD60F7D111AB03EB8000920004312CF0A0FA3E
S3150000DD700423181B16930BD00023012116AA02E0D8
S3150000DD80042B00F090800133984242F8041FF7D12B
S3150000DD9017AB03EB8000A200311D2CF089FA109B13
S3150000DDA0032B04937FDDDDE913A4DDE9111BDDF808
S3150000DDB05880B8F1030F76DDDDE9172CD5F8009011
S3150000DDC0199D0AFB09F31A98AB42019500906AD196
S3150000DDD00BFB09F3634566D100FB09F309FB03F36B
S3150000DDE0A34260D191425ED1002A40F39B8005FB9D
S3150000DDF00CF100FB01F7411E002306913946269ED1
S3150000DE0000FB05FE3546CDF808C05F469C46C34676
S3150000DE10184688465646CA4691462A46029D002D11
S3150000DE2079DD0023CDE90B5C194605461046CDE9A0
S3150000DE300D92CDF83C80019B002B61DD81464FF0B1
S3150000DE400008009B002B70DD91FBFAFC0AFB1C13FB
S3150000DE500AFB03F302930CEB050306FB03F3CDE980
S3150000DE600710CDE909E5039398FBFAF00AFB108346
S3150000DE70029A1344009A02FB03F3049A042A12D16D
S3150000DE80039A0599024404FB0232069D0A4405EBF7
S3150000DE90030E09F1FF311FB1BCF1000F18DA02E0E1
S3150000DEA0BCF1000F16D02BF0E5FF0028FBDB864205
S3150000DEB0F9DDACB9002BF6D1BBF1040FF3D112F9A1
S3150000DEC0015B734501F8015F0FD00133002FE7D0E6
S3150000DED06745E8DD002EE8D10028E4D1002CE9D022
S3150000DEE0002BE0DB9C42E7DCDDE7009B08F1010844
S3150000DEF09944019B4345B7D1DDE90710DDE909E502
S3150000DF000B9B01319942704495D1DDE90CC9DDE9DD
S3150000DF100E2828461D460CF1010CCC4542443844D7
S3150000DF207FF47DAF1DB0BDE8F08F019A08F10108BE
S3150000DF309045994486D1E3E770B5002290B04D69CB
S3150000DF400C46064606F04CFB2146044600223046A7
S3150000DF5006F060FB237A2A68012B0546039221D03E
S3150000DF60092B14D1214604A806F06EFB29460AA8FF
S3150000DF70246806F069FB45B32868224600900AAB80
S3150000DF8004A903A8FFF7CEFE002010B070BD007AEA
S3150000DF90746926F0E1FA0E4902463046A047012090
S3150000DFA010B070BD214604A806F04EFB29460AA80B
S3150000DFB0246806F049FB45B12868224600900AAB62
S3150000DFC004A903A8FFF7A8FDDEE72BF053FF00BF67
S3150000DFD080B70300836B0BB13421184710B52BF0C3
S3150000DFE049FF00BF2DE9F04FD1F81090CDB0B9F13F
S3150000DFF0000F00F08181D1F814B00F46BBF1000F7D
S3150000E00000F07A81B94B80461A6806F003FBB84BDC
S3150000E01039461A680446404606F0E2FAB54B06460B
S3150000E020394640461A6806F0DBFAD7F800A00546DE
S3150000E030BAF1000F06D0DAF80030032B00F0528454
S3150000E0404FF0000A307A012800F06581092840F077
S3150000E050558159464A463CA800F0B0FCD9F8243010
S3150000E06031460993D9F8283024A80A9306F0ECFA29
S3150000E070336829462AA80B9306F0E6FA002D00F02D
S3150000E0803B812B6830AE514630460C9306F0DCFAE5
S3150000E090BAF1000F01D0DAF800A0214636A806F042
S3150000E0A0D3FA002C00F02881BDF9FA2023680E92DD
S3150000E0B0BDF9FC200D930F92BDF9FE20249B109212
S3150000E0C0BDF90021042B1192419ABDF9F2E012929A
S3150000E0D0439ABDF9F4C01392469ABDF902510492CF
S3150000E0E0479A059240F008812A9B042B40F0048150
S3150000E0F0369B042B40F00081DDE90432934200F3A5
S3150000E100FB802599379B994240F0F6802E9C3A9BDE
S3150000E1109C4240F0F180289B269A1493169205FBA8
S3150000E12003F2279B944215932C9B06932D9B0893F1
S3150000E130DDE9383940F0E080309801220028C8BF78
S3150000E14006EB800005DD56F8047F864207FB02F2E7
S3150000E150F9D1A24240F0D080002940F32982002B59
S3150000E1604FEA850640F324824FF0000BCCF1000005
S3150000E17074460A46DE4637460146D3462E4648468C
S3150000E1800028019140F36E824FF0000ACDE91A4251
S3150000E1905246DA46F34696466542B946074608466B
S3150000E1A02946149D002D009140F34C824FF0000843
S3150000E1B04C461C91D1463146C2460646F0460022E0
S3150000E1C020461D9744465F466FF0030E94469846D8
S3150000E1D0B3460029D8BF521840F319821346099A4C
S3150000E1E0CDE91E15724403920A9A02907244079270
S3150000E1F00B9A62441892CA181992069A002A4FF08E
S3150000E20000022BDD0C9DCDE9209A1D44179515467D
S3150000E210CDE9224801990298089C002C13DD0026BE
S3150000E220009C029051EA040806D41598A04203DD2A
S3150000E2301698884200F3E182109801360444089843
S3150000E2408642EFD10298119C01352144069CA542D5
S3150000E250E2D1DDE9209ADDE922480290B9F1000F0A
S3150000E26002D059F823100A44079D55F8041F079554
S3150000E270039D55F8046F039521EAE175AA4096427D
S3150000E280C1F1000525EAE57500F00A8286FB022643
S3150000E290002EC0F2ED8112F1804246F10006D20F47
S3150000E2A01F3142EA4602C0F2F4810121A940013938
S3150000E2B0D60F06EB610611402A418E42ACBF1546C9
S3150000E2C0551C1399049869188142B8BF0146059EEA
S3150000E2D0369A8E42A8BF0E46042A0DD1379A002AD6
S3150000E2E040F06E81002F00F06E8105E010110400F1
S3150000E2F01C110400181104002BF0BCFDD8F81440C2
S3150000E30026F02AF9AC490246337A4046A047012056
S3150000E3104DB0BDE8F08F4A4659463CA800F006FBD2
S3150000E320314624A806F090F9336829462AA80593B1
S3150000E33006F08AF9002DDFD02B6830AE5146304604
S3150000E340069306F081F9BAF1000F01D0DAF800A0C1
S3150000E350214636A806F078F9002CCDD0BDF9F2207A
S3150000E36023680892BDF9FE200793249B0992BDF904
S3150000E3700021042B9DED487ADDED496ABDF9F4B024
S3150000E380BDF9FA90BDF9FCE0BDF902710A92B3D16C
S3150000E3902A9B042BB0D1369B042BADD12599379BF4
S3150000E3A09942A9D12E9D3A9BAB42A5D1269B289C8A
S3150000E3B00B93279B04FB07F20C932C9BAA42039317
S3150000E3C02D9B0293DDE9383C96D130980122002836
S3150000E3D0C8BF06EB800005DD56F8048F864208FBB1
S3150000E3E002F2F9D1AA4287D1002940F3E180002B3D
S3150000E3F040F3DE80CBF100004FF0000B2546DFED49
S3150000E4006F5A0C463E4601465846D346CA46002237
S3150000E41089460092A0465A46BCF1000F40F3BB80E5
S3150000E420009C002D40F3DD810094089CCDF834E07B
S3150000E430C4F1000BC6461C46C846002791460B464B
S3150000E44000210A46002E40F3C681CDE90EACA24655
S3150000E4509C4634460B46CDF840E0049503EB040E8B
S3150000E4601194644601920399DFED547A00292CDD5C
S3150000E47041460025019ACDF84890029E002E1BDDEC
S3150000E4805E464FF0000CCDE91384CDF804B056EA91
S3150000E490010806D40C9CA64203DA0B9C8C4200F3BE
S3150000E4A01681099C0CF1010C2644029CA445EED170
S3150000E4B0DDE91384DDF804B00A9E01353144039E7C
S3150000E4C0B542DAD1DDF848900192B9F1000F00F0BB
S3150000E4D07F8109EB830191ED006A369977EE867AA2
S3150000E4E004297FF409AF3799002940F06D8100288F
S3150000E4F07FF402AF3899009D002940F06181002D1C
S3150000E5007FF4FAAE399E002E40F04181002F7FF451
S3150000E510F3AE3A9D002D40F03681002B7FF4ECAE31
S3150000E520B4EE677AF1EE10FA77FE277AF4EE676AB0
S3150000E530F1EE10FA48BFF0EE667A009A01FB002170
S3150000E54006FB017105FB0131079A013302EB8101DC
S3150000E5509E45C1ED007A86D1019A04990132914215
S3150000E560A4467346119C7FF479AF0D462646634652
S3150000E5705446DDF840E0DDF838A0DDF83CC0013750
S3150000E580BC45D3447FF45CAF194623464A46C14690
S3150000E590F046DDF834E0009CF14401349C420094DE
S3150000E5A07FF43AAF01308045934644467FF42FAF5F
S3150000E5B000204DB0BDE8F08FA0A5030000000000CC
S3150000E5C0BA427FF799AE389A002A7DD1002C7FF4A3
S3150000E5D093AE399D002D74D1BAF1000F7FF48CAE45
S3150000E5E03A9900296AD1002B7FF486AE07FB0242D6
S3150000E5F005FB02A20D9801FB02021999D6540133BC
S3150000E6008B420A467FF4F9ADDDE91E1502980CF13E
S3150000E610010C654586447FF4DCAD009A43465E46B0
S3150000E620A046BB4604461D9F0E980AF1010A024405
S3150000E630BA4500927FF4C3ADCA46C646A1463046E7
S3150000E6400E461C99019A0F9C0EF1010E2244734549
S3150000E65001927FF4A7ADDDE91A42DE460146D346B4
S3150000E66038464F460EF1010E72457FF489AD9FE79D
S3150000E670A148121866F10006002E04DA6FF0004079
S3150000E680121846F10006D20F1F3142EA4602BFF6C3
S3150000E6900CAE40F26711994B994A9A4826F0ECFD68
S3150000E6A0B6F1004F7FF4F2AD1F31F2DB012202FA20
S3150000E6B005F101396FF000424E10FDE58B4295DB06
S3150000E6C01AE6AA458CDB17E6944282DB14E6249C04
S3150000E6D0042C7FF411AEDDF89480B8F1000F6CD1F4
S3150000E6E000287FF409AEDDF89880B8F1000F61D1FB
S3150000E6F000297FF401AEDDF89CB0BBF1000F56D1C6
S3150000E700002E7FF4F9ADDDF8A090B9F1000F4BD1E2
S3150000E710002A7FF4F1AD08FB00180BFB086809FB23
S3150000E7200828059C04EB88082A9C98ED005A042CBE
S3150000E7307FF4E2AD2B9C002CFFF6DEADDDF8B08059
S3150000E740B8F1000F2DD1002D7FF4D6ADDDF8B480E1
S3150000E750B8F1000F22D1BCF1000F7FF4CDADDDF88A
S3150000E760B890B9F1000F16D1002B7FF4C5AD08FBA8
S3150000E77005C809FB0838069C04EB880898ED006A72
S3150000E780E5EE067A8DE6AB42FFF6CAAEB4E5BE42CA
S3150000E7903FF7BFAEB0E54B45E9DBADE5E045DEDC76
S3150000E7A0AAE54545D2DBA7E59145B4DCA4E55E457F
S3150000E7B0A9DBA1E541459EDB9EE5404593DB9BE554
S3150000E7C0A9423FF79FAE97E58842FFF693AE93E5E1
S3150000E7D0B0EE656A81E60132AA4231447FF432AE78
S3150000E7E0CDE60134A342F1447FF41BAE01308045EF
S3150000E7F0934644467FF40BAEDAE6249804287FF469
S3150000E8007BADDDF89480B8F1000F5AD1002F7FF46C
S3150000E81073ADDDF89880B8F1000F4FD100297FF471
S3150000E8206BADDDF89CA0BAF1000F44D1002C7FF44B
S3150000E83063ADDDF8A090B9F1000F39D1BCF1000F3E
S3150000E8407FF45AAD07FB08180AFB084809FB08F8CD
S3150000E850189810F908A02A9804287FF44DAD2B9833
S3150000E8600028FFF649ADDDF8B080B8F1000F36D1CB
S3150000E870002D7FF441ADDDF8B480B8F1000F23D14F
S3150000E880002E7FF439ADDDF8B890B9F1000F23D131
S3150000E890002B7FF431AD05FB0868129809FB08F8D8
S3150000E8A000EB0A09179810F9088009FB0822C3E44F
S3150000E8B0E145C7DC20E55445BBDB1DE54145B0DB42
S3150000E8C01AE5B845A5DC17E5B0457FF715ADDDF8C7
S3150000E8D0B890B9F1000FDBD04B45DCDB0CE5A84561
S3150000E8E0C9DC09E5084B394640461A6805F078FE4A
S3150000E8F08246FFF7A7BB00BF010000C058A4030073
S3150000E90068A40300C4A403001411040010B504464F
S3150000E910034B044A044905F03BFE204610BD00BFE8
S3150000E920E5DF000055EC0000D5DF000070B50B7C7C
S3150000E9300D46012B0446164635D0032B2ED0BFEECE
S3150000E940007A9FED1B6AF7EE007ADFED1A6A022B5A
S3150000E95007FE067A47FEA67A287884ED0C7AC4ED7F
S3150000E9600D7A05F083FE002332686968628072685A
S3150000E9702070A2801A4661F30F03A968E86861F364
S3150000E9801F436969C4F80A30AB6961F30F0263F388
S3150000E9901F426082C4F80E20204670BD9FED067AA5
S3150000E9A0F1EE087AD8E79FED047ADFED027AD3E735
S3150000E9B0FFFF7FFFFFFF7F7F0000000070B5154659
S3150000E9C0D2E9042304460E4652425B42C0E90523BF
S3150000E9D0D5E9062303622B6AC2615B42436208786B
S3150000E9E005F044FE6B682A68A380B368296B6280D1
S3150000E9F0A3817268B369628123827269F368E162F6
S3150000EA00E96A2070A162E2816382204670BD00BF80
S3150000EA102DE9F04F14460A688DB012680546023A91
S3150000EA20012A9DF86CB01C9E0AD97D49446957237A
S3150000EA3000917C4A7C49A04701200DB0BDE8F08FCB
S3150000EA404A688A461268012A0CD00126774B446927
S3150000EA50CDE90132764A582300927649714A0396E7
S3150000EA60A047E9E71799D4E90520013902FB01F12E
S3150000EA70189AD4F804C0013A00FB02F2D4F808E070
S3150000EA80207801310132BCF1000F10D0012800F0CE
S3150000EA90A38002281CD10CEB0300401A90FBFCF06B
S3150000EAA00138BEF1000F0CD14FF0FF3713E0BEF175
S3150000EAB0000F0DD0012800F0AF8002284FF0FF3084
S3150000EAC008D1169F7744BF1A97FBFEF7013F02E075
S3150000EAD04FF0FF30074600FB0C1107FB0E22CB1A46
S3150000EAE0169923EAE373521A22EAE272591003F0E6
S3150000EAF00103B360531002F0010231607360F260EB
S3150000EB00EF684D4B51461A683B6838469B699847F3
S3150000EB108046002871D0494B51461A683B683846F2
S3150000EB209B6998478146002870D0454B51461A6824
S3150000EB303B6838469B699847424B51461A683B6882
S3150000EB400B90DB69384698478246002861D0BBF1B6
S3150000EB50010F20D0D9F8083010341B6901940893AE
S3150000EB60CDF800A0B36A28460793736A4A4606930F
S3150000EB7006F13003059306F12C03049306F12003F6
S3150000EB80039306F11C03029341460B9B23F0E2FE1E
S3150000EB9000287FF452AFD8F8103041463361D9F8D7
S3150000EBA0103038467361DAF81030B3613B685B6A3F
S3150000EBB098473B68494638465B6A98473B683846FB
S3150000EBC00B995B6A98473B68384651465B6A98479B
S3150000EBD000200DB0BDE8F08F0CEB0300013890FB70
S3150000EBE0FCF00138BEF1000F3FF45EAF169F77448C
S3150000EBF0013F97FBFEF7013F6DE7652312496C69FC
S3150000EC0028460091074A0849A04715E768230F4997
S3150000EC10F5E76D230E49F2E74FF0FF30E6E700BF58
S3150000EC20A4B40300B8B7030064A50300B0C0030092
S3150000EC30C8B4030058A603000C1104000811040010
S3150000EC4004110400001104007CA50300DCB40300D9
S3150000EC50E8A903002DE9F04FD1F810A091B0BAF160
S3150000EC60000F00F0BE80D1F814B00E46BBF1000FC5
S3150000EC7000F0B780C56804462B6800222846DB6989
S3150000EC8098470746002800F090802B6800223146FE
S3150000EC9028469B6998478046002800F08F802B689D
S3150000ECA00122314628469B6998478146002800F094
S3150000ECB08880D8F808E08368DEF80C20D7F808C00A
S3150000ECC00A92DEF8082019690B92DA689B688900B7
S3150000ECD00D93DCF80C3020460E93DCF808300991D1
S3150000ECE00F93A36B0C929847CAF82400A36B204697
S3150000ECF009999847CAF8280098F80030092B1BD1C3
S3150000ED0099F83020012A3ED1D9F83420002A68D05B
S3150000ED101168002965D05068002862D00A68012A67
S3150000ED2007D0D9F8081009698A4202D0B6232E49BD
S3150000ED303DE001688A4247D1CDE9053A0F9B20465E
S3150000ED4004930E9B5A4603930D9B314602930C9BEC
S3150000ED5001930B9B00930A9BFFF75AFE044670B97A
S3150000ED602B68394628465B6A98472B6841462846F1
S3150000ED705B6A98472B68494628465B6A984720464F
S3150000ED8011B0BDE8F08F0126184B1949CDE90132C3
S3150000ED9020466569AD230091164A17490396A84790
S3150000EDA00124204611B0BDE8F08F9323134965690D
S3150000EDB0204600910F4A1249A847F1E796231149C8
S3150000EDC0F5E799231049F2E7CDE902210F4F104EDE
S3150000EDD06569BB232046074A074901970096A8475D
S3150000EDE0DEE72BF047F800BFF8B70300F0B40300E6
S3150000EDF00CB50300B8B7030058A60300E8A9030042
S3150000EE0064A503007CA50300DCB403007CB8030002
S3150000EE10A4B80300836B0BB12021184710B52BF063
S3150000EE2029F800BF2DE9F04F0F698DB0002F00F0D3
S3150000EE30FD8000220C46054605F0D2FB214606461B
S3150000EE400022284605F0E6FB047A0546012C307AB6
S3150000EE5050D1072800F0A38009285AD0032849D1A9
S3150000EE603146684605F0F0FB294606A8D6F800A00C
S3150000EE7005F0EAFBD7E90089009E069B2D689E42B5
S3150000EE80D7F808B040F0D280002E18DD6B466846F1
S3150000EE90002206A950F8047F51F8044FA74240F01B
S3150000EEA0C58001329642F5D101240DEB860153F857
S3150000EEB0042F994202FB04F4F9D1002C16DD2F46EB
S3150000EEC00AF1FF36354616F8010F0235A0EB0B00A6
S3150000EED029F0ACFA42464B4629F012FB29F0D2FD46
S3150000EEE0A5EB0A05AC4247F8040BEBDC00200DB09D
S3150000EEF0BDE8F08F25F030FB0446287A25F02CFB80
S3150000EF00214602464A4821F0F7FF01200DB0BDE830
S3150000EF10F08F3146684605F097FB294606A8D6F8D5
S3150000EF2000A005F091FBD7E90089009E069B2D689D
S3150000EF309E42D7F808B079D1002E17DD6B46684699
S3150000EF40002206A950F8047F51F8044FA7426DD15C
S3150000EF5001329642F6D101240DEB860153F8042FB7
S3150000EF608B4202FB04F4F9D1002CBFDD2F460AF1D7
S3150000EF70FF36354616F9010F0235A0EB0B0029F0D6
S3150000EF8055FA42464B4629F0BBFA29F07BFDA5EB24
S3150000EF900A05AC4247F8040BEBDC0020A7E7314634
S3150000EFA0684605F051FB294606A8D6F8008005F00C
S3150000EFB04BFBDDF800C0069BD7F808909C452D68F2
S3150000EFC0D7E9006732D1BCF1000F18DD6B46684601
S3150000EFD0002206A950F804EF51F8044FA64525D1A2
S3150000EFE001329445F6D101240DEB8C0153F8042F20
S3150000EFF0994202FB04F4F9D1002C7FF777AFAA46B9
S3150000F0000025A8F1020838F9020F0135A0EB090026
S3150000F01029F00CFA32463B4629F072FA29F032FD05
S3150000F020A5424AF8040BEEDB002060E72AF022FF37
S3150000F030C8B8030010B50446034B044A044905F05A
S3150000F040A7FA204610BD00BF25EE000055F00000CF
S3150000F05015EE00002DE9F0410D6984B0002D6CD04D
S3150000F0600B680C46064613B11B68012B10D0344AB8
S3150000F07074690125CDE9012330462123314A0092E6
S3150000F0803149324A0395A047012004B0BDE8F0811A
S3150000F0904B684BB31B68012B26D1C76800223B681F
S3150000F0A038469B6998478046002840D03B682146F1
S3150000F0B000223846DB699847044600283AD098F87B
S3150000F0C00020092A30D84FF42273D340DB072BD512
S3150000F0D00378012B11D02F231D4974693046009106
S3150000F0E01A4A1C49A047CFE7154A74690125CDE99C
S3150000F0F0012330462223184AC1E7D8F81030AB6006
S3150000F100D8F80C0029F0A4F9C5E9000123694146A5
S3150000F110AB613B6838465B6A98473B683846214690
S3150000F1205B6A98470020B0E72C230C49D5E72823D3
S3150000F1300B49D2E72A230B49CFE72AF09BFE00BFF3
S3150000F140B0C00300F0A8030058A60300ECB8030003
S3150000F15084B9030064A5030074A6030028B903005C
S3150000F1607CA50300E8A903002DE9F04F0B680446CF
S3150000F1700F69C66889B0002B41D0D3F800B0BBF147
S3150000F180030F10D0844B65690326CDE9013B204669
S3150000F1909E23824A00928249824A0396A84701200A
S3150000F1A009B0BDE8F08F336800229B6930460D46F2
S3150000F1B0984733680122814629469B69304698471D
S3150000F1C0336802229B698046294630469847D9F81B
S3150000F1D0082082461368032B13D1D8F80810096853
S3150000F1E003291BD0CDE902136B4A6F4E6569A7232D
S3150000F1F0019220466B4A6A490096A847CFE79B468C
S3150000F200C0E7CDE9023B644A68496569A6230192D5
S3150000F21000912046634A6249A847C0E783681B6895
S3150000F220022B40F09E806B68002B00F0A3801B68C9
S3150000F230042B40F09F80D9F80C30D2F808B0BB659B
S3150000F2407B6959460693D9F8103007F12C02FB6505
S3150000F250D8F80C3020463B66D8F810307B66DAF8D2
S3150000F2600C30BB66DAF81030FB66236C9847236CCB
S3150000F27007F130024FEA0B1120469847D8F80830BC
S3150000F28007F13402D3E9021303FB01F12046236C94
S3150000F290890098474FEA8B021146236C0592204657
S3150000F2A007F1380298470599236C07F13C0220467E
S3150000F2B098473B4653F8441B07F1400201FB0BF10C
S3150000F2C007938900236C20469847079B20461A46D9
S3150000F2D03B4653F8481B01FB0BF107938900236C4F
S3150000F2E09847079B05991A462046236C98473A4645
S3150000F2F052F84C1B236C01FB0BF120468900984702
S3150000F3003A46236C52F8501B0593069B20469942B9
S3150000F310B8BF19460BFB01F1059B890098473A4691
S3150000F32052F8541B236C5945A8BF59460BFB01F1F3
S3150000F3302046890098476B682BB31B68042B22D1A3
S3150000F3403368494630465B6A9847336841463046DB
S3150000F3505B6A98473368304651465B6A9847002097
S3150000F3601EE713490226CDE901132046A823114AB8
S3150000F37065690FE7104A65690426CDE90123204631
S3150000F380AA230E4A06E70C4A65690426CDE901233D
S3150000F3902046DD23094AFDE6D0A90300F0A80300B4
S3150000F3A058A60300A4B9030008BA0300E4B9030091
S3150000F3B0500C040030BA030090CB030074A603007F
S3150000F3C00B68C91A2AF06ABF0B68C91A2AF066BF09
S3150000F3D00B78C91A2AF062BF0B88C91A2AF05EBFD9
S3150000F3E02DE9F04F132A83B01D4601904FEA82089B
S3150000F3F046DD8946144657103A46FFF7F1FF019855
S3150000F4002B464946E21B00EB8700FFF7E9FF002386
S3150000F41048463A4619460AE056F822C001339C424D
S3150000F420C0F800C002F1010200F1040020D08F42B2
S3150000F430019EF1DD944256F821A010DDD5F800E0DA
S3150000F44056F822C00EEB8C0B0EEB8A0E9BED007A63
S3150000F450DEED007AB4EEE77AF1EE10FADEDC013387
S3150000F4609C42C0F800A001F1010100F10400DED1C8
S3150000F47042464946019803B0BDE8F04F2AF018BF4E
S3150000F4808044804500F09780019C0268031B8446F7
S3150000F4909B104FEA820914E0296854F8272001EBF3
S3150000F4A0090A01EB82019AED007AD1ED007AB4EEF9
S3150000F4B0E77AF1EE10FA03F1FF33CCBF3B460EF1CB
S3150000F4C004045F10002B04EB870EA3EB0703E3DCB9
S3150000F4D0844200F1040B5BD0021BABEB04039110DA
S3150000F4E04FEAA30EC1EBA303994257D0AEEB01003E
S3150000F4F0814221DA01293BD0002804EB810310DD8B
S3150000F5004FF00009A4F1040C5CF8042F1E6809F101
S3150000F51001094845CCF8006043F8042BF4D104EB0C
S3150000F52080049EFBF1F301FB13E38BB38E46C91AED
S3150000F530AEEB01008142DDDB01284FEA8E0304EBCE
S3150000F5408E023BD0002904EB810C25DD00235CF8FC
S3150000F550047D52F8046D01339942CCF800601760BF
S3150000F560F5D19EFBF0F100FB11E189B18646BDE7BE
S3150000F57021464FEA8E09A9F10402042A51F804AB88
S3150000F58029DD20462AF009FE04EB090E4EF804ACEC
S3150000F590C34510D0584677E76446E2E70244043C88
S3150000F5A054F8041FDCF8003023604CF8041B944523
S3150000F5B0F6D1C345EED103B0BDE8F08F043B042B72
S3150000F5C054F803900BDD1A462146201D2AF0E5FD6E
S3150000F5D0C4F80090DCE704BF63682360D4E704BF87
S3150000F5E0236842F8043CF3E72DE9F04F2DED028B3A
S3150000F5F0174687B000221C46054604F0F1FF436813
S3150000F60097ED038AD3F808A0149BD7ED048A002B44
S3150000F61042DBF5EEC08AF1EE10FA2EDDF7EE007A47
S3150000F620F4EEE78AF1EE10FA27D828466A6C396BB1
S3150000F6309047BAF1000F814640F346810246002109
S3150000F6400CE092ED017AD2ED037AB4EEE77AF1EEB0
S3150000F65010FA02F110020CDA8A4521D092ED007AF6
S3150000F660D2ED027AB4EEE77AF1EE10FA01F1010179
S3150000F670E7DB40F2C113A04902E040F2BB139F4909
S3150000F68028466C699E4A00919E49A047012007B012
S3150000F690BDEC028BBDE8F08F4FF4DC739A49EFE7BF
S3150000F6A06A6CB96C284690476A6CF96B80462846A6
S3150000F6B090474FF0000B0646224659464FEA8A030A
S3150000F6C0039304EB8A03F2EC017AB4EEE78AF1EED7
S3150000F6D010FA06EB8B0005D8C0ED007A48F82B101F
S3150000F6E00BF1010B9A4201F10101ECD1F96C2846AC
S3150000F6F06B6C984700EB8B0188420596064607D04F
S3150000F7000246002342F8043B914203F10103F9D17A
S3150000F7105A46414605AB3046FFF762FE0022039982
S3150000F720134621448A46F4EC017AB4EEE78AF1EEF8
S3150000F73010FA9CBF48F822300132544503F1010308
S3150000F740F1D14FF0000A139B149CC3F800A05C454E
S3150000F75028466B6CF96AA8BF5C469847D3450546B0
S3150000F76018DD5A4601212AF032FD5146DC46139B2C
S3150000F7700BF1FF371A682F44681EA2420ADA10F806
S3150000F780013F0131012B0BD08B4503D0A24206F17C
S3150000F7900406F4DB002007B0BDEC028BBDE8F08F59
S3150000F7A0139BD6F800E0551C1D6058F82E30129DAC
S3150000F7B08B4545F822300CF1FF3C80F800A0E9DDCE
S3150000F7C006F1040E72460346054603E09F4202F127
S3150000F7D0040270D013F8010F0128F7D1306858F8E9
S3150000F7E0200009EB0010D0ED026A90ED006AD0ED22
S3150000F7F0037AD0ED015A36EEC67A37EEE55A27EE91
S3150000F800057AB5EEC07AF1EE10FADFD9106858F82D
S3150000F810200009EB001090ED024A90ED003AD0ED81
S3150000F820034AD0ED013A34EE435A74EEE32A25EE4C
S3150000F830225AB5EEC05AF1EE10FAC7D9B4EE436AB1
S3150000F840F1EE10FAF4EE635A48BFB0EE436AF1EEF9
S3150000F85010FAF4EE446A48BFF0EE635AF1EE10FA7D
S3150000F86074FE266AF4EE647A76EEC66AF1EE10FA53
S3150000F870F5EEC06A74FEA77AF1EE10FAA6D477EE1A
S3150000F880E57AF5EEC07AF1EE10FA9FD467EEA67A25
S3150000F89037EE057A37EE677AC7EE876AF4EEE68AC0
S3150000F8A0F1EE10FA44BF83F800A00CF1FF3C9F4232
S3150000F8B002F104028ED128467646BCF1000F3FF4D1
S3150000F8C069AF139B1A6858E76B6CB96C2846984762
S3150000F8D06B6C8046F96B284698476B6C0446F96C4E
S3150000F8E0284698470022414605AB064605944FF048
S3150000F8F0000BFFF775FD24E7C4BA030068BA0300DE
S3150000F900A4B9030064A5030050BA03002DE9F04F23
S3150000F910551E05EBD57583B0B1EB650FDDF830806C
S3150000F92002F001045CDA0E466FF0404B4FEA650ABE
S3150000F930019400E0664606F1010E0BEB4E0450F80A
S3150000F9403E5050F82470D8F800404FEA4E0C04EBB5
S3150000F950850904EB870494ED007AD9ED007AB4EEBC
S3150000F960E77AF1EE10FA00EBCE0E02D407DCBD42C8
S3150000F97005DA0CF1FF3C50F82C5000EB8C0ED44508
S3150000F98040F82650D6DB019C7CB30CF1FF3404EB27
S3150000F990D4748C454FEA64041DDD9E00D8F800201F
S3150000F9A050F82450971902EB8502D2ED007A97EDB4
S3150000F9B0007AB4EEE77AF1EE10FA04F1FF3202EBC8
S3150000F9C0D27200EB840E4FEA620223D401DCAB4212
S3150000F9D020DC00EB8C0ECEF8003003B0BDE8F08FD3
S3150000F9E000EB810E002CF6D18C46023A02EBD27265
S3150000F9F0BCEB620FC9D10CF1010C00EBCC0252F842
S3150000FA00042C4FEA4C0C0CF1FF3CCEF8002000EB26
S3150000FA108C0EBAE7A14240F82C50A446DBDA144615
S3150000FA20BCE700BF2DE9F04303EB810685B09E429B
S3150000FA300390184607D01946002341F8043B8E422E
S3150000FA4003F10103F9D14FEA8209B9F1040F00EB82
S3150000FA50820403AF33DCA6422ED94FEAA908254615
S3150000FA60039A55F8043B016802EB810C02EB830212
S3150000FA709CED007AD2ED007AB4EEE77AF1EE10FA58
S3150000FA8002D408DC8B4206DA45F8041C4246002103
S3150000FA900097FFF73BFFAE42E2D8B9F1040F0BDD4A
S3150000FAA054F8043D0268251A226000210097AA1026
S3150000FAB0FFF72CFF042DF3DC05B0BDE8F0834FEA19
S3150000FAC0A908A8F1020101EBD17149104D1C00EB08
S3150000FAD0850500E0013955F8043D42460097FFF7D9
S3150000FAE015FF0029F6D1A642B9D8D9E72DE9F04F7E
S3150000FAF02DED048B0B699BB0002207930C4606463E
S3150000FB000D9004F06DFD43685A68012A13D0994B95
S3150000FB100125CDE9013230464FF482739649446996
S3150000FB20964A009103959649A04701201BB0BDEC6B
S3150000FB30048BBDE8F08FD3E90232032A09DC4FF4C7
S3150000FB40837390490D988D4A446900918E49A04768
S3150000FB50EBE78346022221460D98049304F040FD0C
S3150000FB60079BD3ED077ACDED0E7AD3ED087AD3F85D
S3150000FB7024E0D3F828C0049BCDED0F7A002B40F388
S3150000FB80DB804FF0000A8046DDF834901093CDF804
S3150000FB9044E0CDF848C013949BF80830012BC4D13B
S3150000FBA0DBF80430DA68DBF8003002FB0AF203EB1C
S3150000FBB08203D3ED027ACDED087AD3ED037A1E687F
S3150000FBC0CDED097A5D68B8F1000F00F09383D8F89F
S3150000FBD000404FEA0A1304EB0A14A0680C9328F0BD
S3150000FBE037FC02460B463046CDE9042328F030FCAC
S3150000FBF006460E980F4628F02BFC02460B4630466A
S3150000FC00394628F0A7FDDDE9042328F079FC0646ED
S3150000FC1020680F4628F01CFC02460B463046394643
S3150000FC2028F0B8FA28F02EFF08EE900AE06828F0CF
S3150000FC300FFC064628460F4628F00AFCCDE90A01C5
S3150000FC400F9828F005FC02460B46DDE90A0128F06C
S3150000FC5081FD3B46324628F053FC024660680D465D
S3150000FC60144628F0F5FB02460B462046294628F0A6
S3150000FC7091FA28F007FF08EE100A089828F0E8FB2A
S3150000FC80044611980D4628F0E3FB02460B46204633
S3150000FC90294628F05FFD41EC100B26F09DFB002263
S3150000FCA051EC100B394B28F02BFCDDE9042328F02E
S3150000FCB027FC28F0E7FE09EE900A099828F0C8FB11
S3150000FCC0044612980D4628F0C3FB02460B46204612
S3150000FCD0294628F03FFD41EC100B26F07DFB002263
S3150000FCE051EC100B294B28F00BFC32463B4628F012
S3150000FCF007FC28F0C7FE09EE100A079AD9F8443027
S3150000FD004846116B984738EEE97A78EE497A78EEEC
S3150000FD10A98A38EE098A0C9B0AF1010A1844109B3D
S3150000FD2080ED007A5345C0ED017AC0ED028A80ED80
S3150000FD30038A7FF431AF139C0D9E00222146304684
S3150000FD4004F04EFC054601222146304604F048FCEC
S3150000FD506B689968079B5D6943685A68012A1BD0DE
S3150000FD60044B0125CDE90132094940F2EB230D98F8
S3150000FD70D5E600BFECBA0300F8BA0300A4B9030045
S3150000FD8058A603001CBB030064A503000000E03F67
S3150000FD9050BB0300000000009A68914240F0758154
S3150000FDA0DB685A1B012A00F37E819D4200F37F81A6
S3150000FDB090F80880B8F1010F7FF4B7AE079F03688B
S3150000FDC03D7E0493002D00F07681DDF8349000220C
S3150000FDD02146484604F004FC42460646214648466B
S3150000FDE004F0FEFB002205462146484604F012FCBC
S3150000FDF0424621461590484604F00CFC0222214654
S3150000FE001690484604F006FCC84603228146214661
S3150000FE10404604F0FFFB6B687268D3F80CA03B46C3
S3150000FE2092681B680E92BA681490002A7F690F9236
S3150000FE300A9340F357820D9E079DAAEB0702736C47
S3150000FE40A96B304613929847736C296D80463046ED
S3150000FE50B3469847296CDBF8443006465846079562
S3150000FE609847079ADBF84430D16C05465846CDF8DA
S3150000FE7034B09847079ADBF844300C90516C5846DA
S3150000FE8098470023002F1290089340F39380139B0A
S3150000FE9010941C464FEA8A0211920E9A099308EBB7
S3150000FEA0820BCDF85C90099B1F1B0E9B002B0BDD74
S3150000FEB04246049B0999119803EB81031968034490
S3150000FEC042F8041B5A45F9D10023079A0D98516D43
S3150000FED01993436C984781460F994346029119A995
S3150000FEE00191079A10990D98CDF80090FFF77CFBC9
S3150000FEF000287FF41BAE1999002940F3E681089B80
S3150000FF00A9F1040003F1804C0CF1FF3C05EB8C0ECB
S3150000FF1009EB810306EB8C0C0EF1040EA3F1040928
S3150000FF2050F8043F03FB0A7222444CF8042F08EBF6
S3150000FF3083031B6848454EF8043BF1D1089B0B44EC
S3150000FF4019460A9B28468B42A8BF0B461F460893B4
S3150000FF503A460C9BFFF766FD002F23DD0C9BDDF870
S3150000FF6048C0191F60460A468E46089B01EB830768
S3150000FF7052F8043F56F8231005EB830311601B6803
S3150000FF80BA424CF8043BF3D171462A46BE46331FAB
S3150000FF9051F8047F43F8047F50F804CB714542F8CA
S3150000FFA004CBF5D1099B0133534509937FF47BAF0D
S3150000FFB0DDF85C900A9B002B40F389812F46B346FF
S3150000FFC000241FED8C8A159D169E3CE05BF82420CC
S3150000FFD00D9992FBFAF308460AFB132C496C139A07
S3150000FFE0049107990993ACEB0202049B096B97ED08
S3150000FFF0009A08EE902A9847099B4FEA840800EB7E
S315000100000313002D00F076812A6802EB041C0FCB46
S315000100108CE80F00002E00F06D81F8EEE87A336867
S315000100204344C3ED007AB9F1000F00F06381D9F8BA
S315000100300030434483ED009A0A9B0134A34207F141
S31500010040040700F04481089BA342BFDC002D00F0A9
S31500010050518100212B682201995003EB0413C3E956
S315000100600111D960002E00F045813368A20003EB2F
S31500010070840383ED008AB9F1000F00F03B81D9F8C2
S315000100800030134483ED008AD6E7CDE902219A4E6A
S315000100909A4D0D9840F2ED234469994A9949019682
S315000100A00095A04741E540F2F12397494AE540F220
S315000100B0F223964946E5DDF834902A46214648461C
S315000100C004F08EFA424607462146484604F088FA6D
S315000100D02A4606462146484604F09CFA42462146EF
S315000100E08046484604F096FA022221460F90484679
S315000100F004F090FA032282462146484604F08AFA21
S315000101007A6873689268DB680992079A1293536852
S315000101105269002B1690119240F3E880119A0D9EB8
S315000101209342A8BF13460893736C079F0C93129BC7
S31500010130B96B9A1A30460C9B13929847736C0C90C4
S31500010140396D30469847099B1490002B2CDD129B84
S3150001015013999A00049BDDF8509003EB8107119BDC
S31500010160CDF82880CDF838A0DDF824809A46099488
S315000101703C464F4691460C9E4FEA830B3B46204632
S31500010180089A5146FFF74EFC3A68013504EB8202A4
S315000101901268A8455F444C4446F8042BEED1DDF8BD
S315000101A02880DDF838A0099C00230D9F079E19932E
S315000101B0716D7B6C38469847054632682146029236
S315000101C019AA0192384632460C9B0095FFF70CFAA4
S315000101D000287FF4ABAC199B0446002B159369DD0F
S315000101E0089AA5F1040C531C9900E6460A91944617
S315000101F001461B01DDF83C90DDF834B00E935EF844
S31500010200043FDDE9120203FB00221198BCF1000F45
S3150001021003FB00F04ADD04FB0CF61B0100F18040F4
S315000102200893149B0138CDE90C21CDE90FCE03EBE0
S31500010230800704EB0C03B50009933601079ADBF836
S3150001024044305846116B9847089B1844B8F1000F83
S3150001025050D0D8F8003003EB060C0FC88CE80F001D
S31500010260D7ED017AB9F1000F44D0F8EEE77AD9F863
S3150001027000300C9A2B44C3ED007A57F8043F13441F
S31500010280049A02EB8303BAF1000F33D01A680E9B6E
S3150001029001341E44DAF800302B441A600A9B1D44CF
S315000102A0099B9C42CAD1DDE90FCE0D99159B0131FF
S315000102B09942A4D1169BEBB107EE904AF8EEE77A84
S315000102C01B68C3ED007A002030E4089939E6149BD7
S315000102D083B1DDED087AF8EEE77A149B1B68C3ED6E
S315000102E0007AF0E740F21E2309492BE44FF4297303
S315000102F0084927E429F0BEFD78BB030084BB03004F
S31500010300A4B9030058A60300ACBB0300E0BB03007D
S3150001031010BC030030BC030030B5837985B0012BD6
S3150001032016D0023B182B0ED8DFE803F02C360D8CC5
S315000103304254640D7B0D0D0D0D0D0D0D0D0D0D0DA5
S315000103400D0D0D0D120000242146204605B030BDCD
S3150001035003790268032B09D8012B94BF92F9004057
S31500010360B2F900402046E11705B030BD072B1468ED
S3150001037004D82046E11705B030BD146820465168FF
S3150001038005B030BD03790268032B40F29A80072B32
S31500010390F3D800211468D8E703790268032B40F2E9
S315000103A08780072B00F2AA80106828F051F832E006
S315000103B002790368032A76D9196842795B1A032AF6
S315000103C000F29680012A94BF93F90040B3F90040E8
S315000103D0E117BAE702790368032A5FD919684279F6
S315000103E05B1A032A7FD8012A4FF0000194BF1C78BB
S315000103F01C88AAE702790368032A4AD9196842794F
S315000104005B1A032A69D8012A94BF93F90000B3F94C
S31500010410000028F00BF828F085FB0446204605B0BD
S3150001042030BD02790368032A52D91A6841790A4410
S315000104300329A3EB020369D8012994BF1C781C8800
S31500010440002182E703790568032B61D8012B94BF4C
S315000104502B782B88ED1A29F019FF002403460A226E
S315000104601C60284603A9039529F0BCFD039B04469D
S3150001047093F90020002A7FF466AFAB4201913FF465
S3150001048062AF29F003FF0368002B7FF45CAF01998B
S315000104905BE7012A94BF19781988B0E7012A94BF4E
S315000104A0197819889BE7012A94BF1978198884E776
S315000104B0012B94BF92F90000B2F9000027F0B6FFB4
S315000104C0A9E7012B4FF0000194BF147814883CE78B
S315000104D0012A94BF1A781A88A8E7072A11D818683A
S315000104E027F0B6FF97E7072A0ED800211C682CE7EC
S315000104F0072A1C687FF63DAF596826E7D2E9000155
S3150001050089E7D3E9000186E71C68F5E71C6897E7E8
S315000105102B68ED1A9FE700BF30B5837985B0022BB2
S3150001052016D0013B192B0ED8DFE803F02A0D340D46
S31500010530894052610D780D0D0D0D0D0D0D0D0D0D31
S315000105400D0D0D0D0D1200242146204605B030BDBE
S3150001055003790268032B07D8012B94BF14781488FA
S315000105600021204605B030BD072B04D9146820466A
S31500010570516805B030BD14680021204605B030BD74
S3150001058003790268032B40F29980072B1468EED891
S31500010590E117DAE703790268032B40F28680072B1D
S315000105A000F2AD80106827F053FF31E0027903684D
S315000105B0032A75D9196842795B1A032A00F29680D3
S315000105C0012A94BF93F90040B3F90040E117BCE753
S315000105D002790368032A5ED9196842795B1A032AEC
S315000105E079D8012A4FF0000127D91C88ADE7027995
S315000105F00368032A4AD9196842795B1A032A6FD814
S31500010600012A94BF93F90000B3F9000027F00EFF09
S3150001061028F0A0FA0446204605B030BD02790368E9
S31500010620032A53D91A6841790A440329A3EB020321
S3150001063062D801294FF00001D7D81C7885E70379E4
S315000106400568032B61D8012B94BF2B782B88ED1AF3
S3150001065029F01CFE002403460A221C60284603A931
S31500010660039529F05FFD039B044693F90020002AB8
S315000106707FF469AFAB4201913FF465AF29F006FE05
S315000106800368002B7FF45FAF01995EE7012A94BFEF
S3150001069019781988B0E7012A94BF197819889CE757
S315000106A0012A94BF1978198885E7012B94BF92F91D
S315000106B00000B2F9000027F0B9FEA9E7012B94BFAB
S315000106C092F90040B2F90040E1173EE7012A94BFD2
S315000106D01A781A88A7E7072A0ED9D3E9004134E721
S315000106E0072A0FD8186827F0B3FE91E7072A1C6876
S315000106F07FF64EAF596828E700211C6825E7D2E945
S31500010700000185E7D3E9000182E72B68ED1A9FE72F
S3150001071008B58379032B14D0013B192B0ED8DFE8DA
S3150001072003F035270D0D3E427D550D690D0D0D0D5D
S315000107300D0D0D0D0D0D0D0D0D0D0D279FED620B03
S3150001074008BD03790268032B07D9072B76D81068F1
S3150001075027F07EFE41EC100B08BD012B94BF92F9E8
S315000107600000B2F9000027F061FE41EC100B08BD54
S3150001077003790268032B64D80021012B94BF1078FA
S31500010780108827F087FE41EC100B08BD037902683B
S31500010790032B6CD9072B106878D9516811E0002317
S315000107A0D3E90023FFDE02790368032A5AD91968BF
S315000107B042795B1A032A6BD8012A65D9B3F900007D
S315000107C0C11727F06FFE41EC100B08BD02790368D3
S315000107D0032A42D9196842795B1A032A64D8012A85
S315000107E094BF93F90000B3F9000027F01FFE41EC16
S315000107F0100B08BD02790368032A40D91A684179AA
S315000108000A440329A3EB020359D8012994BF187896
S31500010810188827F0FBFD41EC100B08BD027903682F
S31500010820032A15D9196842795B1A032A35D8012A90
S315000108304FF0000194BF18781888A2E792ED000BDB
S3150001084008BD072B96BF0021D2E90001106898E781
S31500010850012A94BF19781988E5E7012A94BF197806
S315000108601988B8E7012A94BF19781988A0E7012BDE
S3150001087094BF92F90000B2F90000C117A1E7012A5D
S3150001088094BF1A781A88BAE793F90000C11798E756
S31500010890072A1868FAD9596893E7072A96BF0021EB
S315000108A0D3E9000118686CE7072A05D8186827F00C
S315000108B0CFFD41EC100B08BD93ED000B08BD186888
S315000108C0A7E700BFAFF300800000000000000000B2
S315000108D0F0B50E460979336801EB4104A3EB040C2C
S315000108E0032905461CF80170104683B018D8012962
S315000108F094BF9CF80030BCF80030032FACEB030426
S31500010900A4EB070314D8012F94BF1A781A887B1E0B
S31500010910072B4DD8DFE803F024484C4A4C4C4C0ECB
S31500010920DCF80030032FACEB0304A4EB0703EAD990
S315000109301A68ECE7224B009321463B4629F0FCFB63
S31500010940B0B1021B92FBF7F3B268934218D30023AE
S3150001095040F2011228462B60AA80AB7103B0F0BDAC
S31500010960184B214600933B4629F0E6FB0028E8D1C7
S3150001097040F201132860A8712846AB8003B0F0BD90
S3150001098030793168287100FB021200FB0311D35C38
S31500010990012203F003009B08AB7102FA00F328461B
S315000109A029606B7103B0F0BD074BC4E7074BC2E783
S315000109B040F26931064B074A074824F05DFC00BF47
S315000109C0C9F30000D1F30000D9F30000C1F3000020
S315000109D050BC030058BC0300A0BC030010B5846BD7
S315000109E086B0002C00F0EA80114411F8023C11F89F
S315000109F001CC9A08092A00F08D8001220023704952
S31500010A008DF81020039105937021A0476D4A044685
S31500010A1003A901A8FFF75CFF01A8FFF77DFC6A4A5D
S31500010A20206003A901A8FFF753FF01A8FFF774FC93
S31500010A30664A606003A901A8FFF74AFF9DF80A30DC
S31500010A40002B40F09A806423A360614A03A901A8A0
S31500010A50FFF73EFF9DF80A30002B76D123765D4ADB
S31500010A6003A901A8FFF734FF01A8FFF751FE51ECD6
S31500010A70100B28F007F8584A03A9E06001A8FFF710
S31500010A8027FF01A8FFF744FE51EC100B27F0FAFFF0
S31500010A90524A206103A901A8FFF71AFF01A8FFF72F
S31500010AA03BFC4F4A03A9606101A8FFF711FF01A8AA
S31500010AB0FFF72EFE51EC100B27F0E4FF494A03A97C
S31500010AC0E06101A8FFF704FF01A8FFF721FE51EC41
S31500010AD0100B27F0D7FF444A03A9206201A8FFF7AC
S31500010AE0F7FE01A8FFF714FE51EC100B27F0CAFF21
S31500010AF03E4A03A9606201A8FFF7EAFE01A8FFF7D3
S31500010B0007FE51EC100B27F0BDFF03462046A362FA
S31500010B1006B010BD6FF0010EBCF1030FAEEB0C0E6B
S31500010B2001EB0E0233D951F80E10521A012103F0CE
S31500010B3003039940032903928DF81010A2EB0102D9
S31500010B4031D8002B38D013885DE7214A03A901A8C3
S31500010B50FFF7BEFE9DF80A301A2B20D19DF808300A
S31500010B60019A032B21D80021012B94BF10781088FC
S31500010B70084314BF0123002370E7144A03A901A8FF
S31500010B80FFF7A6FE01A8FFF7C7FBA0605DE7BCF172
S31500010B90010F94BF11F80E1031F80E10C5E701A828
S31500010BA0FFF7BAFCE4E713682DE7072B96BF002190
S31500010BB0D2E900011068DBE7137824E729F05AF936
S31500010BC02411040010BD030020BD03003CBD030039
S31500010BD054BD030064BD030078BD03008CBD030052
S31500010BE098BD0300A0BD0300A8BD0300B0BD03006E
S31500010BF008B50D48D0E8AF3FDB0701D50B4808BD66
S31500010C0025F095F80028F9D0094B0A4A0A49074800
S31500010C1003F0BEFC044825F099F8044808BD0248D3
S31500010C2025F091F824F03AFDA4050020A80500203E
S31500010C30EDFA000069F10000DD090100F0B50B686D
S31500010C400446C66885B013B11B68012B0FD0364A1E
S31500010C5065690126CDE9012320462B23334A0092FB
S31500010C603349344A0396A847012005B0F0BD4B68C5
S31500010C700D4623B31B68012B21D133680022304670
S31500010C809B6998470746002841D0336829460022C8
S31500010C903046DB6998470546002841D038782B78DD
S31500010CA083421FD1A3B13368394630465B6A984700
S31500010CB03368304629465B6A98470020D5E71A4AC9
S31500010CC065690126CDE9012320462C231A4AC6E788
S31500010CD01846656923F040FC184902463B782046D0
S31500010CE0A847C1E7666923F037FC034628781D4605
S31500010CF023F032FC03461249124ACDE9025300920F
S31500010D000191204631230B4A0F49B047ACE72E2308
S31500010D100E49656920460091064A0D49A847A3E791
S31500010D2030230C49F5E700BFB0C00300F0A803006B
S31500010D3058A60300B8BD030074A60300ECBD03006A
S31500010D40E0A603001CA70300A8A603007CA50300D8
S31500010D5064A50300E8A90300FFF770BF70B5002280
S31500010D6084B005460E4603F03BFC0446002231469C
S31500010D70284603F04FFC237A062B16D018466E69D7
S31500010D8023F0EAFB0446062023F0E6FB034613495B
S31500010D90134A2846CDE90243009201914223114AA2
S31500010DA01149B047012004B070BD0646606821F0C4
S31500010DB02DFB22687EB1316850B1013A01391044E8
S31500010DC012F8013F83F00103824201F8013FF7D196
S31500010DD0002004B070BD29F04DF800BF18BE030015
S31500010DE01CA70300B8BD0300A8A6030070B5002226
S31500010DF084B005460E4603F0F3FB04460022314655
S31500010E00284603F007FC237A012B16D018466E6993
S31500010E1023F0A2FB0446012023F09EFB0346124960
S31500010E20124A2846CDE90243009201914223104A13
S31500010E301049B047012004B070BD0646606821F034
S31500010E40E5FA236876B1326848B103EB8000F3EC2A
S31500010E50017A67EEA77A8342E2EC017AF7D10020A4
S31500010E6004B070BD29F006F818BE03001CA70300E4
S31500010E70B8BD0300A8A6030070B5002286B00546DA
S31500010E800E4603F0ADFB044600223146284603F028
S31500010E90C1FB237A012B16D018466E6923F05CFB41
S31500010EA00446012023F058FB03461849184A2846F0
S31500010EB0CDE90243009201914223164A1649B047F1
S31500010EC0012006B070BD0646606821F09FFA2468CD
S31500010ED0D6B1356870B104EB8000B4EC010AB5EE09
S31500010EE0400AF1EE10FA08D4F1EEC07A8442E5EC3C
S31500010EF0017AF2D1002006B070BD059025F07EFB87
S31500010F000598F0EE407AF1E728F0B4FF18BE030029
S31500010F101CA70300B8BD0300A8A6030070B52DEDFC
S31500010F20028B002286B005460E4603F059FB0446A5
S31500010F3000223146284603F06DFB237A012B18D097
S31500010F4018466E6923F008FB0446012023F004FBD2
S31500010F5003461C491C4A2846CDE9024300920191E9
S31500010F6042231A4A1A49B047012006B0BDEC028B4A
S31500010F7070BD0646606821F049FA246806B33568F3
S31500010F8090B1B7EE008A04EB8000B4EC010AB5EE2D
S31500010F90400AF1EE10FA0CD4F1EEC07A88EE277A07
S31500010FA08442A5EC017AF0D1002006B0BDEC028B9B
S31500010FB070BD059025F022FB0598F0EE407AEDE72D
S31500010FC028F058FF18BE03001CA70300B8BD030094
S31500010FD0A8A6030070B5002284B005460E4603F0AC
S31500010FE0FFFA044600223146284603F013FB237A12
S31500010FF0012B16D018466E6923F0AEFA044601207D
S3150001100023F0AAFA03461249124A2846CDE90243B9
S31500011010009201914223104A1049B047012004B0C1
S3150001102070BD0646606821F0F1F9236876B1326831
S3150001103048B103EB8000F3EC017AF0EEE77A8342E4
S31500011040E2EC017AF7D1002004B070BD28F012FF5E
S3150001105018BE03001CA70300B8BD0300A8A6030021
S31500011060F0B5002285B005460E4603F0B9FA0446EE
S3150001107000223146284603F0CDFA237A012B16D0F9
S3150001108018466E6923F068FA0446012023F064FAD3
S3150001109003461249124A2846CDE9024300920191BC
S315000110A04223104A1049B047012005B0F0BD07465A
S315000110B0606821F0ABF9246877B13D6848B104EB6B
S315000110C08006B4EC010A25F0FFFAB442A5EC010A48
S315000110D0F7D1002005B0F0BD28F0CCFE18BE030004
S315000110E01CA70300B8BD0300A8A60300F0B50022A3
S315000110F085B005460E4603F073FA044600223146D2
S31500011100284603F087FA237A012B16D018466E6912
S3150001111023F022FA0446012023F01EFA034612495F
S31500011120124A2846CDE90243009201914223104A10
S315000111301049B047012005B0F0BD0746606821F0AF
S3150001114065F9246877B13D6848B104EB8006B4ECD3
S31500011150010A25F075FAB442A5EC010AF7D100207F
S3150001116005B0F0BD28F086FE18BE03001CA70300DB
S31500011170B8BD0300A8A60300F0B5002285B0054658
S315000111800E4603F02DFA044600223146284603F0A6
S3150001119041FA237A012B16D018466E6923F0DCF941
S315000111A00446012023F0D8F903461249124A28467B
S315000111B0CDE90243009201914223104A1049B047FA
S315000111C0012005B0F0BD0746606821F01FF92468CB
S315000111D077B13D6848B104EB8006B4EC010A25F00D
S315000111E0DDF9B442A5EC010AF7D1002005B0F0BD46
S315000111F028F040FE18BE03001CA70300B8BD03007B
S31500011200A8A6030010B504460021034B034A03F0C8
S31500011210BFF9204610BD00BFD50F01003D0C0100EE
S3150001122010B504460021034B034A03F0B1F92046E9
S3150001123010BD00BF611001003D0C010010B5044650
S315000112400021034B034A03F0A3F9204610BD00BF5A
S31500011250ED1001003D0C010010B504460021034BC1
S31500011260034A03F095F9204610BD00BF791101002C
S315000112703D0C010010B504460021034B034A03F05F
S3150001128087F9204610BD00BF790E01003D0C010013
S3150001129010B504460021034B034A03F079F92046B1
S315000112A010BD00BF1D0F01003D0C010010B5044625
S315000112B00021034B034A03F06BF9204610BD00BF22
S315000112C0ED0D01003D0C010010B504460021034B54
S315000112D0034A03F05DF9204610BD00BF5D0D010014
S315000112E0590D0100836B13B14FF48071184710B586
S315000112F028F0C0FD2DE9F0432DED028B0B68044665
S31500011300C66885B013B11B68012B12D0504A6569B6
S315000113100126CDE90123204655234E4A00924E4926
S315000113204E4A0396A847012005B0BDEC028BBDE8E5
S31500011330F0834B680F4633B31B68012B23D1336807
S31500011340002230469B6998470546002873D03368CA
S31500011350002239463046DB6998478046002873D01B
S31500011360287898F80030834250D1092B14D033687D
S31500011370294630465B6A98473368304641465B6A80
S3150001138098470020D0E7324A65690126CDE9012355
S3150001139020465623324AC1E7F7EE008AD8ED037A92
S315000113A06FF07F04D7F8109088EEA78A274619E0D8
S315000113B0D8ED047A28EE000AF8EEE77AB8FE400A7C
S315000113C077EE807AFDEEE77A17EE903ABB42B8BF28
S315000113D03B467F2BA8BF7F23E2B20134802C09F85C
S315000113E00230C4D02B69D5ED037AE31A00EE103A28
S315000113F0B8EEC00A20EE270AB5EEC00AF1EE10FAE1
S31500011400D6D525F06BF830EE680AD1E7666923F088
S31500011410A3F8054698F8000023F09EF80346114903
S31500011420114ACDE902530092019120465D230B4AF0
S315000114300E49B04777E759230D4965692046009162
S31500011440064A0C49A8476EE75C230B49F5E700BF3E
S31500011450B0C00300F0A8030058A6030028BE03008D
S3150001146074A60300E0A603001CA70300A8A60300B8
S315000114707CA5030064A50300E8A903002DE9F0415A
S3150001148000228CB005460F4603F0AAF80646002254
S315000114903946284603F0BEF8347A8046012C4ED0F0
S315000114A0092C40D1314606A83D6903F0CDF84146E5
S315000114B0684603F0C9F8DDF818C0009B9C4540F06A
S315000114C08580BCF1000F79DD06AB6C461F46002214
S315000114D054F8040F57F8041F884277D10132944516
S315000114E0F6D106AA02EB8C00012253F8041F8342AF
S315000114F001FB02F2F9D1B8F1000F67D0002AD8F842
S31500011500000036680BDD711E01380B4611F8014FDC
S3150001151002332C579B1B9A4200F8014FF5DC002041
S315000115200CB0BDE8F08120466C6923F015F8284916
S3150001153002462846A04701200CB0BDE8F08131469D
S31500011540684603F081F8414606A8376803F07CF83F
S31500011550B8F1000F3AD0DDF800C0069BD8F800605C
S315000115609C4533D1BCF1000F17DD6B46684600225E
S3150001157006A950F8045F51F8044FA54226D101325D
S315000115809445F6D101240DEB8C0153F8042F9942B1
S3150001159002FB04F4F9D1002CC1DD002504E001357C
S315000115A0A542A6EC010ABADAB7EC010AB5EEC00A01
S315000115B0F1EE10FAF3D525F061F9F0E7B8F1000F75
S315000115C004D00122D8F8000036689CE728F052FCC6
S315000115D054BE030010B50446034B044A044902F005
S315000115E0D7FF204610BD00BF7D140100F512010092
S315000115F0E51201000020704700487047840D040081
S315000116002DE9F0410B680446C76884B013B11B6825
S31500011610012B10D001265D4A6569CDE901235C4A9B
S315000116202046009220235B4A5B490396A847012086
S3150001163004B0BDE8F0814E680D46002E2CD0366808
S31500011640012E29D13B68002238469B69984780467E
S31500011650002858D03B68294600223846DB6998475E
S31500011660054600287CD098F80000012837D1287853
S3150001167001281FD1AB69D8F8182093424CD0CDE987
S315000116800232464E464965692A2300912046414A5F
S3150001169041490196A847CAE701273C4B414A65697A
S315000116A02046CDE90136009221233A4A3A49039769
S315000116B0A847BCE7666922F04FFF054698F8000087
S315000116C022F04AFF03463849384ACDE902530092CF
S315000116D00191204629232F4A3549B047A7E7676973
S315000116E022F03AFF0546304622F036FF03463149DD
S315000116F02D4ACDE902530092019120462823254A1D
S315000117002B49B84793E724232B4965692046009165
S31500011710204A2A49A8478AE7A968D8F80820D1F8B3
S3150001172000C013689C451ED1BCF1000FC8BF002341
S3150001173002DC1EE09C451CD051F8040F52F8046FE0
S315000117400133B042F6D02D23CDE902061C4A1D49CC
S3150001175065692046019200910E4A0F49A84766E73E
S3150001176027231949D1E7CDE902C3184A2B23184982
S31500011770EEE73B68414638465B6A98473B68384620
S3150001178029465B6A9847002052E700BFB0C00300B4
S31500011790F0A803008CBE030058A603000CAF03009B
S315000117A01CAF030074A603001CA70300E0A60300F8
S315000117B0A8A6030094B903007CA5030064A5030051
S315000117C054AF03006CAF0300E8A903002CAF03007C
S315000117D040AF03002DE9F04100228CB080460C4653
S315000117E002F0FEFE002206462146404602F012FFA6
S315000117F007463146684602F027FF394606A802F039
S3150001180023FFDDF800C0069B9C453CD1BCF1000FCF
S31500011810D8BF012415DD6B466D46002206AC54F88F
S31500011820040F55F8041F88422DD101329445F6D193
S3150001183001240DEB8C0053F8041F834201FB04F4D1
S31500011840F9D1307A012811D13568E7B13E684CB13A
S3150001185005EB8404B5EC010A24F040FEAC42A6EC8B
S31500011860010AF7D100200CB0BDE8F081D8F8144088
S3150001187022F072FE05490246337A4046A04701200E
S315000118800CB0BDE8F08128F0F5FA00BFB8BE030040
S3150001189010B504460021034B034A02F079FE2046A7
S315000118A010BD00BFD51701000116010070B5002259
S315000118B00E46054602F094FE0022044631462846AD
S315000118C002F0A8FE0646606820F0A0FD227A012AF1
S315000118D018D0092A10D12EB300283268246809DDF0
S315000118E00138631E013A204413F9011F834202F8AD
S315000118F0011FF9D1002070BD28466B690A49984736
S31500011900012070BD76B1236800283268C8BF03EB99
S315000119108000EFDD53F8041B834242F8041BF9D122
S315000119200020E8E728F0A6FAE8BE03002DE9F04F0B
S315000119300B680446C56891B013B11B68022B10D021
S315000119406C4A65690226CDE90123204659236A4A74
S3150001195000926A496A4A0396A847012011B0BDE878
S31500011960F08F4F688846002F38D03F68012F35D158
S315000119702B68002228469B699847064600283BD0DB
S315000119802B683A46414628469B69984707460028F0
S3150001199059D02B68414600222846DB699847804684
S315000119A0002853D0337803703B7D042B1FD0B968D0
S315000119B00BA851F8049B4FEA890228F079FCB9F18A
S315000119C0010F3ADC387802281FD0656922F0C4FD80
S315000119D04C4902463B782046A847BEE74A4B656913
S315000119E00126CDE9013720465A23484AB0E7204669
S315000119F0636947499847B0E75D23464965692046CB
S31500011A0000913F4A4449A847A7E7B1687B6851F866
S31500011A1004ABD3F800904FEA8A0205A8CDF810A0CE
S31500011A2028F046FCB9F1000F02DA0AF101039944E4
S31500011A30CA450EDA41233949E0E74A462046636939
S31500011A403749984789E760233649D7E763233649FB
S31500011A50D4E7D8F808100BA851F804BB4FEA8B025B
S31500011A60CDF828B028F024FC0AF101035B4539D1F1
S31500011A70BBF1000F20DD4FF0FF3E00230DF1280CD6
S31500011A8004A80FE029D0BEF1FF3F31D0F2452FDD8A
S31500011A900268914229D101335B4500F104000EF140
S31500011AA0010E09D04B455CF8041FEBDA42689142FE
S31500011AB0F1D04C231D49A1E72B68314628465B6AC4
S31500011AC098472B68394628465B6A98472B6828460B
S31500011AD041465B6A9847002040E70129DBD04E2347
S31500011AE013498BE74823134988E75023124985E7B1
S31500011AF028F0C0F9500C0400F0A8030058A6030012
S31500011B0028BF0300CCBF0300B0C0030074A60300C6
S31500011B106CBF03007CA5030064A50300FCBF0300A2
S31500011B20A0BF03005CBF0300E8A903006CC003006B
S31500011B3098C0030028C00300B4C0030010B50446D2
S31500011B400021034B034A02F023FD204610BD00BFCE
S31500011B50AD1801002D1901002DE9F047C4680546AD
S31500011B60236886B0002220469B690E4698470028C6
S31500011B7058D0236807460122314620469B6998477B
S31500011B80804600286AD02368314600222046DB6958
S31500011B9098470646002864D0D8F808301B681BBB56
S31500011BA098F8002001788A422FD18068002800F039
S31500011BB0D680796800293ED0BA68D2F800C0BCF157
S31500011BC0010F51D1D2F804C00268944553D02C2399
S31500011BD0CDE9022C634E64496C6928460091634A3B
S31500011BE063490196A0470CE062490026CDE901133D
S31500011BF05223614A6C69284600925D495B4A039605
S31500011C00A047012006B0BDE8F087CDE902215B4F70
S31500011C105B4E6C6955232846544A554901970096EF
S31500011C20A047EEE7492357496C69284600914F4A78
S31500011C305549A047E5E72368394620465B6A984738
S31500011C402368414620465B6A984723682046314609
S31500011C505B6A9847002006B0BDE8F0874C234B49E4
S31500011C60E2E74F234A49DFE74A4B0126CDE9013C2A
S31500011C70494A2A23BEE797F800E0AEF1020CBCF10F
S31500011C80070F05D8DFE80CF04F042D04041E040AE3
S31500011C90724628466B6941499847B2E7002ACADD70
S31500011CA0013901EB020C01E06145C4D050F8043F53
S31500011CB011F9012F9342F7D0CDE90232384E212393
S31500011CC0384989E7002AB6DD023901EB420C01E009
S31500011CD08C45B0D050F8043F31F9022F9342F7D02A
S31500011CE0EAE7002AC8BF083903DCA4E701339A42B0
S31500011CF0A1D051F8089F50F804CFD1F804E04FEA7B
S31500011D00EC7AF24508BFCC45F0D0CDE9049E244AD1
S31500011D1024496C692123CDE9012C00912846134AF7
S31500011D201349A0476DE7002AC8BF043904DC82E7DE
S31500011D3001339A423FF47FAF50F804CF51F804EFD4
S31500011D40F445F5D0CDE902CE154A16496C69212331
S31500011D50019200912846054A0549A04751E728F016
S31500011D6089F800BF74C1030080C10300E4C0030009
S31500011D7058A6030024AE030038C10300E0A6030001
S31500011D8050C1030014C1030064A5030024C103006C
S31500011D90E8A90300B0C003005CC10300B8C1030099
S31500011DA08CC10300A8C10300F0B50122A5B00C4601
S31500011DB0074602F015FC054621460022384602F088
S31500011DC029FC2C7A0646022C54D0092C29D0012C48
S31500011DD074D1294606A802F037FC314668462D68BB
S31500011DE002F032FC002E7AD0069A3168002A76D1AA
S31500011DF0009E002E6DDD6B46204603EB860653F8EA
S31500011E00044F9E4204FB00F0F9D1002806DD0B4683
S31500011E1029680132824243F8041BF9DB002025B010
S31500011E20F0BD29461EA802F00FFC314618A82C6801
S31500011E3002F00AFC002E52D01E9B3568002B4ED1B3
S31500011E401898002847DD012218AB03EB800053F8F0
S31500011E50041F834201FB02F2F9D1002ADEDD691E6D
S31500011E600B46023394F900005B1B9A4201F8010FFD
S31500011E70F6DCD3E7294612A802F0E6FB31460CA8A8
S31500011E802F6802F0E1FB56B3129A30683ABB0C9DFB
S31500011E90002D22DD01210CAB03EB850553F8044F20
S31500011EA0AB4204FB01F1F9D10029B7DD031F386804
S31500011EB001328A4243F8040FF9DBAFE720467C6919
S31500011EC022F04AFB074902463846A047012025B0C1
S31500011ED0F0BD20469BE70122C1E70121E6E727F095
S31500011EE0C9FF00BFE8C1030010B504460021034B3A
S31500011EF0034A02F04DFB204610BD00BFA91D01009B
S31500011F00591B0100F0B5002291B006460F4602F0BA
S31500011F1067FB047A012C16D02046756922F01CFB5A
S31500011F200446012022F018FB03462A492A4A304674
S31500011F30CDE90243009201912123284A2849A84765
S31500011F40012011B0F0BD054639460022304602F0A7
S31500011F5061FB0746294604A802F076FB39460AA822
S31500011F602E6802F071FB97B3DDF810C00A9B3D683D
S31500011F709C452CD1BCF1000FD8BF204618DD04AB1F
S31500011F80184600220AA950F8047F51F8044FA742C7
S31500011F901DD101329445F6D1012004AA02EB8C0130
S31500011FA053F8042F8B4202FB00F0F9D100280BDD18
S31500011FB031462A460023F1EC017AFBFE677A0133AA
S31500011FC08342E2EC017AF6DB002011B0F0BD27F086
S31500011FD051FF00BF94B903001CA7030024C20300EC
S31500011FE0A8A60300002210B504461146024B02F0D2
S31500011FF0CFFA204610BD00BF051F01000020704723
S315000120002DE9F0410B680446C76884B013B11B681B
S31500012010022B10D00226484A6569CDE90123474AB9
S31500012020204600922423464A46490396A8470120A2
S3150001203004B0BDE8F0814E680D46002E35D03668F5
S31500012040012E32D13B68002238469B69984780466B
S3150001205000284CD03B683246294638469B6998474A
S31500012060064600284CD03B68294600223846DB69E3
S3150001207098470546002846D098F8000033788342F1
S3150001208021D12A789A4241D13B68414638465B6A5A
S3150001209098473B68314638465B6A98473B683846FD
S315000120A029465B6A98470020C2E70127264B274A43
S315000120B065692046CDE9013600922523204A21494A
S315000120C00397A847B3E7676922F046FA05463078D1
S315000120D022F042FA03461E491E4ACDE902530092F6
S315000120E0019120463123164A1B49B8479FE7292308
S315000120F01A49656920460091114A1949A84796E788
S315000121002C231849F5E72F231749F2E71846666984
S3150001211022F022FA034628781D4622F01DFA0346CC
S3150001212012490C4ACDE9025300920191204632230D
S31500012130034A0949B0477AE7500C0400F0A80300A6
S3150001214054C2030058A60300B0C0030074A60300DE
S3150001215088C2030098C20300A8A60300F0A50300E5
S3150001216064A5030004A60300E8A90300E0A6030092
S3150001217070B510EE100A10EE906A26F069F9044661
S3150001218030460D4626F064F902460B46204629469E
S3150001219026F0E0FA41EC100B24F0DEFC51EC100BBA
S315000121A026F070FC00EE100A70BD00BF10B50446A3
S315000121B0034B044A044902F0EBF9204610BD00BF67
S315000121C02D24010001200100FD1F01002DE9F04F22
S315000121D00C460668B7B0042ECDE908434099DDF8F0
S315000121E008B100F3868014681546042C00F381803B
S315000121F00A68042A7DDC04230746981A14930CD036
S3150001220000234FF0010E0DF1500C01E0042B70D0AC
S31500012210013398424CF804EFF8D115AB03EB80007B
S315000122209200043128F044F80423981B1A930AD02B
S31500012230002301211AAA01E0042B5AD00133984246
S3150001224042F8041FF8D11BAB03EB8000B200391D25
S3150001225028F02EF80423181B20930AD0002301210D
S3150001226020AA01E0042B44D00133984242F8041F0E
S31500012270F8D121ABA200291D03EB800028F018F844
S31500012280012203231A9C2EA81FA99C4231DD51F875
S31500012290045D013B5F1C40F8042D05FB02F2F4D1FD
S315000122A001220323209D36A825A99D4221DD51F84F
S315000122B0046D013B40F8042D06FB02F25E1CF4D1CD
S315000122C000231A4620A81AA99D4251F8047F10D06E
S315000122D050F8046FBE4207D0012F0CD0012E08D151
S315000122E02EAE06EB830632610133042B0AD0A342DC
S315000122F0EAD127F0BFFD26AE06EB83060133042B98
S315000123003261F4D1149B002B0A93F2DD4FF0000ADF
S31500012310159A524540F387800A99DDF858900129AC
S315000123202A9E329BE5D0B9F1000F77DD339C022955
S3150001233017982B9F0B94DCD039460AFB03F80AFB4E
S3150001234009F300FB03F34F4600241D4689460AFBA9
S3150001235006F6CDF848A01392002854DD2C9ADDF834
S3150001236060A006920A9ADDF8D0E0032AC1D0C446DD
S315000123703146002203FB0AF3CDE90C74CDE90E9533
S31500012380CDE910680590CDF81CE0BAF1000F2BDD00
S3150001239000262D98CDE901C34FEA80093598CDF87D
S315000123A008B14FEA80080898039200EB8105099865
S315000123B0049100EB8C044198A34600EB8307334656
S315000123C03E461F46429CDBED000A95ED000AA047FA
S315000123D001375745A6EC010A4D44C344F3D1DDE963
S315000123E001C3DDE90321A34606980132014407989A
S315000123F05344844405988242C7D1DDE90C74DDE972
S315000124000E95DDE910680B9B0134A7424E449844B2
S31500012410054401D02B469FE7DDE912A20AF1010A24
S3150001242052453FF779AF37B0BDE8F08F2DE9F04F50
S315000124300022A9B006460C4602F0D2F80122214636
S315000124408046304602F0CCF8002221460546304649
S3150001245002F0E0F898F80830012B0BD018467469A1
S3150001246022F07AF8574902463046A047012029B0A2
S31500012470BDE8F08F002D00F0A280D5F800B08146AE
S315000124800024DA465F4607E0F7EC017AF5EE407A7A
S31500012490F1EE10FA2AD0013468681FF0B7FF8442C2
S315000124A0F2DB2946404602F0C1F8414618BB22A894
S315000124B002F0CAF816AC29461CA8D8F8005002F05A
S315000124C0C3F84946204602F0BFF8B9F1000F76D0AD
S315000124D029463D4D5B460295D9F800501CAACDE927
S315000124E0004522A8FFF772FE0020C0E73046736957
S315000124F036499847BAE710A802F0A6F829460AA86D
S31500012500D8F8004002F0A0F8494604A802F09CF869
S31500012510B9F1000F53D0109A0A9BD9F800709A426C
S315000125204DD1002A46DD10A90D4600230AA850F810
S3150001253004CF55F8046FB44541D101339A42F6D11F
S31500012540049B9A423BD110AB04A803EB820250F8DC
S31500012550046F53F8045FAE4231D19342F7D101269D
S3150001256051F8043F914203FB06F6F9D1002EBBDD7B
S31500012570B846A146002759F8040B25F069FF5AF819
S3150001258004BB044658460D4625F062FF02460B463B
S315000125902046294626F0DEF841EC100B24F0DCFA41
S315000125A051EC100B26F06EFA0137BE4248F8040BC7
S315000125B0E1DC99E7049B9A4208BF0126D8D027F0AF
S315000125C059FC00BFB8C2030071210100A8C2030073
S315000125D0002070472DE9F0410B680446C76884B0B6
S315000125E013B11B68022B10D00226484A6569CDE952
S315000125F00123474A204600922923464A4649039623
S31500012600A847012004B0BDE8F0814E680D46002EB2
S3150001261035D03668012E32D13B68002238469B6997
S315000126209847804600284CD03B68324629463846B2
S315000126309B699847064600284CD03B6829460022EC
S315000126403846DB6998470546002846D098F80000C9
S315000126503378834221D12A789A4241D13B68414657
S3150001266038465B6A98473B68314638465B6A984705
S315000126703B68384629465B6A98470020C2E701272E
S31500012680264B274A65692046CDE9013600922A2361
S31500012690204A21490397A847B3E7676921F05CFF00
S315000126A00546307821F058FF03461E491E4ACDE9FA
S315000126B002530092019120463623164A1B49B84718
S315000126C09FE72E231A49656920460091114A194947
S315000126D0A84796E731231849F5E734231749F2E766
S315000126E01846666921F038FF034628781D4621F011
S315000126F033FF034612490C4ACDE902530092019178
S3150001270020463723034A0949B0477AE7500C0400AB
S31500012710F0A80300E4C2030058A60300B0C00300FA
S3150001272074A6030088C2030098C20300A8A603008A
S31500012730F0A5030064A5030004A60300E8A90300AD
S31500012740E0A6030008B52DED028BB0EE608A23F0FA
S3150001275001FFB5EE400AF1EE10FA11D0B5EEC08ACE
S31500012760F1EE10FAB5EEC00A4CBF01220022F1EEDD
S3150001277010FA4CBF012300239A4218BF30EE080A13
S31500012780BDEC028B08BD00BF10B50446034B044ADD
S31500012790044901F0FDFE204610BD00BFA927010036
S315000127A0D5250100D12501002DE9F0432DED028B40
S315000127B00022A9B00C46054601F012FF2146074644
S315000127C00122284601F00CFF2146002281462846B7
S315000127D001F020FF49468046384601F027FF3C7A42
S315000127E0012C0DD020466C6921F0B6FE4E490246F9
S315000127F02846A047012029B0BDEC028BBDE8F08335
S31500012800B9F1000F00F08D803946D9F80060002833
S3150001281062D016A801F018FF49461CA83D6801F0D0
S3150001282013FF414622A801F00FFFB8F1000F78D03F
S3150001283016991C9BD8F80070994272D100296DDD5A
S3150001284016A8044600221CAB53F804EF54F804CF33
S31500012850E64566D101329142F6D1229B994260D179
S3150001286016AA22AB02EB810153F804CF52F8044FAA
S31500012870A44556D19142F7D1012450F8043F814233
S3150001288003FB04F4F9D1002C42DDA8460025B6EC81
S31500012890018AB8EC010AF0EE480A23F05BFEB5EEB8
S315000128A0400AF1EE10FA11D0B5EEC08AF1EE10FA37
S315000128B0B5EEC00A4CBF01220022F1EE10FA4CBF60
S315000128C0012300239A4218BF30EE080A0135AC42B3
S315000128D0A7EC010ADBDC1BE004A801F0B5FE10AC95
S315000128E049460AA83D6801F0AFFE4146204601F07F
S315000128F0ABFEB8F1000F14D029460C4D33460295B4
S31500012900D8F800500AAACDE9004504A8FFF75EFCF5
S31500012910002029B0BDEC028BBDE8F083229B9942D1
S31500012920B3D027F0A7FA00BF18C30300452701005B
S31500012930836B0BB12021184710B527F09BFA00BF16
S315000129402DE9F04FD1F81090C46885B0B9F1000FA8
S3150001295000F08180D1F814A00D46BAF1000F7AD0AB
S315000129603E4B06461A68236820469B6998470746E8
S31500012970002861D03A4B29461A68236820469B698C
S3150001298098478046002860D0364B29461A68236846
S3150001299020469B699847344B29461A682368834623
S315000129A0DB69204698470546002851D038782A78B1
S315000129B0824217D0776921F0CFFD0446287821F0AD
S315000129C0CBFD034629492A4ACDE9024300920191EA
S315000129D030463A23274A2849B8470126304605B0EA
S315000129E0BDE8F08F9AF8001030463B46CDE901B5B7
S315000129F0CDF80C90CDF8008000F0E6FB06460028E5
S31500012A00ECD12368394620465B6A984723684146DC
S31500012A1020465B6A9847BBF1000F04D023685946EC
S31500012A2020465B6A98472368204629465B6A984791
S31500012A30304605B0BDE8F08F312310497469304640
S31500012A4000910C4A0E49A047C7E734230D49F5E723
S31500012A5039230D49F2E727F00DFA00BF30110400C2
S31500012A602C1104002811040024110400E0A603001F
S31500012A701CA7030044C30300A8A603007CA503000A
S31500012A8064A50300DCB40300E8A903002DE9F04FB7
S31500012A90D1F814A0B7B0BAF1000F00F02883694B42
S31500012AA00F461A68804601F09BFD674B39461A6846
S31500012AB08146404601F094FD644B39461A68064644
S31500012AC0404601F08DFD624B394604461A68404680
S31500012AD001F0A0FD39690546002900F0088399F83F
S31500012AE00800072800F09F81092800F0B580012819
S31500012AF040F0A882002C00F0B38227689AF80010F3
S31500012B002CA800F031FB494614A801F09DFDD9F827
S31500012B10003031461AA8009301F096FD002E00F010
S31500012B20E682214620A826ACD6F8008001F08CFD6D
S31500012B302946204601F088FD002D00F0D88226980E
S31500012B402B68411EDDED336A9DED346A1A9E0293B0
S31500012B5000F1CD824FF0010B0023994204D004EB22
S31500012B608302526802FB0BFB01339842F5D1B31E77
S31500012B7000F1BD8236AA02EB830302EB810153F811
S31500012B806C5C51F83C3C9D4240F0B18236AB03EBA4
S31500012B908606BBF1000F56F8700C40F34F820026F3
S31500012BA0CDF810B09FED2B5AB1463446AB46AB007B
S31500012BB00393029B03EB850CBBF1000F00EB0605AB
S31500012BC036DD39460022009B019403EB860E029BFB
S31500012BD0009E03EB890306EB850A00289FED1D7A0B
S31500012BE00ADD744608EB8206F4EC015AF6EC017A2A
S31500012BF0A245A5EEA77AF7D1002F00F05382D1EDB9
S31500012C00007A77EE877AF4EE676AF1EE10FA76FECD
S31500012C10A77AB4EE676AF1EE10FA48BFF0EE467A8B
S31500012C20E3EC017A9C4501F104010244D5D1019CF2
S31500012C30039B01349C44049B2E46A342D944BBD139
S31500012C40FCE100BF301104002C110400281104001E
S31500012C502411040000000000002C00F00582236806
S31500012C6001932CA800F06CFA494614A801F0ECFC7B
S31500012C7031461AA8D9F800A001F0E6FC002E00F0B2
S31500012C8036823368214620A826AC0C9301F0DCFC81
S31500012C902946204601F0D8FC002D00F02882DDE906
S31500012CA02F1B2C9B2F680D932D9B1A9D0E932E9BEC
S31500012CB0012D0493319B0293329B039340F31782B8
S31500012CC0269E002E40F31382DDE90232934200F381
S31500012CD00E824FF001090023701E984204D004EBC6
S31500012CE08302526802FB09F901339E42F5D136ABE4
S31500012CF003EB800003EB850350F83C2C53F8743C3E
S31500012D0014469A4200F3F38136AB03EB8505B9F11C
S31500012D10000F55F8705C40F391810123CBF1000857
S31500012D2028EAE87803FA08F3013B4FF0000ED4468F
S31500012D3005934FEA630A43462BEAEB70F046CDF85A
S31500012D402C90DE463A46A1469B460790B9F1000F04
S31500012D50D8BF02EB09075EDDCDE9088902EB09065A
S31500012D60E1460CEB0503019C0C980A93002D40F3F8
S31500012D709C81002300F1FF3CCDF818900092069A41
S31500012D800D9F12F9018B474406923A461CF9018FB1
S31500012D900E9FB84402FB08330A9F069ABA42EED147
S31500012DA0DDE900270FB127683B44079FBB409942E5
S31500012DB000F06C8181FB033CBCF1000FC0F256812F
S31500012DC013F180434CF10007DB0F43EA47031EF181
S31500012DD01F0FC0F27781059F0AEBD37C1F4043FA90
S31500012DE00BF3BC45B8BF0133049F04343B44029F37
S31500012DF02844BB42B8BF3B46039F0096BB42A8BFCF
S31500012E003B4602F8013BB242B0D13746CC46DDF82B
S31500012E102080DDF824900B9B08F1010898453A467D
S31500012E20AC4493D10AE1002C00F01C8127682CA840
S31500012E3000F086F9494614A801F006FCD9F80030DD
S31500012E4031461AA80E9301F0FFFB002E00F04F81C8
S31500012E503368214620A826AC129301F0F5FB2946DA
S31500012E60204601F0F1FB002D00F041812B681A9DEF
S31500012E7013932F9B012D0293309BDDF8B4B00F9372
S31500012E80319B0393329B049340F3318126980028AA
S31500012E9040F32D81DDE90332934200F328814FF09F
S31500012EA001090023411E8B4204D004EB83025268C0
S31500012EB002FB09F901339842F5D136AB03EB8101E7
S31500012EC003EB850351F83C0C53F8743C984200F32C
S31500012ED00E8136AB03EB8505B9F1000F55F870ACE1
S31500012EE040F3AC8047F6FF73029C824A04F5004129
S31500012EF04FEA21489442C8BF9846012400220F9EFA
S31500012F000AFA04F110910E99C6F10E05A5F1200EEB
S31500012F10C5F1200301EB4A0C06F11F01089124FAC1
S31500012F2003F304FA0EF10B43079304FA05F3069330
S31500012F301546134686464FEAE87105910197CDF885
S31500012F404490BEF1000F0EEB05016FDD13980E9C48
S31500012F5000EB450600EB4109CDE90A230F98CDE9BF
S31500012F600CE104EB4204019D129F0994C0F10F0488
S31500012F700022BAF1000FD8BF104611DD104609999B
S31500012F8007F1FF3E00951EF9013F31F9025B5B44F3
S31500012F9005FB03F39A1840EBE3706145F3D1009DFD
S31500012FA0019B2BB12B68D3181A466B6840EB0300C3
S31500012FB0029B002B7FDB089B262B00F291804FF0B2
S31500012FC0FF3191424FF6FF7100F5004371EB0303A8
S31500012FD07FD3059B083502FB03F1A2FB082308FBFF
S31500012FE000110B44069957445218079922FA04F224
S31500012FF043EB0103C4F1200103FA01F10A43B4F1E1
S31500013000200158BF43FA01F1039B58BF0A439A4274
S31500013010B8BF1A46049B9A42A8BF1A4626F8022B45
S315000130204E45A5D1DDE90A23DDE90CE10D461099EE
S3150001303001338C4411995244994282D1002037B010
S31500013040BDE8F08FD8F8144021F086FA2A490246E5
S3150001305099F808304046A047012037B0BDE8F08F07
S3150001306027464BE52746E2E60194FAE5234FDB19AD
S315000130706CF1000CBCF1000F04DA6FF00047DB19AC
S315000130804CF1000CDB0F43EA4C03A0E6B1F1004F13
S315000130907FF490AE1EF11F0F14DBD4466FF0004390
S315000130A0059F9CE6F0EE457AABE5019B0BB100234B
S315000130B079E69C4684E64FF48971114B114A124810
S315000130C022F0DAF840F26711104B114A114822F04A
S315000130D0D3F84FF48A71104B0A4A0B4822F0CCF808
S315000130E040F213110D4B074A074822F0C5F826F0A6
S315000130F0C1FE00BFFFFFFE7FA0A50300010000C0C7
S315000131001CB3030038B3030080B3030058A40300C3
S3150001311068A40300C4A40300FCB30300E0B30300E6
S3150001312010B50446034B044A044901F031FA20461E
S3150001313010BD00BF8D2A010041290100312901007E
S3150001314010B4D1E9054264425242C0E900420A681C
S31500013150CC68C2604A68846102618A685DF8044B82
S315000131604261CA698260704701291CD0032911D0C6
S315000131709FED116ADFED116ABFEE007AF7EE007A74
S31500013180022907FE067A47FEA67A80ED077AC0ED88
S31500013190087A70479FED0A7AF1EE087A80ED077A90
S315000131A0C0ED087A70479FED067ADFED047A80ED6F
S315000131B0077AC0ED087A7047FFFF7FFFFFFF7F7F29
S315000131C000000000000000002DE9F041012A84B052
S315000131D00D9F04D10024204604B0BDE8F0811D46B0
S315000131E09FED197B0C9B8846009302AB0193294600
S315000131F0DDE90A2306468DED027B1FF059FA0446E6
S315000132000028E8D19DED020B3846391D1FF068F9FB
S315000132102B697B610A9B1B6993B90C9BBC611A697B
S3150001322007F10C03FA614146009330460C9A07F107
S3150001323008031FF0BDFA0446204604B0BDE8F0813C
S3150001324026F018FEAFF30080000000000000000029
S315000132502DE9F04F00228FB00C4680464D6901F0F2
S31500013260BFF9012221460746404601F0B9F9064653
S3150001327000222146404601F0CDF9337A022B03D0D4
S3150001328000200FB0BDE8F08F3B7A012B00F0E580FE
S31500013290092B40F0D5803368D7F8008000930028C9
S315000132A000F0BC8129687F6803680029D7F800B05F
S315000132B00193C0F2AF818B4540F3B0816B68D6F8BC
S315000132C004C0002BDCF800A0C0F2B5819B4540F399
S315000132D0A581534500F3A2818B4200F39F81002B08
S315000132E000F0B081BE4660463A46002500E025461C
S315000132F052F8046F50F8044FA64240F08F816C1CBF
S31500013300A342F4D10126002407EB8102D2F80490EE
S315000133105EF8040FA54200FB06F604F10104F7D19D
S315000133208B4280F2A08118464FF0010E07EB830411
S3150001333054F8042F0130814202FB0EFEF8D101310F
S315000133408B4540F38E81012507EB810757F8042F42
S3150001335001318B4502FB05F5F8D1534580F27E819B
S315000133604FF0010B0CEB830C5CF8042F01339A45EB
S3150001337002FB0BFBF8D1002E82DDDDE900310027CF
S31500013380043B049305FB0EF30BFB03F30B9309FBC1
S315000133900EF3AA460A930C9605FB0BF33C463D46F3
S315000133A03E460393CDF808E0029B002B3EDD049BCD
S315000133B0099603EB86038E46274600225646CDE93B
S315000133C00535CDE90741BBF1000F23DD059D0092CF
S315000133D02A467346354600241646DDF810A0CDF878
S315000133E004E05AF8041F0029C0F21881494580F209
S315000133F0158156F8041F184639442A4605FB0181F2
S3150001340026F056FF034601345C452B44E9D1DDE93C
S31500013410002E2E46039B01329E44029B4F449A4244
S31500013420D1D1DDE90654B246DDE908160A9B01351C
S315000134301C440B9B5E4419440C9B9D42B4D11FE76F
S315000134401846D8F8144021F087F88C4902464046C0
S31500013450A04701200FB0BDE8F08F3B68D6F800A069
S315000134600093002800F0DA8029687C680029D0F8EA
S3150001347000C0D4F800E0C0F2D9808E4540F3CE807A
S315000134806B687668002B3768C0F2CA809E4540F3A8
S31500013490C580BB4200F3C2808B4200F3BF80002B84
S315000134A000F0D6802046B146254600228B46984636
S315000134B055F8041F59F8043F994240F0AF80013294
S315000134C04245F5D14346594601254FF0000804EB24
S315000134D08B02D2F8049050F8042F08F101089845A0
S315000134E002FB05F5F7D18B4280F2C6801846012210
S315000134F09B4604EB830858F8043F0130884203FBDE
S3150001350002F2F8D15B4601318E4540F3B2804FF0AD
S31500013510010804EB810454F8040F01318E4500FBC8
S3150001352008F8F8D19F4240F3A1804FF0010B06EB5A
S31500013530830656F8041F01339F4201FB0BFBF8D1AA
S31500013540002D7FF79DAE0026AAF10403059302FB29
S3150001355008F30BFB03F39B000C9309FB02F34FEA01
S315000135608807BA460B930D950BFB07F36146344664
S315000135703546374604930392039B002B40DD059B9A
S315000135800A9703EB87038E464FF0000C27465646F3
S31500013590CDE90635CDE90841BBF1000F23DD324601
S315000135A0069D73462E4600241546CDE901CEDDF86B
S315000135B014A05AF8041F002930DB49452EDA56F8C3
S315000135C0041F009A394408FB01F1184602EB8101F8
S315000135D02A4626F06DFE034601345C452B44E8D1AC
S315000135E0DDE901CE2E46049B0CF1010C9E44039BA2
S315000135F04F449C45D0D1DDE90754DDE90917B246B0
S315000136000B9B01351C440C9B5F4419440D9B9D4249
S31500013610B2D135E611EB0B017FF550AE26F02AFC4F
S31500013620DB19FBD49E453FF737AFF7E711EB0E01E8
S315000136307FF526AFF2E713EB0A03EFD49B453FF77D
S315000136404BAEEBE707EB81020126D2F8049067E661
S3150001365004EB81020125D2F8049044E74FF0010BF7
S3150001366089E6012579E64FF0010E68E64FF0010B78
S3150001367066E74FF0010855E7012244E77CC30300E2
S315000136802DE9F0470B680446C76886B013B11B687D
S31500013690022B11D002268B4A6569CDE901238A4A9C
S315000136A0204600926623894A89490396A847012440
S315000136B0204606B0BDE8F0874E680D46002E31D093
S315000136C03668012E2ED13B68002238469B69D1F817
S315000136D014909847804600284CD03B6832462946CC
S315000136E038469B6998470646002846D03B68002223
S315000136F029463846DB6998478246002840D030780B
S3150001370002281DD198F8000000F0F703012B8AF872
S3150001371000001DD0656920F01FFF6E490246204654
S31500013720A847C4E701276C4B6C4A65692046CDE979
S31500013730013600926723654A65490397A847B6E7AC
S31500013740656920F009FF664902462046A847AEE7AB
S31500013750D9F80030D8F80820002B116813DB9942FC
S3150001376013DC93235F49656920460091574A5E49F8
S31500013770A8479CE76D235D49F5E770235C49F2E7AD
S3150001378073235C49EFE75B18EBD4D9F80490B9F1E0
S31500013790000F08DB4B4511DBB0680168494510DABB
S315000137A09D235549DFE7B068016889444B4505DB30
S315000137B0B9F1000F05DA9C235049D4E79B23504900
S315000137C0D1E70021B9F1000F02D115E0494513D027
S315000137D052F804CF50F804EF0131F445F6D0CDE9A3
S315000137E002CE484A484965699F23019200912046C5
S315000137F0364A3749A8475AE7294600222046059303
S3150001380000F008FF51460246204600F039FF044603
S3150001381000287FF44DAFB268D8F80810126809681D
S31500013820DAF808000A44013A059BA2EB0902026094
S3150001383063B1054621468C46D8F80820013102EBD2
S315000138408C0252688B4245F8042FF4D1B1689C462C
S315000138500A684A4511DD4D4600EB830E01EB8501F1
S315000138604A68AC464EF8042FB16801350A68AA4287
S31500013870F4DCC9F101021A449444D8F80820013352
S3150001388011689942C8BF00EB8C000ADD02EB830286
S315000138905268013340F8042FD8F80820116899427C
S315000138A0F4DC3B68414638465B6A98473B683146DB
S315000138B038465B6A98473B68514638465B6A984783
S315000138C0F6E600BF500C0400F0A80300A4C30300F1
S315000138D058A603007CC30300B0C0030074A603000E
S315000138E0E8C303001CC4030064A503007CA5030010
S315000138F0D4C30300E8A9030094C403005CC4030015
S3150001390048C40300B8C4030054AF030010B504460D
S315000139100021034B034A00F03BFE204610BD00BFC9
S3150001392051320100813601002DE9F0430B6804464E
S31500013930C76885B013B11B68022B10D00226634AF3
S315000139406569CDE90123624A204600922123614A35
S3150001395061490396A847012005B0BDE8F0834E688A
S315000139600D466EB33668012E2AD13B6800223846D1
S315000139709B6998478046002800F082803B68324662
S31500013980294638469B6998470646002800F08180FB
S315000139903B68294600223846DB69984705460028D8
S315000139A07AD098F8003003F0F702012A16D01846AB
S315000139B0656920F0D1FD494902462046A847CAE774
S315000139C00127474B474A65692046CDE901360092F2
S315000139D02223404A40490397A847BCE7307802288A
S315000139E007D0656920F0B8FD3F4902462046A84741
S315000139F0B1E7D8F80820B16810680A68002851F8BC
S31500013A0022C002F1FF3E4ADD002A4DDD844550DC2D
S31500013A10BCF1050F52DCAC682B70BEF1000F53D020
S31500013A20214600239946B268013302EB89025268A6
S31500013A309E4541F8042FF5D184450FDA624604EB21
S31500013A40830ED8F8081001EB8201496801328242DF
S31500013A504EF8041FF5D1A2EB0C02134423603B6818
S31500013A60414638465B6A98473B68314638465B6A49
S31500013A7098473B68384629465B6A984700206BE7BA
S31500013A8025231A49656920460091124A1849A84713
S31500013A9061E728231749F5E72B231749F2E7204663
S31500013AA063691649984756E720466369144998475A
S31500013AB051E720466369134998474CE7052220469A
S31500013AC063691149984746E77346B5E7500C040008
S31500013AD0F0A80300D0C4030058A603002CC50300B8
S31500013AE0B0C0030074A6030060C5030004C503004B
S31500013AF064A5030018C50300E8A9030098C50300DF
S31500013B00BCC50300E0C503001CC603002DE9F04F48
S31500013B10002289B00E46054600F062FD31460122BB
S31500013B200446284600F05CFD31460646002228463A
S31500013B3000F070FD337A022B0BD018466C6920F029
S31500013B400BFD784902462846A047012009B0BDE889
S31500013B50F08F227A012A74D0092A67D1D6E9003179
S31500013B6062680D680193236851F825801768013D45
S31500013B700093002800F0D480002D4FF0010906685B
S31500013B8007DD002351F8040F01339D4200FB09F9BB
S31500013B90F8D1B84580F2C0804346012502EB880181
S31500013BA051F8040F01339F4200FB05F5F8D1104689
S31500013BB01EF02CFCB8F1000F0BDD636803A903EBC3
S31500013BC0880753F8042F90FBF2F0BB4241F8040B2F
S31500013BD0F7D1B9F1000F25DD4FF0000B5F46019BD0
S31500013BE04FEA880A03EB8804B8F1000F27DD0021AC
S31500013BF0A446019B03A803EB8B0353F8042B50F84F
S31500013C00044B634504FB0211F7D16446009B19443A
S31500013C1030462A46013726F04BFB4F452E44C34416
S31500013C205444E1D1002009B0BDE8F08F10466C691B
S31500013C3020F092FC3C4902462846A04785E70099B8
S31500013C40E6E733687168D4F804C00D680193236808
S31500013C5051F825B0DCF80070013D009300285FD0D3
S31500013C60002D9146066807DD002351F8042F013324
S31500013C709D4202FB09F9F8D1BB454FDA5B460125A6
S31500013C800CEB8B0151F8042F01339F4202FB05F522
S31500013C90F8D160461EF0BAFBBBF1000F0BDD63687D
S31500013CA003A903EB8B0753F8042F90FBF2F0BB42F9
S31500013CB041F8040BF7D1B9F1000FB3DD4FF000085D
S31500013CC0019BBBF1000F47464FEA85054FEA8B0A78
S31500013CD003EB8B041EDD0021A446019B03A803EB25
S31500013CE0880353F8042B50F8044B9C4504FB02113E
S31500013CF0F7D16446009B03EB810130462A46013722
S31500013D0026F0D6FA4F452E44D84454448AD0BBF106
S31500013D10000FE0DC0099F0E7012548E70125B8E747
S31500013D2026F0A8F860C5030054C6030010B5044682
S31500013D300021034B034A00F02BFC204610BD00BFB7
S31500013D400D3B010029390100836B0BB11421184782
S31500013D5010B526F08FF800BF10B50446034B044A90
S31500013D60044900F015FC204610BD00BFF13F0100DB
S31500013D7011410100493D01002DE9F04FD1F800C084
S31500013D801C6883B0A44540F02581BCF1000FD8BF63
S31500013D9001261ADD0C460E460025964653F8042FD9
S31500013DA056F8047FBA4240F015810135AC45F5D18C
S31500013DB07246012601EB8C0154F8043F8C4203FB49
S31500013DC006F6F9D1002E40F3F4800C9B4FF0010961
S31500013DD06FF07F0ADFF814B2571E03F1FF38019620
S31500013DE054E003F58043002E43F3CF3340F38B8039
S31500013DF0DD184FEAE3735B4115F5004F73F1FF36AA
S31500013E00BCBF4FF0FF33744DB5F5004F73F100039E
S31500013E10A8BF47F6FF7505F500435B1001FB03F3E9
S31500013E201D46002B0169BCBF03F5FF457F350029FF
S31500013E304FEAE53CC1F1000645F3CF3500F3C380F7
S31500013E4011F11F0FC0F2B8805B45ACBF0021012103
S31500013E504CFA06F309FA06F6013E36B2354001EB95
S31500013E60660641882DB20B44B542C8BF01331BB269
S31500013E705345B8BF53467F2BA8BF7F23023408F8AA
S31500013E80013F019BA41AA34240F3938001883C465B
S31500013E9017F9013F5B1ADB01B0F90C101BB299420D
S31500013EA069D003FB01F100294ADB866801F58041EF
S31500013EB0002EB0F904C041F3CF3150DD751E09FA69
S31500013EC005F585FB0335B3F5004F75F1000E62DA92
S31500013ED013F5004F75F1FF3560DA1CF5004F65D01B
S31500013EE03D4B0CFB03F3002BBFF67BAFA3F57F53D2
S31500013EF03F3B002BBCBF03F5FF437F33002E43F34B
S31500013F00CF333FF775AFBEB175421F3654DB09FAA1
S31500013F1005FE0EF1FF3E0FFA8EFE43FA05F50EEA97
S31500013F20030CC3F3C03303EB6E060FFA8CFCB445E6
S31500013F30D4BF2B466B1C1BB203F500435B106DE728
S31500013F40A1F57F513F3900298668BCBF01F5FF41C4
S31500013F507F31002EB0F904C041F3CF31AEDC6345A9
S31500013F60BFD113F5004F13D04FF4804503FB035324
S31500013F7043F3CF33C7E713F5004F92D1866847F66F
S31500013F80FF71002EB0F904C098DC1CF5004FA8D1D2
S31500013F9047F6FF73B7E747F6FF73A2E71DB2AC45D5
S31500013FA09FD11CF5004F01D09C469AE747F6FF7357
S31500013FB034E703B0BDE8F08F40F26711074B084ABA
S31500013FC0084821F059F94FF4B371074B044A0548E3
S31500013FD021F052F925F04EFF0080FFFF58A403009F
S31500013FE088C60300C4A4030090A503000180FFFF57
S31500013FF0F0B5434B8FB01A6805460E4600F0F0FA4D
S31500014000404B0446314628461A6800F003FB237AE2
S315000140100546012B366921D0092B15D1214602A867
S3150001402000F012FB294608A8276800F00DFB002DB9
S3150001403064D02C683A46304608AB02A90094FFF7D3
S315000140409BFE00200FB0F0BD184620F085FA014610
S315000140502D481CF051FF01200FB0F0BD214602A8EA
S3150001406000F0F2FA294608A8246800F0EDFA002DBE
S3150001407044D0029F089B28689F423FD1002FD8BF9A
S31500014080042317DD02AA9446002308A95CF8046FED
S3150001409051F8045FAE4231D101339F42F6D102ABF2
S315000140A003EB8705012352F8041F954201FB03F335
S315000140B0F9D19B0023449C42C3D22246B0EE086A42
S315000140C0F1EE086A09E0DFED117A67EE877A87EE8D
S315000140D0A67A9342A0EC017AB3D9B2EC017A77EED3
S315000140E0067AF5EEC07AF1EE10FAECDDF4EEE67A38
S315000140F0F1EE10FA58BFF0EE667AE6E725F0BAFE61
S315000141003811040034110400E4C603000000000065
S315000141102DE9F0432DED028B0B69C66887B0002BA4
S3150001412000F0B6800B680D46044613B11B68012BDF
S3150001413012D0584A65690126CDE901232046262376
S31500014140554A00925549564A0396A847012007B099
S31500014150BDEC028BBDE8F0834B6803B31B68012BF2
S315000141601DD13368002230469B6998470746F8B14E
S315000141703368002229463046DB699847804600B3FA
S315000141803B78092B20D03368394630465B6A98471D
S315000141903368304641465B6A98470020D7E73D4A77
S315000141A065690126CDE90123204627233D4AC8E753
S315000141B02B233D49656920460091394A3B49A84769
S315000141C0C4E72E233A49F5E72D693B699FED397A14
S315000141D02B80036905F110096B8097ED038AD0EDF9
S315000141E0037A28EE078AC8EE277A17EE900A24F09A
S315000141F02FF941EC100B494604A81EF071F9049BF6
S31500014200002B45DB6FF0802293423BDA03F5004138
S31500014210080C000481424FEA214239DBA3F5FF4332
S315000142207F3B984234DB13B2AB812B69002B02DD55
S3150001423044232149BEE7DFED217AC8EE277A17EE3E
S31500014240900A24F005F905F1080441EC100B21460A
S3150001425005A81EF045F9059B002B19DB6FF080229E
S31500014260934212DA03F50041080C000481424FEA39
S3150001427021420DDBA3F5FF437F3B984208DB13B2D6
S31500014280AB8080E747F6FF73CEE747F6FF73F7E7A4
S3150001429025F0F0FDB0C00300F0A8030058A6030006
S315000142A0F8C6030074A603007CA5030064A50300F9
S315000142B0E8A903000000003C34C703000000C03831
S315000142C02DE9F047D1E904631A6886B032605B686C
S315000142D0054673600B681B68002B5CDDC76800220E
S315000142E03B6838469B690C4698470146002800F012
S315000142F096800378062B3FD183681868002852DD23
S315000143004FF0000E9A464FF0010C9946F04659F8C7
S31500014310042F08F10108D3170CFB03F302FB0E333C
S31500014320ACFB02CE80459E44F1D10CF1FF3C5CEA28
S315000143300E0C38D0002101260F466C695AF8042F5D
S315000143400137D31706FB03F302FB0133A6FB026118
S3150001435087421944F2D10127434B444A2846039127
S31500014360019300923B23424A424902960497A04791
S31500014370012006B0BDE8F08706263F493F4ACDE950
S31500014380011328466C693A2300923A49384A039642
S31500014390A0470120EDE73A49446933230091344AA5
S315000143A03849A047F5E73B6838465B6A9847D4E940
S315000143B00023BF68D3F800903B683846DB6AD6F81D
S315000143C0008014689847804532DA3B683846DB6AD4
S315000143D0D6F804809847804540DA3B683846DB6961
S315000143E031689847013C844225D13B6838465B6A6F
S315000143F031689847814534D03B68316838465B6AF5
S315000144006C69984703462049204ACDE902930092F8
S31500014410019128464E23164A1649A047B9E7392382
S315000144201B496C6928460091114A1649A047B0E715
S3150001443047231849F5E73B6831683846DB696E69F9
S31500014440984703461449154ACDE902430092019162
S3150001445028464C23064A0749B0479AE7492310499B
S31500014460DFE7002085E700BFB0C00300C8C703002F
S315000144705CC7030058A60300B0C70300BCC703000E
S3150001448088C7030064A503009CC80300D8C80300BD
S31500014490A0C70300DCC7030054C8030090C803008B
S315000144A018C803002DE9F043C4680546236883B0A4
S315000144B0002220469B690E46D1F81080984748B3E2
S315000144C04268236892F8009001465B6A2046984745
S315000144D0A7680123D8E90024B9F1000F18BF1446D3
S315000144E000933A4631462846234600F06FF928B92B
S315000144F03B68214638465B69984710B103B0BDE871
S31500014500F08323463A463146284603B0BDE8F043D8
S3150001451000F02ABA054928466C695B230091044AD2
S315000145200449A047012003B0BDE8F083A0C70300FA
S315000145305CC7030064A50300836B0BB10821184710
S3150001454010B525F097FC00BF10B50446034B044A8D
S31500014550044900F01DF8204610BD00BFA544010026
S31500014560C142010039450100C06803689B681847CC
S31500014570C0680368DB681847C06803681B69184789
S31500014580C06803685B691847C06803689B6A184777
S3150001459010B400248260C0E90014C0E90334C0E904
S315000145A00544C0E907445DF8044B704710B5A8B14E
S315000145B0A1B10968002A8C465CF8044B0CDB9442D5
S315000145C00ADD5CF82240002C06DBBDE8104001EB59
S315000145D08201436D49681847002010BD25F04AFC49
S315000145E010B5A8B1A1B10968002A8C465CF8044B44
S315000145F00CDBA2420ADA5CF82240002C06DBBDE89D
S31500014600104001EB8201436D49681847002010BD37
S3150001461025F030FC30B129B14968436D01EB8202C6
S315000146205168184710B525F025FC00BF08B540B103
S3150001463039B1496840681FF06DFF003818BF012085
S3150001464008BD25F017FC00BF10B5044651B14968F5
S3150001465041B151F8042B40F8042B920025F028FEB5
S31500014660204610BD00232360204610BD012805D039
S31500014670A0F10200B0FA80F040094000704700BF87
S31500014680F0B5064683B041B317464AB3836BD3B13F
S315000146908B680D461C6820461FF038FFB36B014638
S315000146A030469847002CAA680460A860786007DD48
S315000146B0002352F8041F01339C4240F8041FF8D12D
S315000146C0002003B0F0BD7A2307497469074A0091B7
S315000146D00749A047012003B0F0BD78230549F4E757
S315000146E079230549F1E700BF44C90300E4C8030083
S315000146F064A5030018C903002CC903002DE9F04382
S315000147000B684A681B6812688046934285B033D1AC
S31500014710002B3ADD00220F46FFF748FF0546B8F1A8
S31500014720000F48D00026B1467B68D8F8542003EB29
S3150001473086035968404690472A7A037A04469A4284
S3150001474039D102A92846CDE902991AF0E9FE204697
S3150001475003A91AF0E5FEDDE902239A4219D01749A9
S315000147604046D8F814409D230091154A1549A047A3
S31500014770012005B0BDE8F0831349446997230091F0
S315000147800F4A1049A0470120F3E7002005B0BDE814
S31500014790F083002AE3DB2968206825F089FD3B6860
S315000147A001361B68B342F0DD324639464046FFF713
S315000147B0FDFE0546B8E725F05DFB00BFA0C9030075
S315000147C0E4C8030064A5030074C903002DE9F04F92
S315000147D0884687B019460393D8F8003083461C688B
S315000147E013681046DB69DDF8409017469847A4EB3D
S315000147F00904844229D1D8F800301B684B453FDDB6
S315000148000026B246414609EB06025846FFF7CEFEA0
S315000148103B68324605461B6A3846039998472A7A09
S31500014820037A04469A422FD104A92846CDE904AA5F
S315000148301AF076FE204605A91AF072FEDDE9042378
S315000148409A420FD0B123114901E0A82310495846D5
S31500014850DBF814400F4A00910F49A047012007B029
S31500014860BDE8F08F002AEDDB2968206825F020FDE0
S31500014870D8F8003001361B68A3EB0903B342C1DC4B
S31500014880002007B0BDE8F08F25F0F4FAA0C90300B7
S31500014890ACC90300E4C8030064A503002DE9F04F89
S315000148A09B464B688A461C681368804659461046E3
S315000148B0DB6985B01746984784422DD1DAF8043072
S315000148C01A68002A41DDB8F1000F42D00026B14630
S315000148D003EB86035968D8F85420404690473B6855
S315000148E0324605461B6A5946384698472A7A037A5C
S315000148F004469A422DD102A92846CDE902991AF019
S315000149000FFE204603A91AF00BFEDDE902239A42A7
S315000149100FD0C223104901E0BB2310494046D8F805
S3150001492014400F4A00910F49A047012005B0BDE888
S31500014930F08F002AEDDB2968206825F0B9FCDAF84A
S31500014940043001361A68B242C2DC002005B0BDE867
S31500014950F08F25F08FFA00BFA0C9030018CA030023
S31500014960E4C8030064A503002DE9F04F9B464B689C
S315000149708A461C6813688046594610465B6A85B0AC
S315000149801746984784422DD1DAF804301A68002A6E
S3150001499041DDB8F1000F42D00026B14603EB860394
S315000149A05968D8F85420404690473B683246044639
S315000149B09B6A594638469847227A037A05469A42AF
S315000149C02DD102A92046CDE902991AF0A9FD284662
S315000149D003A91AF0A5FDDDE902239A420FD0D323DC
S315000149E0104901E0CC2310494046D8F814400F4A3B
S315000149F000910F49A047012005B0BDE8F08F002ABC
S31500014A00EDDB2968206825F053FCDAF8043001361D
S31500014A101A68B242C2DC002005B0BDE8F08F25F06D
S31500014A2029FA00BFA0C9030070CA0300E4C8030045
S31500014A3064A503002DE9F04F0B6804464F69C6686B
S31500014A408BB013B11B68012B11D0984A65690126F9
S31500014A50CDE9012320462B23954A00929549964A92
S31500014A600396A847012420460BB0BDE8F08F4B689A
S31500014A700D464BB31B68012B26D133680022304605
S31500014A80DB6998478046002830D0336800222946E2
S31500014A9030469B699847814600284AD08268136848
S31500014AA0042B1AD1D8F808100968042927D0CDE9B2
S31500014AB00213824A824E65693423019220467E4A58
S31500014AC07C490096A847CDE7784A65690126CDE974
S31500014AD0012320462C237B4ABFE778490426CDE9EA
S31500014AE0011320463323784A6569B6E72F237749B0
S31500014AF0656920460091704A7549A847B2E7007872
S31500014B0098F80030834217D066691FF025FD0546E7
S31500014B1098F800001FF020FD03466E496E4ACDE964
S31500014B2002530092019120463523634A6B49B047EF
S31500014B3098E732236A49DBE7536879680893136972
S31500014B40D2E902C007933B6997F800E00593FB6839
S31500014B50BA680693002965D0BEF1010F00F087807F
S31500014B60BEF1020F6ED04FF0FF3E4FF0000BF24642
S31500014B70CDF824B0059B0AFB0233069AA3EB0C037E
S31500014B800EFB0122121A23EAE37122EAE2735A109A
S31500014B9003F001033B624B1001F00101BA61FB61B5
S31500014BA0796299F80000012813D066691FF0D4FCD8
S31500014BB0054601201FF0D0FC03464A49464ACDE985
S31500014BC0025300920191204646233B4A4349B0478E
S31500014BD048E7294600222046FFF71CFD41460246CA
S31500014BE02046FFF74DFD044600287FF43CAFD8F878
S31500014BF00830089A41465A60D8F80830099A304672
S31500014C009A60D8F80830079AC3F80CB0D8F808307B
S31500014C101A6133685B6A98473368494630465B6A6E
S31500014C20984720E7002A3BD0BEF1010F4FF0000B59
S31500014C3024D0BEF1020F0DD04FF0FF3ECDF824B0C7
S31500014C40F24697E7069B01EB000EAEEB030E9EFBC9
S31500014C50F1FBFAB1059B02EB0C0AAAEB030A9AFBDC
S31500014C60F2F30BF1FF3E099303F1FF3A82E701EB01
S31500014C70000E0EF1FF3E9EFBF1FB5AB102EB0C0A50
S31500014C800AF1FF3A9AFBF2F30BF1FF3E099303F1A6
S31500014C90FF3A6FE74FF0FF3A09920BEB0A0E69E70D
S31500014CA04FF0FF3E9346F246099263E7B0C0030018
S31500014CB0F0A8030058A60300CCCA030000CB0300EA
S31500014CC09CAB030074A6030030C40300E8A90300EB
S31500014CD064A50300E0A603001CA70300A8A6030021
S31500014CE07CA5030094B903002DE9F04F2DED028B4D
S31500014CF093B00C930B68042B40F0EE8091460C9A0E
S31500014D001368042B40F0E8804C6853688A46A34236
S31500014D1040F0E280096913690991994240F0DC800B
S31500014D20D2E90281DAF80830002C0A93DAF80C305D
S31500014D300B93D0E9033240F32881B8F1000F40F319
S31500014D4024811D469FEDA08A23464FF0000B0C4699
S31500014D50164601460F46504600223146DA463E4681
S31500014D608346964607920C9A002C40F3FB800798DF
S31500014D70099F002F40F31A810790002002900890A6
S31500014D800846CDF80CE0CDF834804FF000084746D0
S31500014D90CDE90E50109411930798B6F90440736942
S31500014DA0011B241A0A9824EAE474451A9D42A8BFF5
S31500014DB01D46AE46B6F90200089DB36900932B1A4B
S31500014DC00493049B401B0B9D20EAE070A5EB030CAA
S31500014DD0009B9C45A8BF9C46744580F2E4800596DD
S31500014DE09FED797A064600255046E2460C44069226
S31500014DF07144564551DADBF80030042B6CD1049B23
S31500014E00DBF804E0F218AAEB06089446CDE9006146
S31500014E10A844BEF1000F25D100285DD1DBF808308A
S31500014E2033BB002C58D1DBF80C604EBB002A53D1A2
S31500014E30DBF8101061BB002F4ED103FB004306FBCC
S31500014E40032301FB037309EB8303D3ED007A0135D9
S31500014E504545A7EEA77A0CF1010C1CD06246BEF1BE
S31500014E60000FD9D0704537DADBF80830002BD8D0DF
S31500014E70002C31DB9C422FDADBF80C60002ED5D0FA
S31500014E80002A29DB964227DDDBF810100029D2D053
S31500014E90B942D2DC20E0DDE900610134A142A8D1AA
S31500014EA0DDE9056207EE905AF8EEE77A87EE270A02
S31500014EB0B5EE400AF1EE10FA82467ED4F1EEC07AE2
S31500014EC01368D6ED096A042B96ED0A7A04D1536864
S31500014ED023B9BAF1000F03D024F0CCFF9A45FBDACF
S31500014EE093680399002B5BD10029F5D1D06802990B
S31500014EF0002852D10029EFD1116900294AD1002F8A
S31500014F00EAD1F4EE676AF1EE10FA76FEA77AB4EE0C
S31500014F10E77AF1EE10FA58BFB0EE677A039C03FB0D
S31500014F200A43029C00FB034301FB03731E990137ED
S31500014F3001EB830383ED007A099B9F427FF42CAF3B
S31500014F40DDE90E50DDE910430299089F013107445E
S31500014F508C42029108977FF418AF0146DDF80CE008
S31500014F60DDF8348007980EF1010E2844C6450790F6
S31500014F707FF4FAAE5A46D34630460BF1010B5B4538
S31500014F800E46924601467FF4E5AE13B0BDEC028BA8
S31500014F90BDE8F08FB942B4DC9EE78142ACDB9BE70A
S31500014FA09942A3DB98E788EE080A87E70EF1010E1E
S31500014FB0C64528447FF4DCAEDCE7009221F01EFBF7
S31500014FC0009AF0EE407A7BE700000000F0B500227F
S31500014FD09BB04C690E460546FFF71CFB3146002285
S31500014FE007462846FFF7FCFA636806461393E3690A
S31500014FF0007AADF84030A3690128ADF83E30E36888
S31500015000159323691493A368129309D06C691FF051
S31500015010A3FA1F4902462846A04701201BB0F0BD4E
S31500015020237D012B2CD0032B25D0DFED1A7AB7EE89
S31500015030006A9FED197AFFEE006A022B46FE277A77
S3150001504006FE877A314603A88DED187ACDED197AD9
S31500015050FFF7FAFA394609A83468FFF7F5FAA7B156
S3150001506038682246009009AB0FA803A9FFF73CFE5A
S3150001507000201BB0F0BDF1EE087A9FED087AE1E75A
S31500015080DFED047A9FED057ADCE724F0F3FE00BF3D
S3150001509014CB0300FFFF7F7FFFFF7FFF00000000AF
S315000150A010B504460021034B034AFFF771FA204667
S315000150B010BD00BFCD4F0100354A0100836B0BB116
S315000150C00421184710B524F0D5FE00BF2DE9F0479D
S315000150D00E6984B0002E00F097804D690C46002DB4
S315000150E000F092800B68074613B11B68012B11D0A3
S315000150F0464A7C690125CDE9012338463123444AD4
S3150001510000924449444A0395A0470124204604B02D
S31500015110BDE8F0874B6853B31B68012B27D1D0F844
S315000151200C800022D8F8003040469B69984781469A
S3150001513000283ED0D8F80030214600224046DB69DF
S3150001514098478246002837D0D9F808301B68042BC7
S315000151502CDC0378012B13D0092B30D03E232F49A9
S315000151607C69384600912C4A2D49A047CDE7274A4C
S315000151707C690125CDE9012338463223294ABFE757
S3150001518099F80000012821D1002333602C78002CE6
S3150001519031D1D8F80030494640465B6A9847D8F87D
S315000151A00030514640465B6A9847AFE73C231E49AB
S315000151B0D6E738231D49D3E73B231D49D0E799F8A4
S315000151C00000092802D1D9F81030DEE77D691FF009
S315000151D0C3F904469AF800001FF0BEF903461549C3
S315000151E0154ACDE9024300920191384640230A4A05
S315000151F01249A84789E7124B0025CDE90134384603
S315000152004923104A7C697BE724F034FEB0C00300D1
S31500015210F0A8030058A6030048CB030094CB030073
S3150001522064A5030074A6030078CB03007CA50300E4
S31500015230E8A90300E0A603001CA70300A8A6030033
S315000152400CB103001CB103002DE9F04F002883B017
S31500015250C0F2A581012840F32481B0F1005F8B469D
S3150001526080F2AC80B0FA80F1013949084C1E640025
S31500015270C1F10C01A040196000F17841B1F1C05FA4
S3150001528080F08D81C0F3400404EBA0044FF0050CBF
S315000152904FF080504FF080474FF000094FF0C05655
S315000152A0C04D4FEAE478CDF804B037E004FB0BFBC0
S315000152B01EF1804E40F1000A4FEADE7001FB08BE86
S315000152C0A4FB011B1EEB0B0B40EA4A0000F19E807A
S315000152D04FF0804E4FF0000A1EEB010E4AEB0B0A0F
S315000152E0BAF1000F05DA6FF000411EEB010E4AF12B
S315000152F0000A4FEADE7E4EEA4A0EA0EB0E00B0F13E
S31500015300805F80F2D680B0F1704F4FEAC00A40F359
S31500015310E880BCF1010C504600F09080BA4649463F
S31500015320C0FB00A14FEADA7A4AEA410A4FEAE07B7A
S315000153300AFB0BFBC91700FB01BBAAFB001A1BEBFF
S315000153400A0A80FB06E03DD411F180414AF1000AC8
S31500015350C90F41EA4A01B1F1007F80F2EF804FEABD
S31500015360E17B4FEA8B1B00284BEA916B4FEA8111D7
S315000153709CDA1EEB050E60F10000002806DA6FF0DC
S31500015380004A1EEB0A0AD64640F1000004FB0BFB5D
S315000153904FEADE7E01FB08BB4EEA4000A4FB011E7C
S315000153A0F344BBF1000FDE4634DB11F180414EF1CF
S315000153B0000EC90F41EA4E01401AA4E70C218010E4
S315000153C019605FE749196AF1000ABAF1000F06DAB6
S315000153D06FF0004B11EB0B0B59464AF1000AC90F4E
S315000153E041EA4A01B1F17E4FB9DC40F0D480002890
S315000153F0C0F2C1804FF0004B1EF180414FEAD171DE
S3150001540040F1000041EA400084FB0B1BAE464FF021
S31500015410FF3A61E7DFF88CE111EB0E016BF1000B4E
S31500015420BBF1000F05DA6FF0004E11EB0E014BF1E7
S31500015430000BC90F41EA4B01401A64E75A49DDF8EE
S3150001544004B08AFB01A100291DDB1AF1804A41F152
S3150001545000004FEADA7141EA400111601C68002C34
S3150001546005DB0BFB04F0186003B0BDE8F08F0020EC
S315000154706442A1401160186003B0BDE8F08FE246B6
S31500015480DDF804B0494947481AEB000A61F100000A
S315000154900028DEDA6FF000411AEB010A40F1000044
S315000154A0D7E76FF0004100201160186003B0BDE836
S315000154B0F08FBCF1010C4FF0684E6FF0744054D080
S315000154C06FF0004B1EF180414FEAD17140F10000AF
S315000154D041EA40004FF0804E4FF0000A84FB0B1B5F
S315000154E0FAE6BCF1010CCAD04FF0000E4FF0744041
S315000154F02C491EEB010160F1000EBEF1000F04DA2A
S315000155006FF0004009184EF1000EC80F4FF0004A27
S3150001551040EA4E004FF0FF3E2249C4FB0A1EBEF18F
S31500015520000F06DA6FF0004A11EB0A0A51464EF1F6
S31500015530000EC90F41EA4E01401AE4E60028BFDA1F
S3150001554018491EEB010160F10000002805DA6FF031
S31500015550004E11EB0E0140F10000C90F41EA400077
S315000155606FF0004184FB011E1FE7DDF804B0DFF890
S3150001557044A00F4969E70B491EEB010160F1000EDA
S31500015580BEF1000F084604DA6FF0004140184EF1F3
S31500015590000EC00FBAE70028BFF62CAFA8E724F02B
S315000155A069FC00BF010000C09A79825A33C3BED29A
S315000155B0CC3C412D66867DA52DE9F04F9C4689B0F0
S315000155C00B1E019204937CDD002683460CEB02053B
S315000155D00296CDF814C0019B002B75DD059B0020BA
S315000155E09C19224612F9013BA3EB0B03AA4203FBCA
S315000155F00300F7D16FF006084FF0FF3107AB06AA9B
S31500015600FFF722FE4FF0010C079F129BA8EB07083C
S3150001561028EAE87E0CFA0EFC07370CF1FF3C591E0E
S315000156206FF07F0A069A27EAE77731444FEA6C0959
S3150001563003961CE013F1804340F10000DB0F43EABF
S315000156404003B8F11F0F47DC0CEA030609EBD370E0
S3150001565043FA0EF38642C8BF01337F2BA8BF7F23CF
S315000156605345B8BF5346A54201F8013F1FD014F96F
S31500015670013BA3EB0B03BB409A4212D083FB0230E2
S315000156800028D7DA184E9B1960F10000002804DAC9
S315000156906FF000469B1940F10000DB0F43EA40031F
S315000156A0CFE7B2F1004FE9D16FF00043C9E7039E9E
S315000156B0019A029B15441644049A01339A420293B5
S315000156C089D109B0BDE8F08F4FF0FF31002007AB5B
S315000156D006AAFFF7B9FDEBE740F26711034B044A4F
S315000156E004481FF0C9FD00BF010000C058A4030013
S315000156F068A40300C4A403002DE9F0432DED028B39
S315000157000F699DB0002F00F0EB8000220C46054684
S31500015710FEF766FF0022214606462846FEF77AFF77
S315000157208046007A01285CD009284DD1314610A85F
S31500015730FEF78AFF414616A8FEF786FF109DB5F1D2
S31500015740010C00F1CD80DDF858E01CAB03EB8C03B6
S31500015750F44553F82C2C80F2C38053F8143C934241
S3150001576040F0BE8000239C450ED010A901EB8301B9
S315000157709E4549684FEA830440F3B28016A8044463
S315000157806068884240F0AC8001339D42EBD1012133
S3150001579000239C4505D010A800EB8300406800FB60
S315000157A001F101339D42F4D13868002E00F0988052
S315000157B0D8F8004033680094FFF7FEFE00201DB0C4
S315000157C0BDEC028BBDE8F0836C691EF0C5FE454950
S315000157D002462846A04701201DB0BDEC028BBDE85C
S315000157E0F083314604A8FEF72FFF002E78D04146FC
S315000157F00AA83568FEF728FF0498D8F80010002893
S3150001580000F1FF346CDD00230A9F9C420DD004AAEF
S3150001581002EB83029F4256684FEA830260DD0DF177
S31500015820280C62445268B2425AD101339842ECD1F3
S315000158304FF0010800239C4205D004AA02EB830223
S31500015840526802FB08F801339842F4D11CAB03EB12
S315000158508403BC4253F85C0C42DA53F8443C83425D
S315000158603ED1B8F1000FA9DD00279FED1F8A3E4604
S315000158704FEA800905EB8004002821DD9FED1B0A14
S315000158802B46F3EC017AA342A7EEA70AF9D1B5EEAE
S31500015890400AF1EE10FA1AD4F1EEC06AF4EE486A43
S315000158A0F1EE10FA2B4648BFF0EE486A01EB87028B
S315000158B0B3EC017AC7EE267A9C42E2EC017AF7D183
S315000158C0013646454D4407444C44D5D176E7CDE9EA
S315000158D0021020F093FEDDE90210F0EE406ADDE7EA
S315000158E024F0C8FAD4CB0300BD378635000000008A
S315000158F010B50446034B044A0449FEF749FE204607
S3150001590010BD00BFF9560100CD500100BD50010088
S31500015910836B0BB11821184710B524F0ABFA00BF01
S3150001592010B50446034B044A0449FEF731FE2046EE
S3150001593010BD00BF895D0100FD5F01001159010025
S315000159402DE9F04F03460F46D3E9044897B00AA85C
S315000159509146D3E90062D3E9025305920193FEF71A
S3150001596073FE002F00F0EE80494610A83F68FEF74F
S315000159706BFEB9F1000F00F0E580D9F800C0109B6D
S31500015980DDF82890994540F0DD80B9F1000F40F32C
S31500015990D0800AAB18460022A6469A4610A951F8AD
S315000159A0044F50F8043F9C4240F0CC8001329145AF
S315000159B0F5D17446534601210AAA02EB890053F830
S315000159C0042F984202FB01F1F9D1002940F3AE8080
S315000159D00123059A6FF07F09504220EAE07022EA1E
S315000159E0E27E019A0690019822EAE272C0F1000A6B
S315000159F00492069A2AEAEA7A03FA02F203FA0AF307
S31500015A00013A013B0792029352105B100CF1FF3CE5
S31500015A10781ECDF824E00892039300962AE0049EAE
S31500015A20B3409D425FD083FB053EBEF1000F48DBCC
S31500015A3013F180434EF1000EDB0F43EA4E03019E44
S31500015A401F3678DB029E06EA030B039E06EBD37E26
S31500015A5043FA0AF3F345C8BF013343447F2BA8BF7A
S31500015A607F234B45B8BF4B460232D21B91420CF8FD
S31500015A70013F5BDD024610F9013F1B1BCFD5099E95
S31500015A80B340009E9E4246D0009E86FB033EBEF179
S31500015A90000F2EDB13F180434EF1000EDB0F43EABC
S31500015AA04E03059E1F3646DB079E06EA030E089E39
S31500015AB006EBD37B069E3341F345B8BF013343441E
S31500015AC0CCE7214E9B196EF1000EBEF1000F06DAEE
S31500015AD06FF0004B13EB0B0B5B464EF1000EDB0F29
S31500015AE043EA4E03ABE7B5F1004F9CD16FF000439B
S31500015AF0A5E7154E9B196EF1000EBEF1000F06DAF1
S31500015B006FF0004B13EB0B0B5B464EF1000EDB0FF8
S31500015B1043EA4E03C5E7B6F1004FB5D1059B1F33E6
S31500015B2009DBDDE907EB6FF00043C3E717B0BDE81A
S31500015B30F08F01214CE740F26711044B044A0548F6
S31500015B401FF09AFB24F096F9010000C058A4030047
S31500015B5068A40300C4A403002DE9F04F0346884658
S31500015B60D3E9044797B00AA89146D3E90062D3E97D
S31500015B70025302920193FEF767FDB8F1000F00F0A0
S31500015B80F780494610A8D8F80080FEF75DFDB9F107
S31500015B90000F00F0ED80D9F800C0109BDDF82890C9
S31500015BA0994540F0E580B9F1000F40F3D8800AAB82
S31500015BB018460022A6469A4610A951F8044F50F8F5
S31500015BC0043F9C4240F0D48001329145F5D10AAAA6
S31500015BD002EB890074465346012253F8041F98428A
S31500015BE001FB02F2F9D1002A40F3B68001234FF0FE
S31500015BF0000B0299A8F10200494221EAE17E0199CE
S31500015C00CDF818E0C1F1000A02992AEAEA7A21EAF6
S31500015C10E17E0199CDF824E021EAE17E0699CDF8ED
S31500015C2014E003FA01FE03FA0AF30EF1FF31013B18
S31500015C300791039349105B10089147F6FF7959467E
S31500015C40DFF84081ACF1020C0493009629E0059E31
S31500015C50B3409D425DD083FB053EBEF1000F46DB9E
S31500015C6013F180434EF1000EDB0F43EA4E03019E12
S31500015C701F3676DB039E06EA030B049E06EBD37EF4
S31500015C8043FA0AF3F345C8BF01333B444B45A8BF6A
S31500015C904B464345B8BF4346013191422CF8023F7A
S31500015CA05ADA30F9023F1B1BD1D5099EB340009E3B
S31500015CB09E4246D0009E86FB033EBEF1000F2EDBC0
S31500015CC013F180434EF1000EDB0F43EA4E03029EB1
S31500015CD01F3646DB079E06EA030E089E06EBD37BBC
S31500015CE0069E3341F345B8BF01333B44CEE7214E0F
S31500015CF09B196EF1000EBEF1000F06DA6FF0004B34
S31500015D0013EB0B0B5B464EF1000EDB0F43EA4E0322
S31500015D10ADE7B5F1004F9ED16FF00043A7E7154EF1
S31500015D209B196EF1000EBEF1000F06DA6FF0004B03
S31500015D3013EB0B0B5B464EF1000EDB0F43EA4E03F2
S31500015D40C5E7B6F1004FB5D1029B1F3309DBDDE98B
S31500015D5007EB6FF00043C3E717B0BDE8F08F0122F0
S31500015D6044E740F26711044B044A05481FF084FAE0
S31500015D7024F080F8010000C058A4030068A40300C1
S31500015D80C4A403000080FFFFF0B52DED028B3B4B51
S31500015D908DB01A6804460D46FEF722FC384B0646BE
S31500015DA0294620461A68FEF735FC347A0746072C41
S31500015DB028695BD0092C44D0012C4BD16B69314643
S31500015DC0684693ED008AFEF73FFC394606A835681A
S31500015DD0FEF73AFC002F4ED0DDF800C0069B38686E
S31500015DE09C4548D1BCF1000FD8BF234617DD6A4652
S31500015DF06C46002306A954F8047F51F8046FB74294
S31500015E0039D101339C45F6D101230DEB8C0452F8AF
S31500015E10041F944201FB03F3F9D1002B15DD2C4637
S31500015E2001460022F4EC017AF5EEC07AF1EE10FAA1
S31500015E30D8BF67EE887A01329A42E1EC017AF1DB4A
S31500015E4003E03A463146FFF77BFD00200DB0BDEC7D
S31500015E50028BF0BD20461EF07FFB014609481BF070
S31500015E604BF801200DB0BDEC028BF0BD3A46314630
S31500015E70FFF772FEE9E723F0FDFF00BF40110400C2
S31500015E803C110400F8CB03002DE9F0410B680446F0
S31500015E90C66886B013B11B68012B10D04C4A6569E0
S31500015EA00126CDE90123204623234A4A00924A4985
S31500015EB04A4A0396A847012006B0BDE8F0814B681F
S31500015EC00D4643B31B68012B25D1336800223046AA
S31500015ED09B699847074600286DD0336800222946FA
S31500015EE03046DB699847804600286DD0387898F8A7
S31500015EF0003098424AD1092816D0072814D03368B1
S31500015F00394630465B6A98473368304641465B6A94
S31500015F1098470020D0E72E4A65690126CDE901237D
S31500015F20204624232E4AC1E73A69D5E90443226172
S31500015F30D8F8102004F108056261D3ED006AD7EDA7
S31500015F40037A98ED037A67EEA67AC7EE877A17EE9B
S31500015F50900A22F07DFA41EC100B204604A91CF0B0
S31500015F60BFFA049B636097ED037AD8ED037AC7EE17
S31500015F70277A17EE900A22F06BFA41EC100B2846AD
S31500015F8005A91CF0ADFA059BE360B8E766691EF04A
S31500015F90E3FA054698F800001EF0DEFA03461149B9
S31500015FA0114ACDE902530092019120462B230B4A57
S31500015FB00E49B0477FE727230D49656920460091C1
S31500015FC0064A0C49A84776E72A230B49F5E700BF9D
S31500015FD0B0C00300F0A8030058A6030030CC0300AC
S31500015FE074A60300E0A603001CA70300A8A60300ED
S31500015FF07CA5030064A50300E8A90300FFF744BFDD
S31500016000C317B3F1FF3F08BFB0F1004F70B579D0A8
S3150001601010F1004043F10003410841EAC3714FEA20
S31500016020630C51EA630373D03E4A4B4202FB0C33C5
S31500016030A1FB022003443C48121863F10003002B24
S3150001604004DA6FF00040121843F10003D20F42EA5E
S31500016050430202F15A320320334C0DE013F180431F
S315000160604EF1000EDB0F43EA4E03B3F1005F52DA45
S315000160709B0001381A443BD002FB0CFED517A2FB4C
S31500016080013601FB05EE1EEB060E22D413F1804309
S315000160904EF1000EDB0F43EA4E03C3F1005383FBBF
S315000160A0023EBEF1000FD9DA1B196EF1000EBEF1E8
S315000160B0000F04DA6FF000455B194EF1000EDB0F9D
S315000160C043EA4E03B3F1604FD8BF4FF00043CFDC34
S315000160D0CFE71B196EF1000EBEF1000F04DA6FF067
S315000160E000455B194EF1000EDB0F43EA4E03D4E780
S315000160F0B2F1804F12DA9018B2F1404FD8BF4FF08B
S31500016100004070BD4FF0FF314FF05A328C46A2E786
S315000161104FF05A329FE76FF00043AAE76FF0004055
S3150001612070BD00BFC4C3C3C3010000C04FF08043AC
S31500016130002200F18050C0FB0032002A30B504DA9B
S315000161406FF000415B1842F10002DB0F43EA4203A4
S31500016150D21700FB02FCC11703FB01CCA3FB0314FE
S3150001616003FB02F2A0FB03E511F1804144EB42047B
S31500016170CA0F42EA4402C2F340011CEB050C01EBD3
S31500016180A2013AD41EF180424CF1000CD20F2E4CE2
S3150001619042EA4C020A4482FB042112F1804241F197
S315000161A00001D20F42EA41021A4402F001015310E2
S315000161B0002AA8BF5B18254A184480FB0202002A60
S315000161C0234BAABF4FF080434FF0FF310021C31884
S315000161D042EB0102002A05DB1C48DB0F43EA4203BE
S315000161E0184430BD6FF000415B1842F100021748B8
S315000161F0DB0F43EA4203184430BD154A1EEB020E7B
S315000162006CF1000CBCF1000F05DA6FF000421EEBD9
S31500016210020E4CF1000C4FEADE7E0B4A4EEA4C0EA2
S31500016220714481FB02210029B7DA094C121961F187
S315000162300001002904DA6FF00044121941F100014E
S31500016240D20F42EA4102AFE7ABAAAA2A94A8F57097
S31500016250010000C02DE9F04740F07F450446680182
S31500016260FFF764FFAF4B2A1B80FB0339C2F30067BC
S31500016270B9F1000FC2F34066C2F38065C2F3007C38
S31500016280C2F38071C2F3C06E07F1FF38C2F34072E8
S31500016290C0F2858013F1804349F10009DB0F002F1D
S315000162A043EA490308BF002300EA08089E4883EA37
S315000162B0080383FB000710F1804047F10007C00F78
S315000162C0002E40EA470008BF0020013E1E4080EA3A
S315000162D00603964883FB000610F1804046F100064E
S315000162E0C00F002D40EA460008BF0020013D1D40B9
S315000162F08F4B684080FB033513F1804345F1000560
S31500016300DB0FBEF1000F43EA450308BF00230EF180
S31500016310FF3E0EEA000E874883EA0E0383FB000563
S3150001632010F1804045F10005C00FBCF1000F40EAB5
S31500016330450008BF00200CF1FF3C0CEA030C7E4B24
S3150001634080EA0C0080FB033513F1804345F100051B
S31500016350DB0F002A43EA450302F1FF3208BF00239F
S315000163601040F222434083FB022012F1804240F1A9
S315000163700000D20F42EA4002B4FA84F4002908BFB1
S3150001638000226409002C14BF6FF00040002001397F
S3150001639019405140013C21404840BDE8F087DFF8F3
S315000163A09CA113EB0A0369F10009B9F1000F05DAA3
S315000163B06FF0004A13EB0A0349F10009002F4FEA77
S315000163C0D37343EA490308BF002300EA08004340A8
S315000163D0554883FB0007002FBFF66DAFDFF85C81E0
S315000163E010EB080067F10007002F05DA6FF000488F
S315000163F010EB080047F10007002E4FEAD07040EA83
S31500016400470008BF0020013E1E4080EA06034748B8
S3150001641083FB0006002EBFF65FAF484FC01966F139
S315000164200006002E04DA6FF00047C01946F1000697
S31500016430002D4FEAD07040EA460008BF0020013D1A
S315000164401D403B4B684080FB0335002DBFF654AF22
S315000164503A4E9B1965F10005002D04DA6FF00046EE
S315000164609B1945F10005BEF1000F4FEAD37343EACC
S31500016470450308BF00230EF1FF3E0EEA000E2D482C
S3150001648083EA0E0383FB0005002DBFF649AF2B4EB1
S31500016490801965F10005002D04DA6FF000468019B8
S315000164A045F10005BCF1000F4FEAD07040EA450006
S315000164B008BF00200CF1FF3C0CEA030C1E4B80EADE
S315000164C00C0080FB0335002DBFF63EAF1B4E9B191A
S315000164D065F10005002D04DA6FF000469B1945F1C0
S315000164E00005002A4FEAD37343EA450302F1FF325E
S315000164F008BF00231040F222434083FB02200028FC
S31500016500BFF633AF0D4D521960F10000002804DAD1
S315000165106FF00045521940F10000D20F42EA4002E5
S315000165202AE700BF7BBEAF63F2CBA24D6CAC162F40
S31500016530A4AA5211B72A580211FE0A00010000C08E
S31500016540014A00F047B900BF89650100014A00F020
S3150001655041B900BF91650100002210B504461146FC
S31500016560024BFEF715F8204610BD00BF416501003C
S31500016570002210B504461146024BFEF709F82046E3
S3150001658010BD00BF4D650100002808BF08467047D1
S31500016590002818BF084670472DE9F04F0668B5B0C8
S315000165A0042E8A463E9900F3878014681546042C0A
S315000165B000F382800A68042A7EDC9B460423074690
S315000165C0981A12930CD000234FF0010E0DF1480CCE
S315000165D001E0042B70D0013398424CF804EFF8D156
S315000165E013AB03EB80009200043123F061FE042318
S315000165F0981B18930AD00023012118AA01E0042B45
S315000166005AD00133984242F8041FF8D119AB03EB73
S315000166108000B200391D23F04BFE0423181B1E9384
S315000166200AD0002301211EAA01E0042B44D0013324
S31500016630984242F8041FF8D11FABA200291D03EBB3
S31500016640800023F035FE01220323189C2CA81DA9E6
S315000166509C4231DD51F8045D013B5F1C40F8042D7D
S3150001666005FB02F2F4D1012203231E9D34A823A9BE
S315000166709D4221DD51F8046D013B40F8042D06FBD6
S3150001668002F25E1CF4D100231A461EA818A99D42E7
S3150001669051F8047F10D050F8046FBE4207D0012F85
S315000166A00CD0012E08D12CAE06EB830632610133E4
S315000166B0042B0AD0A342EAD123F0DCFB24AE06EB7D
S315000166C083060133042B3261F4D1129B002B0A930A
S315000166D0F2DD0024139DA54267DD0A99149B012969
S315000166E01A460993289E309BE6D0002A5ADD159A50
S315000166F002290592299A0C92319A0B92DCD004FB5D
S3150001670003FE099B4FF0000804FB03F0059B04FB05
S3150001671006F603FB00F003460746CDE91054CDF813
S3150001672020E0059A002A46DD2A99169A06913299A1
S3150001673007910A990329BFD0DDF820C03546644682
S31500016740B64600213F98CDE90D86104403FB0209A8
S315000167500F97002A18DDCDE901C1CDE9032EDDF839
S31500016760AC80339FA9EB02061BF804101AF805004A
S31500016770409B984706F8010B4E4545443C44F3D1EE
S31500016780DDE901C1DDE9032E069B01319E44079B2C
S3150001679091449C44059B99420AD075466446D8E7C4
S315000167A0DDE910540134A54297DC35B0BDE8F08F20
S315000167B00F9FDDE90D860C9B0B9A1E44089B08F181
S315000167C0010813440893059B1F44099B4345E7D0E1
S315000167D03B46A6E72DE9F0471546A8B00022074635
S315000167E08846FDF7FDFE0122064641463846FDF77D
S315000167F0F7FE0022044641463846FDF70BFF2146C7
S3150001680007463046FDF712FF3146002855D004A849
S31500016810FDF71AFF002E75D021460AA83668FDF746
S3150001682013FF002C6ED0394610A82468FDF70CFF23
S31500016830002F67D004990A9BD7F80090994261D13D
S3150001684000295ADD04AA174600230AA850F804EFC6
S3150001685057F804CFE64555D101339942F6D1109B3D
S3150001686099424FD104AB10A803EB810150F804CF34
S3150001687053F8047FBC4545D18B42F7D1012752F825
S31500016880043F8A4203FB07F7F9D1002F31DD04F1FA
S31500016890FF3A09F1FF3906F1FF3844461AF8011F9C
S315000168A018F8010FA8470234A41BBC4209F8010FCE
S315000168B0F3DB002028B0BDE8F08716A8FDF7C4FE7B
S315000168C006B321461CA83668FDF7BEFED4B1D4F83E
S315000168D0008022AC39462046FDF7B6FE97B10295F7
S315000168E03B683146CDE900431CAA434616A8FFF78B
S315000168F053FE002028B0BDE8F087109B994208BFDF
S315000169000127C4D023F0B6FA836B0BB110211847C7
S3150001691010B523F0AFFA00BF10B50446034B044A85
S315000169200449FDF735FE204610BD00BF3D6D01004F
S31500016930D5710100096901002DE9F84340F07E4552
S3150001694004462801FFF7F2FB924B2A1B80FB033812
S31500016950C2F34066B8F1000FC2F3C06EC2F3807194
S31500016960C2F38065C2F3407C06F1FF37C2F30072C1
S3150001697070DB13F1804348F10008DB0F002E43EA78
S31500016980480308BF0023074083487B4083FB00067A
S3150001699010F1804046F10006C00F002D40EA460086
S315000169A008BF0020013D1D407C4B684080FB03353C
S315000169B013F1804345F10005DB0FBEF1000F43EAF9
S315000169C0450308BF00230EF1FF3E0EEA000E744890
S315000169D083EA0E0383FB000510F1804045F10005B3
S315000169E0C00F002A40EA450008BF0020013A1A40BC
S315000169F06C4B424082FB033013F1804340F10000AF
S31500016A00DB0FBCF1000F43EA400308BF00230CF182
S31500016A10FF3C0CEA020C644A83EA0C0383FB022066
S31500016A2012F1804240F10000D20F42EA4002B4FA6C
S31500016A3084F4002908BF00226409002C14BF6FF0FA
S31500016A4000400020013919405140013C2140484095
S31500016A50BDE8F883DFF8549113EB090368F10008E8
S31500016A60B8F1000F05DA6FF0004913EB090348F19D
S31500016A700008002E4FEAD37343EA480308BF0023F8
S31500016A8038404340444883FB0006002E80DA474FD6
S31500016A90C01966F10006002E04DA6FF00047C0192E
S31500016AA046F10006002D4FEAD07040EA460008BFC5
S31500016AB00020013D1D40394B684080FB0335002D08
S31500016AC0BFF676AF394E9B1965F10005002D04DA44
S31500016AD06FF000469B1945F10005BEF1000F4FEA24
S31500016AE0D37343EA450308BF00230EF1FF3E0EEAC6
S31500016AF0000E2B4883EA0E0383FB0005002DBFF62B
S31500016B006BAF2A4E801965F10005002D04DA6FF08E
S31500016B100046801945F10005002A4FEAD07040EA87
S31500016B20450008BF0020013A1A401E4B424082FB35
S31500016B3003300028BFF660AF1C4D5B1960F1000001
S31500016B40002804DA6FF000455B1940F10000BCF142
S31500016B50000F4FEAD37343EA400308BF00230CF149
S31500016B60FF3C0CEA020C104A83EA0C0383FB022069
S31500016B700028BFF655AF0D4D521960F100000028EF
S31500016B8004DA6FF00045521940F10000D20F42EAD3
S31500016B9040024CE77BBEAF63F2CBA24D6CAC162F25
S31500016BA0A4AA5211B72A580211FE0A00010000C018
S31500016BB02DE9F04F89B0129F002F33DD9E46012348
S31500016BC09346CEF1000C2CEAEC7C03FA0CF3013B64
S31500016BD003935B1004935B46804613988B46441ED1
S31500016BE02EEAEE70C1F1000980221946149D274450
S31500016BF00590CDF818C0CDF81CE004E02A70BC421F
S31500016C0005F101050ED014F9013FA3EB08034B452D
S31500016C10F4DD5B4509DB4FF07F03BC422B7005F1C8
S31500016C200105F0D109B0BDE8F08F0598834099427E
S31500016C3066D083FB0136002E53DB13F1804346F108
S31500016C400006D80F40EA4600079B1F3365DB039B0E
S31500016C5003EA0006049B03EBD07C069B18416645BC
S31500016C60C8BF0130002851DC0CBF012300234FF0BF
S31500016C70FF364FF0000A02969E07013BCDE900312F
S31500016C80FFF75AFEFFF7BCF900EA0A0AC0F1FF4016
S31500016C9000F5FF00029B00F5FF407F301840009B86
S31500016CA080EA0A000340204A5E4054BF10464FF472
S31500016CB08000C3F31603F6158342C8BF0136A6F159
S31500016CC0800313F1800F4FF08002019904DB934298
S31500016CD004D17F232B7092E76FF07F035BB22B7099
S31500016CE08DE712481B1866F10006002E04DA6FF0D4
S31500016CF000401B1846F10006DB0F43EA4600A3E7F6
S31500016D00B1F1004F95D16FF000409DE74FF0FF3391
S31500016D1000269A4640420296B0E740F26711044BBC
S31500016D20044A05481EF0A8FAFFFF3F00010000C013
S31500016D3058A4030068A40300C4A403002DE9F04F7E
S31500016D402DED048B864B91B01A680C460546FDF76E
S31500016D5047FC844B06461A6821462846FDF75AFC2D
S31500016D602369002B00F0FA808046307A01287FD013
S31500016D70072828D009287FD198F80820092A7BD12D
S31500016D80D3E90001D3E902237468D4F800E0BEF127
S31500016D90000F40F3E180A446012500275CF8044F6B
S31500016DA001377745A5FB0454F8D1D8F80040029481
S31500016DB03468CDE90054FFF7FBFE002011B0BDECAD
S31500016DC0048BBDE8F08F98F80820072A54D1D3E93F
S31500016DD00254706801220768002F07DD002150F870
S31500016DE0043F0131B942A2FB0323F8D1002C3068DC
S31500016DF0D8F80010C0F2B280002D40F0A480032321
S31500016E00A340AC462C461D46002AD6DD564F574EAA
S31500016E10DFF864E1023801EB420218E00AF1010BE6
S31500016E20C3F3080936F81A3036F81BA0AAEB030A91
S31500016E305B0209FB0A33B8F1000FACBF03F500731F
S31500016E40AEEB03039B0A21F8023B8A42B5D030F927
S31500016E50028F05FB08C848FA04F888EAE873A3EB31
S31500016E60E873B3F5FF3F4FEA532AD7D33B46E2E730
S31500016E7098F80840012C11D01DF06EFB044698F8D5
S31500016E8008001DF069FB2146024639481AF034F81C
S31500016E90012011B0BDEC048BBDE8F08F314604A88A
S31500016EA0FDF7D2FB41460AA83768FDF7CDFBDDF8B1
S31500016EB010C00A9BD8F800609C454FD1BCF1000F69
S31500016EC019DD04AB184600220AA950F8045F51F8EF
S31500016ED0044FA54242D101329445F6D1012404AAB8
S31500016EE002EB8C0153F8042F994202FB04F4F9D109
S31500016EF0002C7FF762AF00259FED1E8AB7EE009A40
S31500016F00FAEE028A0CE0B4EEE80AF1EE10FA11D5B7
S31500016F101FF0E4FA0135A542A6EC010ABFF64DAF12
S31500016F20B7EC010AB4EEC80AF1EE10FAEBDDB7EEE2
S31500016F30000AEFE7B1EE400A1FF0D0FA70EE097AC7
S31500016F4089EE270AE6E72CB14FF0010C631E0CFA15
S31500016F5003FC59E7A44657E7012526E722F08AFFF5
S31500016F60481304004413040000FCFF01441104000B
S31500016F70C8B80300CFF38441FF01000200000000FE
S31500016F802DE9F04FC46892462368054687B0002272
S31500016F9020469B690F469847002836D02368394614
S31500016FA0064600222046DB6998470746002848D056
S31500016FB030783B78834211D1092B2FD0072843D053
S31500016FC02368314620465B6A98472368204639463E
S31500016FD05B6A9847002007B0BDE8F08F6E691DF027
S31500016FE0BBFA044638781DF0B7FA03466649674A84
S31500016FF0CDE902430092019128462C23644A654952
S31500017000B047012007B0BDE8F08F272362496C69BC
S31500017010284600915E4A6149A047F2E73B6913F1B0
S31500017020800F26D05E496FF07F06CDE901132E232E
S315000170305C4A6C69284600925B49554A0396A0470B
S31500017040DFE72A235949E2E73369002B5BD1D7F8F9
S3150001705010B0BBF1000F35D0CDE902B3544A514906
S315000170606C694723019200912846494A4E49A04737
S31500017070C7E7F06821F0ECF900224E4B21F040FA07
S3150001708041EC100B5046336940F80C3B1FF0F4F904
S315000170900022494B51EC100B21F032FA41EC100B56
S315000170A01FF0DEFD51EC100B21F0C4FC1F22CAF8C3
S315000170B00800DAF80C1004201BF098FACAF804004C
S315000170C030787BE796ED030A04A81BF0CFFA049B00
S315000170D00C33CAF80C30EBB9E0B1CAF808B097ED39
S315000170E0030A05A81BF0C2FA002846D0059B13F136
S315000170F00F0F3FF465AF31496FF00E06CDE901136D
S315000171002F4A672395E72A490026CDE901132D4A1F
S3150001711046238EE7F06821F09BF900222A4B21F0E5
S31500017120EFF90022294B21F0EBF90023CAF80C30C4
S3150001713013A3D3E900238046894621F05DFCB0B153
S3150001714023465C469B46013442464B4640464946E9
S31500017150CAF80C4021F01EF809A3D3E900238046A2
S31500017160894621F049FC08B11F2CECD15C4640460A
S31500017170494621F05FFC8346AFE76523144946E79C
S3150001718000000000C0FFCF40E0A603001CA70300DB
S315000171906CCC0300A8A603007CA5030064A503002C
S315000171A0A4CC0300C8CC030058A60300E8A9030039
S315000171B024AE03000000A0410000E04140CD0300E1
S315000171C058CD0300E4CC03000000B04000000840A5
S315000171D000CD03000A690AB1FFF7D2BE08B522F055
S315000171E049FE00BFB4EE600AF1EE10FA30FE200A45
S315000171F0704700BF8842B8BF084670478842B8BF8B
S3150001720008467047904271EB030CBCBF1046194605
S31500017210704700BFB4EE600AF1EE10FA58BFB0EE47
S31500017220600A70478842A8BF084670478842A8BFCF
S3150001723008467047824273EB010CBCBF10461946E3
S31500017240704700BF002210B504461146024BFDF7F8
S315000172509FF9204610BD00BF21800100002210B514
S3150001726004461146024BFDF793F9204610BD00BFB7
S31500017270BD7E0100F0B58DB0002A00F090801C465D
S31500017280002B00F08C8005230F460168009399427C
S3150001729000F385805E1A15460DD04FF0000C0122D1
S315000172A06B4602E0BCF1050F79D00CF1010C664585
S315000172B043F8042FF6D101AB8A00011D03EB8600CA
S315000172C022F0F6FF05233A6806939A4267DCD2F16B
S315000172D0050006AE0DD033464FF0000C012102E049
S315000172E0BCF1050F5BD00CF1010C604543F8041F9E
S315000172F0F6D107AB9200391D03EB800022F0D8FFCF
S3150001730001220421B446009805F11403814246DAAC
S315000173105CF8047D013943F8047D5A6107FB02F2EA
S315000173204F1CF3D101220421DDF818C00DF1300EF6
S3150001733004F11403614532DA5EF8047D013943F83C
S31500017340047D5A6107FB02F24F1CF3D1002123464B
S315000173506F468E460DE0012C21D1C3F814E01A6068
S315000173600131052903F1040305F1040515D0814214
S3150001737015D08C4557F8042F11D056F8044F944276
S31500017380EED0012AE7D1013105292C60C5F814E0B8
S3150001739003F1040305F10405E9D10DB0F0BD22F0B6
S315000173A069FD00BF2DE9F84F0023D3601546C26879
S315000173B09A4268DD0C469B46824600232B61DAF829
S315000173C01030002B57DD00232069A669D4F804C0CC
S315000173D06A68B169876901FB02FE02FB07F8DCF8FE
S315000173E01870296807FB02F27769D5F8089007FB40
S315000173F001EE476907FB0188DCF8147007FB0122DF
S31500017400DCE9077107FB092201FB0B22F169DCF8B4
S3150001741024C001FB09E1D6E908E60EFB0B1106FBC8
S315000174200311C6690CFB0322D0E908EC06FB0986A9
S315000174300EFB0B6660690CFB0366D0F80080E06802
S31500017440A368276800683F6808EB8108196800EBA4
S31500017450860393ED000AD8ED000A07EB82078847F9
S3150001746087ED000A2B69D5F80CB001332B61DAF8E8
S3150001747010209342A8DB0BF1010BC5F80CB0DAF82A
S315000174800C309B4599DBBDE8F88F00BF2DE9F0472D
S31500017490D0F800A01668ACB0B24505469046CDE9D5
S315000174A00031349F74D0BAF1050F00F3CF80052E59
S315000174B000F3CC803B68052B00F3C88018AE0EACF8
S315000174C03346224641462846FFF7D4FE05233A684D
S315000174D007939A4200F3BA80981A0BD0002301252C
S315000174E007A902E0052B00F0B1800133984241F86B
S315000174F0045FF7D108AB391D920003EB800022F03F
S31500017500D7FE01210423079F0DAD27AA9F4240F311
S315000175109D8055F8040D013B42F8040D516100FBB5
S3150001752001F1581CF2D1002535AB229A079336ABEF
S315000175300B94099322AC01ABAA42CDE905550894F7
S31500017540CDF830D00D960A9302951EDD23990029B8
S31500017550039515DD249A002A04950BDD02AA20461F
S3150001756007A9FFF71FFF049B249A01339342049353
S31500017570F4DB2399039B01338B420393EBDB229AC2
S31500017580029B013393420293E1DB2CB0BDE8F08705
S315000175904FEA8A094A4608F10401043022F0EDFD5A
S315000175A0044600287FF47FAFBAF1000FD7F800C078
S315000175B03EDD2B46012105EB090053F8042F9842C5
S315000175C002FB01F1F9D10023012258F8040F01331E
S315000175D09E4200FB02F2F8DCBCF1000F07F1040742
S315000175E02EDD00230126381F50F8045F01339C4528
S315000175F005FB06F6F8DC914228D1B14226D1002ED0
S31500017600C3DDDDE90012359B01EB840102EB840247
S3150001761092ED000AD1ED000A369A03EB84059047F4
S315000176200134B44285ED000AEBD12CB0BDE8F087F8
S31500017630BCF1000F07F104070ADD01221146D0E76C
S31500017640914203D1012908BF0E46DAD022F012FC7D
S31500017650DDE9002393ED000ADDE93543D2ED000AA9
S31500017660984784ED000A90E700232DE9F04F83B097
S31500017670D3609146C2689A4268DD0D469B460190E9
S315000176800023C9F81030019B1B69002B56DD4FF012
S31500017690000A5E46524601E0D9F80C606F68EB6855
S315000176A0D5E90540D3F800B0BB69D4F800E0D9E9C3
S315000176B0014C03FB04F4D9F800A07B69296903FB9B
S315000176C00A44FB6903FB0C44D7E9083703FB06446C
S315000176D0436907FB024403FB0AEE4B69876903FB17
S315000176E00AB8D9F8043007FB03EE8F6907FB038854
S315000176F0D0E9077307FB0CEECF6903FB06EE07FB28
S315000177000C88476AD1E9080102FB07F700FB0683EB
S3150001771001FB02F2A8681EF90710076898562B6844
S315000177201E68B8473055D9F81020019B0132C9F8B7
S3150001773010201B699A42AFDBD9F80CB00BF1010B93
S31500017740019BC9F80CB0DB689B4599DB03B0BDE82A
S31500017750F08F00BF2DE9F047D0F800A01668ACB055
S31500017760B24505469046CDE90031349F74D0BAF151
S31500017770050F00F3C680052E00F3C3803B68052B79
S3150001778000F3BF8018AE0EAC33462246414628466A
S31500017790FFF770FD05233A6807939A4200F3B1801B
S315000177A0981A0BD00023012507A902E0052B00F04A
S315000177B0A8800133984241F8045FF7D108AB391D1F
S315000177C0920003EB800022F073FD01210423079F41
S315000177D00DAD27AA9F4240F3948055F8040D013B55
S315000177E042F8040D516100FB01F1581CF2D100254C
S315000177F035AB229A079336AB0B94099322AC01ABB6
S31500017800AA42CDE905550894CDF830D00D960A93D4
S3150001781002951EDD23990029039515DD249A002A78
S3150001782004950BDD02AA204607A9FFF71DFF049B5D
S31500017830249A013393420493F4DB2399039B013386
S315000178408B420393EBDB229A029B01339342029311
S31500017850E1DB2CB0BDE8F0874FEA8A094A4608F118
S315000178600401043022F089FC044600287FF47FAF2E
S31500017870BAF1000FD7F800C035DD2B46012105EB23
S31500017880090053F8042F984202FB01F1F9D10023B4
S31500017890012258F8040F01339E4200FB02F2F8DC84
S315000178A0BCF1000F07F1040725DD00230125381F70
S315000178B050F8046F01339C4506FB05F5F8DC91424F
S315000178C01FD1A9421DD1002DC3DDDDE90012369B72
S315000178D009571057359E984730550134AC42F4D1BB
S315000178E02CB0BDE8F087BCF1000F07F104070ADDF3
S315000178F001221146D9E7914203D1012908BF0D465C
S31500017900E3D022F0B7FADDE90012369B91F90010B7
S3150001791092F90000359C984720709AE700232DE9DB
S31500017920F04F85B0D3609246C2689A4278DD8046B0
S3150001793089461F460023CAF81030D8F81030002BAC
S3150001794067DD4FF0000B46465A4601E0DAF80C7047
S31500017950D9F81000DAF804408569D9F8181005FB42
S3150001796004FBD9F8045001918B69A969DAF800C0C2
S3150001797001FB04FE04FB03F3D9F800106C690968E6
S3150001798004FB0CEE0291EC69DAF8081004FB01EE37
S31500017990D5E90845019904FB07EE4C6905FB02E8A8
S315000179A004FB0C33D9F8144024680394446904FB9E
S315000179B00CBCD9F808402568CC69DAF8081004FB34
S315000179C00133D9F80C40D4F800E0C46904FB01CCBA
S315000179D00199D1E9084104FB073301FB0233039CFA
S315000179E054F82310D0E9084304FB07CC03FB02CC6F
S315000179F05EF82C00A847029941F82800DAF8102011
S31500017A000132CAF8102033699A429FDBB046DAF890
S31500017A100C700137CAF80C70D8F80C309F4289DB1C
S31500017A2005B0BDE8F08F00BF2DE9F047D0F800A002
S31500017A301668ACB0B24505469046CDE90031349F93
S31500017A4074D0BAF1050F00F3C980052E00F3C68084
S31500017A503B68052B00F3C28018AE0EAC33462246B6
S31500017A6041462846FFF706FC05233A6807939A42E2
S31500017A7000F3B480981A0BD00023012507A902E070
S31500017A80052B00F0AB800133984241F8045FF7D132
S31500017A9008AB391D920003EB800022F009FC01219D
S31500017AA00423079F0DAD27AA9F4240F3978055F8FF
S31500017AB0040D013B42F8040D516100FB01F1581C14
S31500017AC0F2D1002535AB229A079336AB0B94099375
S31500017AD022AC01ABAA42CDE905550894CDF830D0C8
S31500017AE00D960A9302951EDD23990029039515DD4E
S31500017AF0249A002A04950BDD02AA204607A9FFF75E
S31500017B000DFF049B249A013393420493F4DB2399DA
S31500017B10039B01338B420393EBDB229A029B0133D6
S31500017B2093420293E1DB2CB0BDE8F0874FEA8A0964
S31500017B304A4608F10401043022F01FFB04460028DE
S31500017B407FF47FAFBAF1000FD7F800C038DD2B46BE
S31500017B50012105EB090053F8042F984202FB01F1BC
S31500017B60F9D10023012258F8040F01339E4200FB8C
S31500017B7002F2F8DCBCF1000F07F1040728DD00234F
S31500017B800125381F50F8046F01339C4506FB05F5A6
S31500017B90F8DC914222D1A94220D1002DC3DDDDE9D5
S31500017BA00012369B51F8241052F82400359E98474E
S31500017BB046F824000134AC42F1D12CB0BDE8F0877F
S31500017BC0BCF1000F07F104070ADD01221146D6E7D1
S31500017BD0914203D1012908BF0D46E0D022F04AF9AE
S31500017BE0DDE90012369B09681068359C98472060CC
S31500017BF099E700BF2DE9F84F0023D3601546C26807
S31500017C009A426ADD0C469A46834600232B61DBF8CD
S31500017C101030002B59DD00232069A669D4F804C071
S31500017C206A68B169876901FB02FE02FB07F8DCF8A5
S31500017C301870296807FB02F27769D5F8089007FBE7
S31500017C4001EE476907FB0188DCF8147007FB012286
S31500017C50DCE9077107FB092201FB0A22F169DCF85D
S31500017C6024C001FB09E1D6E908E60EFB0A1106FB71
S31500017C700311C6690CFB032C06FB0986D0E90880B3
S31500017C8008FB0A66626900FB0366D2F800E0E26857
S31500017C902768D2F80080A2680EEBC10E3F6808EB98
S31500017CA0C608D2F80090D8E90001DEE9002307EB07
S31500017CB0CC07C847C7E900012B69D5F80CA00133E9
S31500017CC02B61DBF810209342A6DB0AF1010AC5F805
S31500017CD00CA0DBF80C309A4597DBBDE8F88F00BFA6
S31500017CE02DE9F047D0F800A01668ACB0B2450546BC
S31500017CF09046CDE90031349F74D0BAF1050F00F3F7
S31500017D00CF80052E00F3CC803B68052B00F3C8809D
S31500017D1018AE0EAC3346224641462846FFF7AAFA6C
S31500017D2005233A6807939A4200F3BA80981A0BD052
S31500017D300023012507A902E0052B00F0B1800133DC
S31500017D40984241F8045FF7D108AB391D920003EB65
S31500017D50800022F0ADFA01210423079F0DAD27AA69
S31500017D609F4240F39D8055F8040D013B42F8040DF6
S31500017D70516100FB01F1581CF2D1002535AB229A65
S31500017D80079336AB0B94099322AC01ABAA42CDE91A
S31500017D9005550894CDF830D00D960A9302951EDD4F
S31500017DA023990029039515DD249A002A04950BDDF4
S31500017DB002AA204607A9FFF71DFF049B249A013357
S31500017DC093420493F4DB2399039B01338B42039380
S31500017DD0EBDB229A029B013393420293E1DB2CB047
S31500017DE0BDE8F0874FEA8A094A4608F104010430E2
S31500017DF022F0C3F9044600287FF47FAFBAF1000FE1
S31500017E00D7F800C03EDD2B46012105EB090053F8EA
S31500017E10042F984202FB01F1F9D10023012258F8FF
S31500017E20040F01339E4200FB02F2F8DCBCF1000FA5
S31500017E3007F104072EDD381F0023012750F8045FE0
S31500017E4001339C4505FB07F7F8DC914228D1B9427D
S31500017E5026D1002FC3DDDDE9002303EBC40102EBCC
S31500017E60C402369ED2E90023D1E90001359DB0470F
S31500017E7005EBC4050134BC42C5E90001EBD12CB0C8
S31500017E80BDE8F087BCF1000F07F104070ADD012206
S31500017E901146D0E7914203D1012908BF0F46DAD036
S31500017EA021F0E8FFDDE90031369DD3E90023D1E970
S31500017EB00001359CA847C4E9000190E7F0B500220E
S31500017EC0BBB00C460646FCF78BFB21460122074652
S31500017ED03046FCF785FB2146002205463046FCF775
S31500017EE099FB0446007A431E082B06D8DFE803F007
S31500017EF06E50053105050505100075691CF02CFB52
S31500017F0042490246237A3046A84701203BB0F0BDDC
S31500017F10394610A8FCF798FB002F74D0294616A8FD
S31500017F203E68FCF791FB002D6DD02F6834AD2146DC
S31500017F302846FCF789FB364B31460293236816AA7D
S31500017F40CDE9005310A83B46FFF704FC00203BB0E7
S31500017F50F0BD394628A8FCF777FB002F53D02946F8
S31500017F602EA83E68FCF770FB002D4CD02F6834AD6F
S31500017F7021462846FCF768FB264B314602932368C7
S31500017F802EAACDE9005328A83B46FFF7A9FEDDE757
S31500017F9039461CA8FCF758FB002F34D0294622A8E5
S31500017FA03E68FCF751FB75B32F6834AD2146284670
S31500017FB0FCF74AFB184B31460293236822AACDE906
S31500017FC000531CA83B46FFF72FFDBFE7394604A81F
S31500017FD0FCF73AFBBFB129460AA83E68FCF734FB19
S31500017FE08DB12F6834AD21462846FCF72DFB0B4B8E
S31500017FF03146029323680AAACDE9005304A83B46F9
S31500018000FFF744FAA2E721F035FF00BF74CD030064
S3150001801025720100357201002D72010015720100F1
S31500018020F0B50022BBB00C460646FCF7D9FA21464C
S31500018030012207463046FCF7D3FA214600220546BF
S315000180403046FCF7E7FA0446007A431E082B06D8A9
S31500018050DFE803F06E500531050505051000756969
S315000180601CF07AFA42490246237A3046A847012093
S315000180703BB0F0BD394610A8FCF7E6FA002F74D0E4
S31500018080294616A83E68FCF7DFFA002D6DD02F6849
S3150001809034AD21462846FCF7D7FA364B31460293D2
S315000180A0236816AACDE9005310A83B46FFF752FBF9
S315000180B000203BB0F0BD394628A8FCF7C5FA002FD1
S315000180C053D029462EA83E68FCF7BEFA002D4CD0A7
S315000180D02F6834AD21462846FCF7B6FA264B3146C1
S315000180E0029323682EAACDE9005328A83B46FFF741
S315000180F0F7FDDDE739461CA8FCF7A6FA002F34D0B8
S31500018100294622A83E68FCF79FFA75B32F6834AD5D
S3150001811021462846FCF798FA184B31460293236804
S3150001812022AACDE900531CA83B46FFF77DFCBFE719
S31500018130394604A8FCF788FABFB129460AA83E6861
S31500018140FCF782FA8DB12F6834AD21462846FCF73B
S315000181507BFA0B4B3146029323680AAACDE90053F9
S3150001816004A83B46FFF792F9A2E721F083FE00BF80
S3150001817074CD0300F571010005720100FD71010066
S31500018180E5710100836B0BB11421184710B521F07D
S3150001819071FE00BF2DE9F047D1F81080C46884B0A4
S315000181A0B8F1000F00F08680236800229B6905461E
S315000181B020468A4698472368012251469B6907460D
S315000181C020469847064623680022DB695146204629
S315000181D09847B36881461A68022A12D00226364B9E
S315000181E03649CDE9013228466C69B5230091344AF6
S315000181F034490396A0474FF0010A504604B0BDE842
S31500018200F087BA685B681268934244D1DAF8143091
S31500018210002BF0D01B78A3F10103B3FA83F35B09BA
S31500018220C8F80830BB681968C8F800108368D3F825
S3150001823000E0BEF1000F3BDD9C46012200205CF808
S31500018240043F01307045A2FB0323F8D1C8F804208E
S3150001825028462B6C890008F10C02984782460028B3
S31500018260CBD1424652F8101B28462B6C8900984701
S3150001827082460028C1D12368394620465B6A984761
S315000182802368314620465B6A98472368494620465B
S315000182905B6A9847B1E7CDE902320B4E0B496C692F
S315000182A0B62300912846064A06490196A047A2E749
S315000182B00122CBE721F0DEFD500C0400DCCD0300EA
S315000182C0A8CD030058A60300FCCD030018CE030079
S315000182D02DE9F04F002985B0DDF84080029250DD8E
S315000182E000261D1D0F9B0446A3F1040E0EEB810310
S315000182F001930E9B31461F1F08F10103304692F888
S3150001830008900393009710E09B45D4BFA2EB0B0C9A
S31500018310A2EB030C0AFB13445EF8043F043503FB8E
S315000183200C00019B083673452CD0B9F1020F24D0FD
S31500018330B9F1040F03D1029B1B6853F81610009B79
S3150001834008EB010253F804AF013A009394FBFAF3E8
S315000183508B42A2EB080BA3EB010CD5DB2A68039F2A
S315000183606245ACEB020BA2EB0702D3DC9345D4BF0B
S31500018370A2EB0B0CA2EB020CCCE7029B1B689959F2
S31500018380DDE7002005B0BDE8F08F00BF2DE9F04F15
S31500018390D1F8108087B0B8F1000F00F0A480002258
S315000183A082460C46FCF71CF9214601220546504639
S315000183B0FCF716F90022214683465046FCF72AF9B6
S315000183C0D8E90097DAF84430D8F810100446504638
S315000183D09847DAF844300646D8F80C1050469847C4
S315000183E0B9F1000F82462CDD012100EB890004382A
S315000183F0AAF10403321F43F8041F834242F8041F03
S31500018400F9D1B9F1010F1CD009F1FF32900006EB49
S31500018410820E0AEB820C00E090006168013A014489
S315000184204B68DCF8001001FB03F34CF8043D6B6864
S3150001843003445968DEF8003001FB03F34EF8043DAE
S31500018440EAD1237A012B2CD0092B26D1002FD8F87B
S3150001845008102268D5E900831BDD013F1744CDE9E9
S31500018460043B3B46C2F101055746AB469A460D46CB
S31500018470541E049B0BEB04004946CDE90165059AA0
S315000184800097FFF725FF18F9003004F8013FA245D0
S31500018490EFD1002007B0BDE8F08F012007B0BDE89D
S315000184A0F08F002FD8F808202168D5E90083F0DD88
S315000184B0CDF810B00D46B346002416460593204666
S315000184C0059B4946CDE901B6049ACDF800A0FFF710
S315000184D0FFFE08EB800003680134A74245F8043B20
S315000184E0EDD10020D6E721F0C5FC00BF10B504464A
S315000184F0034B044A0449FCF74BF8204610BD00BF64
S315000185008D83010095810100858101002DE9F043EC
S31500018510D1F8149085B0B9F1000F41D0D1F810808F
S315000185200C46B8F1000F3BD01E4B05461A68FCF706
S3150001853057F81D4B06461A6821462846FCF750F89F
S315000185401A4B07461A6821462846FCF763F8337A20
S31500018550022B1CD0092B1AD0012B0CD1CDE90170AD
S3150001856043464A4621462846009600F067F9002010
S3150001857005B0BDE8F08318461BF0EEFF327A0146DE
S315000185800B4818F0B9FC012005B0BDE8F083019055
S315000185903346424621462846009700F021FEE6E78B
S315000185A021F068FC54130400501304004C1304001A
S315000185B0A0A5030010B50446034B044A0449FBF782
S315000185C0E7FF204610BD00BF0D8501002988010087
S315000185D0D5850100836B0BB12421184710B521F015
S315000185E049FC00BF2DE9F04FC4681F462368934636
S315000185F0804687B0002220469B6989469847002815
S315000186005CD0236805460122494620469B69984766
S31500018610064600285CD02368002249462046DB69CD
S3150001862098478246002860D0D9F8003013B11B68FC
S31500018630022B11D06C4AD8F814400225CDE901234A
S3150001864040463423694A009269496A4A0395A0471C
S31500018650012007B0BDE8F08FD9F80430002B3AD0DD
S315000186601B68012B37D128783378834240D19AF899
S3150001867000309BF80010092B5CD0022B4DD001294C
S3150001868000F09080032900F09280022900F09B807F
S315000186906FF40003FB61584B3B6223682946204671
S315000186A05B6A98472368314620465B6A9847236888
S315000186B0204651465B6A98470020CAE72C234F495A
S315000186C0D8F81440404600914A4A4D49A047BFE7B1
S315000186D02F234C49F4E74C4AD8F814400125CDE93B
S315000186E0012340463523494AADE732234849E7E7A6
S315000186F0D8F814501BF030FF044630781BF02CFFDD
S3150001870003464449444ACDE9024300920191404659
S315000187103723384A4149A8479AE701294CD003290A
S3150001872057D002295AD04FF000426FF00043C7E9F3
S315000187300223B2E707F10C0300934046524607F1C4
S3150001874008031AF035F8002883D107F11403E86805
S3150001875005931FF07DFE8046F06889461FF078FE7E
S3150001876002460B46404649461FF0CAFE8046DAF8E5
S315000187700C0089461FF06CFE0B46024649464046F0
S315000187801FF0E8FF07F1180B41EC100B594605984D
S3150001879019F0A6FE2B693B6033697B60DAF810306D
S315000187A03B617AE70023FB61134B3B6275E70023CC
S315000187B0FB611B4B3B6270E74FF0000C6FF000430F
S315000187C0C7E902C369E7174BFB614FF07E533B6272
S315000187D063E700200623C7E902035EE74FF0FF3196
S315000187E00123C7E9021358E7500C0400F0A803005F
S315000187F058A603003CCE0300FFFF7F7FF0A50300D0
S3150001880064A5030004A60300B0C0030074A6030018
S31500018810E8A9030088C2030098C20300A8A60300C2
S315000188200000C040000080BF4A691AB10B690BB154
S31500018830FFF7D8BE10B521F01DFB00BF2DE9F04FA3
S315000188402DED028B1F46F3B06822DDE97E5400212F
S3150001885058A8809E21F0BBFC97ED078AD7ED088AC0
S31500018860294648A88DED658ACDED668AFBF7ECFEB3
S31500018870214650A8FBF7E8FE50A958AA48A8E8F7F0
S31500018880FFFC2946002800F01A811EA8FBF7DCFE32
S31500018890002D00F056822B68214624A81293FBF77F
S315000188A0D3FE002C00F04D82236831462AA813938B
S315000188B0FBF7CAFE002E00F04482336814931E9B18
S315000188C0042B00F33E82249B042B00F33A822A9A5E
S315000188D0042A00F336820423981A42930BD000230C
S315000188E0012442A902E0042B00F02B8201339842B5
S315000188F041F8044FF7D143AB920003EB80002BA95B
S3150001890021F0D6FC50AB48AA24A91EA8E8F7F0FD31
S31500018910429D002D40F31582DDE9516800214598FD
S31500018920439B449A1B9300FB02F3DDF818918E4694
S3150001893009FB03FC579B539F4FEA830A4F9B1891F0
S315000189404FEA830B00FB09F30893489B07900293B8
S31500018950499B644603934A9BC44604934B9BB84682
S3150001896005934D9B374609934E9B1593509B069352
S31500018970559B0A93569B1693549B1C934C9B17919C
S315000189801A931B9B1991734540F39480012D00F0B6
S31500018990D881002A7DDD022D00F0D3810020DDE99A
S315000189A01813179E1D94079C002C68DD032D00F0FB
S315000189B0C8810024CDE91063CDE90B23CDE90D6112
S315000189C00F91149A11990F9B02EB8106139A109934
S315000189D0019602EB8101129A02EB8302002339E030
S315000189E0029E764540F3AD81039E864240F3A981FE
S315000189F0049EA64240F3A581059E9E4240F3A181B5
S31500018A00069ED2ED007A764540F39B81874240F37C
S31500018A109881A44540F39581984540F3928191ED63
S31500018A20007A042D67EE877A40F08B81B4EE678A6F
S31500018A30F1EE10FA78FE277AF4EE678AF1EE10FA73
S31500018A4048BFF0EE687A019E0133E6EC017A5144A3
S31500018A505A4401969945C3DC119B169A4B441193CE
S31500018A60109B013413441093159A0F9B13440F93D3
S31500018A70079B9C42A5DBDDE90B23DDE90D61089C23
S31500018A80013023440A9C90422644099C21448ADBF6
S31500018A901D9C199B1C9923441993179B0EF1010EDA
S31500018AA00B4417931A99189B0B4418931B9B7345F8
S31500018AB03FF76CAF73B0BDEC028BBDE8F08F30A809
S31500018AC0FBF7C2FD002D00F03C812B68214636A83C
S31500018AD00193FBF7B9FD002C00F033812368314681
S31500018AE03CA80293FBF7B0FD002E00F02A81336803
S31500018AF036990393309B8B421A46A8BF0A46002A31
S31500018B0040F31981581E00F11C814D1E30AC04EB57
S31500018B108004002D2E46D4F804E0C0F2128136AC52
S31500018B2030AF04EB810C07EB83079C00A1EB030A32
S31500018B30A1EB0209A0EB010811E0564500F0018105
S31500018B4008EB060E734540F3FC80013EB6F1FF3F8C
S31500018B5057F804ED00F0F580B14240F3F2805CF87D
S31500018B6004B9F34540F0ED804E45E6D1934240F31A
S31500018B70F180841A00F1E580A34240F3E2800234D9
S31500018B8030AD05EB8405541C041B08E0002C264679
S31500018B90C0F2D780B34204F1FF3440F3D28055F8D6
S31500018BA0046D012E40F0CD80661CEFD1914240F359
S31500018BB0DA804D1EA81A00F1C480814240F3C180BB
S31500018BC00132AC1A821C36A800EB820208E0002CA6
S31500018BD02046C0F2B680814204F1FF3440F3B180F1
S31500018BE052F8040D012840F0AC80601CEFD13C998D
S31500018BF01A468B42A8BF0A46002B40F3A480581E92
S31500018C009C0030AE37460125274456F804CFBE42B4
S31500018C100CFB05F5F9D1002A40F3AC8030AE06EB2A
S31500018C208006D6F804804E1E00F18B803CAF07EB20
S31500018C30810E30AF07EB040CA1EB02099F1E0EE07B
S31500018C40B7F1FF3F7DD0BB427BDD013EB6F1FF3F71
S31500018C505CF8048D75D0B14207F1FF3771DD5EF81E
S31500018C6004A9D0456DD14E45EAD1934216DD861A47
S31500018C7067D4B34265DD30AF023607EB8606174689
S31500018C8004E0B0EB070C5CD463455ADD56F804CD1D
S31500018C90BCF1010F55D101379F42F2DB91421BDD39
S31500018CA0481E841A4DD48C424BDA0132821AA01C1A
S31500018CB03CAC04EB800006E0002A144641DB8C4202
S31500018CC002F1FF323DDA50F8044D012C39D1541C22
S31500018CD0F2D1002B33DD9C00012230AB1C4453F84A
S31500018CE0041F9C4201FB02F2F9D1AA4229D1002DAF
S31500018CF07FF7E0AEDDE901010023039AB0EC017ACA
S31500018D00F1EC017A67EE877AB4EE678AF1EE10FA32
S31500018D1078FE277AF4EE678AF1EE10FA48BFF0EE94
S31500018D20687A0133AB42E2EC017AE7DB73B0BDEC62
S31500018D30028BBDE8F08F93421EDD581E19E7012D07
S31500018D40D8D021F097F89342FBDC91424FF0010510
S31500018D50A6DCCFE791423FF72DAF3C9999420A46EF
S31500018D60A8BF1A464DE73C991A468B42A8BF0A4648
S31500018D709C0046E7861A7CE791423FF71AAF36E731
S31500018D802DE9F04F0F461446B9B0194628AA30AB63
S31500018D9080463846439D1394E8F7AAFB04232A68C4
S31500018DA022939A4200F34481D2F104000BD00023AE
S31500018DB0012422A902E0042B00F03A8101339842F2
S31500018DC041F8044FF7D123AB03EB80009200291D34
S31500018DD021F06EFA229B002B029340F32981002792
S31500018DE0259A2699249801FB02FA02FB00F31092B8
S31500018DF0289A01FB03F30792299A239C08922A9A3F
S31500018E00264609922B9A1B930A92DDE92DE21292CC
S31500018E102F9A449B0C92309A54460392319ABA4641
S31500018E200492329A0592339A0692DDE935C211927D
S31500018E30379A0B92CDF850C0BC46349A66451C92BF
S31500018E402C9ACDF854E01D928E463946074640F3DA
S31500018E50E680029A012A00F0EB80002F40F3D480CD
S31500018E60029A022A00F0E4801E96264652463C46A5
S31500018E7008461D464FF000093746CDE91F31CDF8AA
S31500018E8084A0109B002B40F3AD80029B032B00F0C6
S31500018E90CF802B46114682460026CDE91605CDE93F
S31500018EA018421A97429A5F1E02EB0A05139A00208E
S31500018EB0CDE90DA3541801970F912FE013F18043CB
S31500018EC04AF1000ADB0F43EA4A031F31D8F80CB016
S31500018ED06FDB0B990D440C990C440121914001392A
S31500018EE04FEA610A43FA02F219400AEBD37A514575
S31500018EF0C8BF0132D8F82C305A449A42B8BF1A4634
S31500018F00D8F830309A42A8BF1A46029B042B40F08B
S31500018F108F80019B013003F8012F019386454FDDB8
S31500018F20079BD8F80420634540F38280089B994546
S31500018F307EDA099BB3427BDD0A9B834278DD94F995
S31500018F400030D8F808101344039A624570DD049A7C
S31500018F5091456DDA059AB2426ADD069A824267DD6B
S31500018F6095F900200A4403FB02F2D8E904A121EA9B
S31500018F70E17302FA03F39A45C1F1000222EAE272B1
S31500018F8050D083FB0A3ABAF1000F97DA294FDB1961
S31500018F906AF1000ABAF1000F04DA6FF00047DB1933
S31500018FA04AF1000ADB0F1F31D8F80CB043EA4A0335
S31500018FB08FDA40F26711204B204A21481CF05CF9F8
S31500018FC0119ADDE90DA30F999244129A01361144C3
S31500018FD0109A73449642FFF665AFDDE91605DDE9A1
S31500018FE018421A9F149B09F101091844159BA145C2
S31500018FF03D441A44FFF645AFDDE91F313A4627469F
S3150001900014461E9EDDF884A01B9A0CF1010C134434
S315000190101C9A664511441D9A92443FF71AAF39B01E
S31500019020BDE8F08FB3F1004FABD16FF000434CE7D1
S3150001903020F020FF010000C058A4030068A403002B
S31500019040C4A403002DE9F84FD0E90B65AE420B9C91
S3150001905000F3B5800F68002F40F39580012501EBE1
S31500019060870751F8046F8F4206FB05F5F9D11F6892
S31500019070D4F800C0002F40F39680012603EB870742
S3150001908053F8041F9F4201FB06F6F9D1BCF1000F0C
S3150001909004F1040440F38E8001210023043C54F8BA
S315000190A0047F01339C4507FB01F1F8DCB54240F032
S315000190B086808D4240F08380002D62DD0A9B013A55
S315000190C003F1FF3C0C9B51196FF0004B0124404DFD
S315000190D003F1FF3E26E013F1804349F10009DB0F5E
S315000190E043EA490318F11F0FD0F80C9069DB04FA23
S315000190F007FA0AF1FF3A0AEA030843FA07F7DB0F10
S3150001910003EB6A039845C8BF0137C66A4F44B742A5
S31500019110B8BF3746036B9F42A8BF1F4691420EF860
S31500019120017F2ED0D0E90498466812F9013F1CF957
S31500019130017F3344866828EAE87A374407FB03F35C
S3150001914003FA0AF3C8F10007994527EAE77712D02F
S3150001915083FB0939B9F1000FBDDA5B1969F1000921
S31500019160B9F1000F03DA13EB0B0349F10009DB0F29
S3150001917043EA4903B6E7B9F1004FE9D16FF000437D
S31500019180B0E7BDE8F88F1F68D4F800C0002FC8BF4C
S3150001919001253FF772AFBCF1000F4FF0010504F155
S315000191A0040405DC8AE7BCF1000F04F1040403DDC5
S315000191B0012671E7012179E7012D3FF47FAF20F008
S315000191C059FE40F26711034B034A04481CF054F858
S315000191D0010000C058A4030068A40300C4A403004E
S315000191E02DE9F04F17461E46E9B0682200214EA828
S315000191F0729C739D20F0EBFF3B6AD7F808805C9365
S315000192003B6831465B424F937B683EA85B42509375
S31500019210FB68CDF8648106935A937B695293BB69C7
S3150001922053933B695193FBF70FFA214646A8FBF787
S315000192300BFA4EAA46A93EA8E8F722F8327A092A7D
S3150001924000F04F81022A02D069B0BDE8F08F3146A5
S31500019250002840F08A8138A8FBF7F6F933682146E1
S315000192603EA80593FBF7F0F9002C00F09A822368DB
S31500019270294646A80793FBF7E7F9002D00F09182EE
S315000192802B683E990893389B8B421A46A8BF0A461B
S31500019290002A40F37482581E00F1838268AC04EB05
S315000192A0800454F8BCCC4C1E002C2546C0F27982B1
S315000192B03EAE06EB810738AE4FEA830A06EB83061C
S315000192C0A1EB030EA1EB0209A0EB010B099210E041
S315000192D0754500F066820BEB050C634540F3618230
S315000192E0013D6A1C56F804CD00F05B82A94240F3A9
S315000192F0588257F80429944540F053824D45E7D1E9
S31500019300099A934240F35E82841A00F14A82A3428B
S3150001931040F34782023438AD05EB8405541C041B27
S3150001932008E0002C2646C0F23C82B34204F1FF3429
S3150001933040F3378255F8046D012E40F03282661CE7
S31500019340EFD1914240F336824C1EA01A00F12982D8
S31500019350814240F326820132A41A821C3EA800EB08
S31500019360820208E0002C2046C0F21B82814204F1F1
S31500019370FF3440F3168252F8040D012840F01182A1
S31500019380601CEFD146991A468B42A8BF0A46002BAC
S3150001939040F30582581E4FEA830A38AD2E46012452
S315000193A0564455F8047FB54207FB04F4F9D1002A67
S315000193B040F3F38168AD05EB800555F8BCEC4D1E15
S315000193C000F1EF8146AE06EB810C38AE06EB0A07DB
S315000193D0A1EB020B9E1E12E0B6F1FF3F00F0E18108
S315000193E0B34240F3DE81013DB5F1FF3F57F804ED8D
S315000193F000F0D7818D4206F1FF3680F2D2815CF80A
S315000194000499CE4540F0CD815D45E5D1934219DD04
S31500019410851A00F1C681AB4240F3C38138AE0235ED
S3150001942006EB8505164605E0871B00F1BA81BB42AE
S3150001943040F3B78155F8047D012F40F0B281013622
S31500019440B342F1DC8A4222DA481E851A00F1A9816B
S315000194508D4280F2A6810132821AA81C46AD05EB27
S31500019460800008E0002A1546C0F29B818D4202F178
S31500019470FF3280F2968150F8045D012D40F0918112
S31500019480551CEFD1002B40F37E814FEA830A01225E
S3150001949038AB03EB0A0153F8040F8B4200FB02F2CF
S315000194A0F9D1A24240F07D81002A7FF7CDAE00219D
S315000194B0059B1D1F079B1C1F089B181F54F8046F53
S315000194C055F8043F013106FB03F34345B8BF434654
S315000194D0069EB342A8BF33468A4240F8043FEDDCFC
S315000194E0B2E6314600B338A8FBF7AEF821463EA8EE
S315000194F03668FBF7A9F8002C00F05381294646A8E7
S315000195002468FBF7A1F8002D00F04B8146ABCDE9AD
S3150001951000432B683246029338A93EAB4EA8FFF7AB
S315000195202FFC69B0BDE8F08F38A8FBF78DF821460E
S315000195303EA83668FBF788F8002C00F032812946F0
S3150001954046A82468FBF780F8002D00F02A8146AB77
S31500019550CDE900432B683246029338A93EAB4EA8AB
S31500019560FFF770FD69B0BDE8F08F26A8FBF76CF830
S31500019570336821462CA81293FBF766F8002C00F0FD
S3150001958010812368294632A81393FBF75DF8002D55
S3150001959000F007812B681E93269B042B00F30181A3
S315000195A02C9B042B00F3FD80329A042A00F3F980E8
S315000195B00423981A38930BD00023012438A902E01A
S315000195C0042B00F0EE800133984241F8044FF7D1A5
S315000195D039AB920003EB800033A920F069FE46AB5C
S315000195E03EAA2CA926A8E7F783FFDDF8E0B0BBF178
S315000195F0000F40F3D68000253B9A3A983C9C02FB2B
S3150001960000F304FB03F14D9B2F469B000F93459BF3
S31500019610A9464FEA830A02FB04F3AE46AC46054669
S3150001962018461192399A109421923E9A07923F9ABE
S315000196300892409A0992419A0A92439A1792449A39
S315000196401492469A0B92479A0C92489A0D92499A0D
S315000196500E924B9A18924C9A15924A9A2092429AD5
S315000196601F92219B4B457FF7EFADBBF1010F00F038
S315000196709880002D7BDDBBF1020F00F09280CDE9D1
S3150001968022E101461E9B2846043B169362463C4650
S31500019690002673460D46CDE924C7CDF814E011998D
S315000196A0002955DDBBF1030F7BD09E469446274624
S315000196B00021CDE91924CDE91B031D95169B002236
S315000196C003EB8E05139B059703EB8C04129B03EBAF
S315000196D087002BE0079B4B4563DD089BB34260DDAA
S315000196E0099B8B425DDD0A9B93425ADD0B9F036802
S315000196F04F4556DD0C9FB74253DD0D9F8F4250DD1E
S315000197000E9F97424DDD2768BBF1040F07FB03F35C
S315000197100F9F50443C4444D14345B8BF4346069F3E
S315000197200132BB42A8BF3B4645F8043F109B93421A
S31500019730D0DC9E44159B059F9C44149B01311F441C
S31500019740119B9942BADBDDE91924DDE91B031D9D55
S31500019750189901360A44179986422B440C449EDB1C
S31500019760DDE922E1DDE924C72B4605461846209BA3
S3150001977009F101099C441F9B8E441F4471E79342E2
S3150001978007DD581EC0E5012C08BF22463FF48FAE07
S3150001979007E091423FF7D8ADF4E5851A3BE69342DF
S315000197A001DD20F067FB8A42A8BF0122BFF67FAE2A
S315000197B0012449E646991A468B42A8BF0A464FEA52
S315000197C0830AEAE591423FF7C0AD46991A468B42B4
S315000197D0A8BF0A46E1E500BFF0B500228DB00C46F0
S315000197E00646FAF7FDFE0546214600223046FAF7FF
S315000197F011FF2C7A012C0BD0204674691AF0ACFEAD
S31500019800234902462B7A3046A04701200DB0F0BD10
S31500019810074629466846FAF717FF394606A82E680D
S31500019820FAF712FF8FB3DDF800C0069B3D689C4531
S315000198302BD1BCF1000FD8BF204617DD6B46684619
S31500019840002206A950F8047F51F8044FA7421CD103
S3150001985001329445F6D101200DEB8C0153F8042F0A
S315000198608B4202FB00F0F9D100280BDD31462A4676
S315000198700023F1EC017AF1EE677A01338342E2ECDF
S31500019880017AF6DB00200DB0F0BD20F0F3FA00BF3F
S31500019890A0A50300002210B504461146024BFAF7B3
S315000198A077FE204610BD00BFD99701002DE9F04F84
S315000198B0002285B0CDE900014D69FAF7ABFE0446F9
S315000198C0007A431E082B0AD8DFE813F08001FF0057
S315000198D00900850009000900090009001500009D1D
S315000198E06C691AF039FEB84902462846A04701209C
S315000198F005B0BDE8F08F0022DDE90001D5E900855C
S31500019900FAF76EFE6268002D16684168B8BFAD1998
S31500019910002D40F3D08110464FF0010B002350F883
S31500019920047F0133AB4207FB0BFBF8D16B1C9E4254
S3150001993040F3D381012502EB830252F8040F013370
S315000199409E4200FB05F5F8D10BFB05F70E68002ECC
S3150001995040F3C1810A460023012152F8040F013365
S31500019960B34200FB01F1F8D18F4240F0C781B8F153
S31500019970000F236840F39B8199464FF0000A05FBCF
S3150001998008F7DDE900015246FAF72AFE002800F041
S31500019990B581BBF1000FD0F800E016DD0026324696
S315000199A009F1FF3C0EEB0504002D08DD61460EEBC7
S315000199B0060313F9010BA34201F8010FF9D1013294
S315000199C05A45BC442E442C44EED10AF1010AD04535
S315000199D0A944D6D16BE12B680022DDE900016D684F
S315000199E00293FAF7FDFD6268002D16684168B8BF5B
S315000199F0AD19002D40F3628110464FF00109002395
S31500019A0050F8047F0133AB4207FB09F9F8D16B1C0F
S31500019A109E4240F367814FF0010B02EB830252F83D
S31500019A20040F01339E4200FB0BFBF8D109FB0BF639
S31500019A300D68002D40F354810A460023012152F896
S31500019A40040F0133AB4200FB01F1F8D18E4240F025
S31500019A505581029A2368002A40F32981A3F1080857
S31500019A6000239A461D460BFB02F74FEACB065246E8
S31500019A70DDE90001FAF7B4FD002800F03F81B9F1F4
S31500019A80000FD0F800E019DD0022AC4613460EEBBC
S31500019A900604BBF1000F0BDD0EEBC20108EBCC0097
S31500019AA0B1EC027BA14200F1080080ED007BF7D109
S31500019AB001334B455A44BC443444EAD1029B0AF172
S31500019AC0010A53455D44D2D1F1E02B680022DDE95C
S31500019AD000016D680393FAF783FD6268002D16682D
S31500019AE04168B8BFAD19002D40F3EB8010464FF029
S31500019AF0010A002350F8047F0133AB4207FB0AFA3F
S31500019B00F8D16B1C9E4240F3F3804FF0010902EB42
S31500019B10830252F8040F01339E4200FB09F9F8D182
S31500019B200AFB09F60D68002D40F3E0800A46002382
S31500019B30012152F8040F01339D4200FB01F1F8D1D6
S31500019B408E4240F0DB80039A2768002A40F3AF80FB
S31500019B500023984609FB02F6043F4FEA890542466F
S31500019B60DDE900010293FAF73BFD002800F0C6800B
S31500019B70BAF1000FD0F800B0029B1DDD4FF0000CCA
S31500019B80CDF808809E46E0460BEB0504B9F1000FBF
S31500019B9009DD0BEB8C0107EB8E0051F8042BA1427A
S31500019BA040F8042FF9D108F10108D045CC44B64458
S31500019BB02C44EBD1DDF80880039A08F101084245EF
S31500019BC04B44CCD173E000BF70CE03002B6800225A
S31500019BD0DDE900016D680293FAF702FD6268002D66
S31500019BE016684168B8BFAD19002D6DDD10464FF0FE
S31500019BF00109002350F8047F0133AB4207FB09F941
S31500019C00F8D16B1C9E4262DD4FF0010B02EB830221
S31500019C1052F8040F01339E4200FB0BFBF8D109FBFE
S31500019C200BF60D68002D67DD0A460023012152F867
S31500019C30040F0133AB4200FB01F1F8D18E425DD135
S31500019C40029BD4F80080002B31DD00239A461D4685
S31500019C50029A4FEA8B060BFB02F7DDE90001524639
S31500019C60FAF7BEFC002849D0B9F1000FD0F800E0A0
S31500019C7017DD0022AC4613460EEB0604BBF1000FBE
S31500019C8009DD0EEB820108EB8C00F1EC017A8C42C6
S31500019C90E0EC017AF9D101334B455A44BC443444D2
S31500019CA0ECD1029B0AF1010A53455D44D5D100204E
S31500019CB005B0BDE8F08F4FF0010B37E64FF0010913
S31500019CC0A5E64FF0010A1CE74FF0010999E74E4658
S31500019CD04FF0010BA5E7012146E65F46012535E672
S31500019CE00121B3E64E464FF0010BA1E6012127E71C
S31500019CF056464FF0010915E701219FE720F0BAF812
S31500019D00002210B504461146024BFAF741FC2046E3
S31500019D1010BD00BFAD980100836B0BB13821184708
S31500019D2010B520F0A7F800BF2DE9F04F2DED028BFD
S31500019D300E69C76891B0002E00F027820B688A462B
S31500019D4004461BB11B68023B012B0DD93323A549E0
S31500019D50656920460091A44AA449A847012011B08B
S31500019D60BDEC028BBDE8F08F4D68002D46D02D6805
S31500019D70012D43D13B68002238469B6998478046AE
S31500019D80002856D03B682A46514638469B69984773
S31500019D900690002858D0DAF80090B9F1000F05D0E6
S31500019DA0D9F80030032B47D04FF000093B685146E4
S31500019DB000223846DB6998478346002847D098F841
S31500019DC0002003789A4227D1D8F808301968052966
S31500019DD040DCB9F1000F00F0848099F800108A4246
S31500019DE03BD0CDE90221824F824E65694B23204645
S31500019DF07D4A814901970096A847AFE701277F4B26
S31500019E007F4A66692046CDE9013500923423764AB8
S31500019E1079490397B047A1E7CDE902234423794E57
S31500019E2074496569204600916F4A73490196A847AE
S31500019E3094E7382374498BE73B680222514638463A
S31500019E409B6998478146B1E73B23704980E74223E6
S31500019E506F497DE747236F497AE7D9F80820D2F899
S31500019E6000A0BAF1000F3CDD0020CDE90769012110
S31500019E709646844699465EF8043F0CF1010CDE17BE
S31500019E8001FB06F603FB0066A1FB0310E245304425
S31500019E90F1D1013901434B46079EDDF8209020D0D0
S31500019EA0002601273046656952F8041F0130CB1799
S31500019EB007FB03F301FB0633A7FB017682451E442C
S31500019EC0F2D14FF0010C4D4B534A019300922046BB
S31500019ED04D23454A484902970396CDF810C0A84735
S31500019EE03CE70993069B0BA8996851F804AB4FEA26
S31500019EF08A031A46CDF828A00793089120F0D8F9CD
S31500019F00BAF1000F40F3E680079B0AA901EB030EA5
S31500019F10099B01209C460A46089952F8043F72455E
S31500019F2003FB00F0F9D102466346DBF808C0DCF812
S31500019F3000000890400009900898B2EB400F32D11A
S31500019F400699097D012902D05723344900E706996C
S31500019F50D1F804A0089900296CDD184607966246D7
S31500019F6000230E460AF1040E089502E001339E42D3
S31500019F705ED050F8041F5AF8335001EB050C5EF819
S31500019F80331052F8045F61448D42EFD0CDE902519E
S31500019F90234A244E65695D2301922046124A1649D9
S31500019FA00096A847DAE6079F0BA83A466669CDF8F8
S31500019FB028A020F07DF93A460AAB1A4453F8041F4B
S31500019FC09A4201FB05F5F9D1099B1749174ACDE9D3
S31500019FD00253CDE9002120465123034A0649B047E1
S31500019FE0BCE600BFC0CE030094CE030064A5030007
S31500019FF048CF03001CA7030058A60300B0C0030006
S3150001A00074A60300E0A603007CA50300F0CE0300BE
S3150001A010E8A9030004CF030060CF0300BCCF03000F
S3150001A020D8CF0300E8CF030080CF030098CF030009
S3150001A030DDE90765022386F83030069B0BA899688F
S3150001A04051F8043B9A00CDE907320A9320F030F922
S3150001A050079B002B0ADD089A0AAB1A4453F8041F22
S3150001A0609A4201FB05F5F9D1082D49D0D8F80830F7
S3150001A0701B685AB2002B327032760EDD0AEBC30A28
S3150001A08006EB83035AF8082CAAF1080A43F80429B7
S3150001A090DAF804209E42DA61F4D198F80030092BEF
S3150001A0A01FD03B68414638465B6A98473B6838464D
S3150001A0B006995B6A9847B9F1000F04D03B68494697
S3150001A0C038465B6A98473B68384659465B6A984703
S3150001A0D0002044E6DBF8083066691B685B000993DB
S3150001A0E072E7DBF81030B9F1000F28D0D9F810204B
S3150001A0F09A4219D0CDE90232254E7C23254990E6B4
S3150001A100DAF80030002BB1D1DAF80430002BADD1EA
S3150001A110DAF81830002BA9D1DAF81C30002BA5D1BA
S3150001A120012386F83030A1E79BED038AD9ED037A46
S3150001A130B4EE678AF1EE10FA09D17363B1E713F150
S3150001A140800F1FDB7F2BF8DD7723134900E617EE1F
S3150001A150900A1EF07DF902460B4618EE100ACDE96B
S3150001A16004231EF075F906460F460C4D0C48CDE941
S3150001A1700267CDE900057E2320460A4A0A49646939
S3150001A180A047EBE575230949E2E51FF073FE00BF21
S3150001A19074D00300C8CC030034D0030098D0030068
S3150001A1A0CCD0030094CE030058A60300F4CF0300DD
S3150001A1B010B50446034B044A0449FAF7E9F9204667
S3150001A1C010BD00BF49AA0100299D0100199D01008A
S3150001A1D010B50446034B044A0449FAF7D9F9204657
S3150001A1E010BD00BF49AA0100299D0100199D01006A
S3150001A1F02DE9F04F0524A9B00B920A68329E052A73
S3150001A200DDF8CCB01C9400F300810446D2F10500C0
S3150001A2101D460CD000234FF0010C1CAF02E0052BAC
S3150001A22000F0F3800133984247F804CFF7D11DAB14
S3150001A230920003EB8000043120F03AF805233268DE
S3150001A24022939A4200F3E180D2F105000BD000235C
S3150001A250012722A902E0052B00F0D780013398429D
S3150001A26041F8047FF7D123AB9200311D03EB800047
S3150001A27020F01EF894F90020052A00F3C68094F90F
S3150001A2801860052E00F3C1800023002000219A42A8
S3150001A290CDE91001CDE91201149308DDC2F10500E3
S3150001A2A010AB03EB80009200211D20F001F8002382
S3150001A2B000221A930023002ECDE91623CDE9182397
S3150001A2C009DDC6F1050016AB04F11C0103EB8000A4
S3150001A2D0B2001FF0EDFF2299002940F39680012973
S3150001A2E0239E00F092800229249A00F08E80032991
S3150001A2F0259B00F08A800429DDF8989000F085807E
S3150001A300DDE910EA12992C6804911399002E079140
S3150001A3101499DDF89CC00A91DDE916510C91DDE92D
S3150001A320181009901A980D906CDD4FEA8C07039767
S3150001A3304F460020D146BA46751B002A5FDD4FF015
S3150001A34000080C9FD71B02974746D046002B52DDCB
S3150001A3504FF0000ACDE90E620891B8F1000F43DD16
S3150001A3600026089A9A1ACDE90523BCF1000F37DDBC
S3150001A3700023ABF10402019627E0854227DDB945AA
S3150001A38025DC0299B94222DD049951451FDC059964
S3150001A39051451CDD0799019EB14218DC0999A8EBCC
S3150001A3A00101B14213DD0A99994210DC0D99ACEB1A
S3150001A3B0010199420BDD0B9901330E4656F8041B38
S3150001A3C063450B9642F8041F07D08645D5DD214625
S3150001A3D00133634542F8041FF7D1039B019E9B4459
S3150001A3E001364645C1D1069B0AF1010A9A45B4D107
S3150001A3F0DDE90E62089901379742A7D1C2460130BD
S3150001A400B0429AD129B0BDE8F08F1FF033FD00BFED
S3150001A4102DE9F04F0524A7B009920A68309F052A55
S3150001A420319E1A9400F3F5800446D2F105001D46CB
S3150001A4300DD000234FF0010E0DF1680C02E0052B43
S3150001A44000F0E780013398424CF804EFF7D11BABDB
S3150001A450920003EB800004311FF02AFF05233A68BE
S3150001A46020939A4200F3D580D2F105000CD0002347
S3150001A4704FF0010C20A902E0052B00F0CA80013340
S3150001A480984241F804CFF7D121AB9200391D03EB75
S3150001A49080001FF00DFF94F90020052A00F3B98012
S3150001A4A094F91870052F00F3B480002300200021D1
S3150001A4B09A42CDE90E01CDE91001129308DDC2F1F0
S3150001A4C005000EAB03EB80009200211D1FF0F0FE8C
S3150001A4D00023002218930023002FCDE91423CDE990
S3150001A4E0162309DDC7F1050014AB04F11C0103EBCA
S3150001A4F08000BA001FF0DCFE2099002940F3898014
S3150001A5000129219C00F085800229229B00F081808F
S3150001A5100329239A7DD00429DDF890A079D0DDE9BD
S3150001A5200EC7109995ED007A02911199002C0591AB
S3150001A530129925980891DDE914150A95169D069537
S3150001A540179D0795189D0B9560DD4FEA800BA4EBCF
S3150001A550010ED9460021002B55DD4FF000080A9D5A
S3150001A560A3EB050B4546002A4ADD4FF00008CDE96D
S3150001A5700C43BAF1000F3DDD0024069BD31ACDE949
S3150001A5800332002832DD32460023019623E08E4550
S3150001A59023DDAF4221DCAB451FDD029E46451CDCB7
S3150001A5A0039E464519DD059EA64216DC079EAAEBCB
S3150001A5B00606A64211DD089E9E420EDC0B9E861BF8
S3150001A5C09E420ADD099E0133F6EC017A8342E2ECF2
S3150001A5D0017A099608D08C45D9DDF0EE477A013328
S3150001A5E08342E2EC017AF6D1019E4E440134544590
S3150001A5F0C7D1049A08F101089045BAD1DDE90C43A7
S3150001A60001359D42AFD10131A142A4D127B0BDE8A8
S3150001A610F08F1FF02FFC00BF2DE9F04F0524A7B0E6
S3150001A62009920A68309E052ADDF8C4B01A9400F32F
S3150001A630F9800446D2F105001D460CD000234FF0E7
S3150001A640010C1AAF02E0052B00F0EC8001339842B1
S3150001A65047F804CFF7D11BAB920003EB800004311E
S3150001A6601FF026FE0523326820939A4200F3DA8012
S3150001A670D2F105000BD00023012720A902E0052B0A
S3150001A68000F0D0800133984241F8047FF7D121AB25
S3150001A6909200311D03EB80001FF00AFE94F90020A1
S3150001A6A0052A00F3BF8094F91860052E00F3BA80DD
S3150001A6B00023002000219A42CDE90E01CDE91001C7
S3150001A6C0129308DDC2F105000EAB03EB8000920088
S3150001A6D0211D1FF0EDFD0023002218930023002EFB
S3150001A6E0CDE91423CDE9162309DDC6F1050014AB26
S3150001A6F004F11C0103EB8000B2001FF0D9FD209983
S3150001A700002940F38F800129219E00F08B800229C8
S3150001A710229A00F087800329239B00F08380042975
S3150001A720DDF890907ED0DDE90EEA109995F90040AA
S3150001A73002911199002E05911299DDF894C00891A4
S3150001A740DDE914510A91DDE91610079018980B906E
S3150001A75065DD0020751B002A5EDD4FF000080A9FAB
S3150001A760D71B01974746C846002B51DD4FF000091C
S3150001A770CDE90C620691B8F1000F42DD0026069A7A
S3150001A7809A1ACDE90323BCF1000F36DD00230BF144
S3150001A790FF32009627E0854227DDBA4525DC01997F
S3150001A7A0B94222DD029949451FDC039949451CDD61
S3150001A7B00599009EB14218DC0799A8EB0101B14247
S3150001A7C013DD0899994210DC0B99ACEB0101994212
S3150001A7D00BDD099901330E4616F9011B63450996EE
S3150001A7E002F8011F07D08645D5DD214601336345B1
S3150001A7F002F8011FF7D1009EE34401364645C2D156
S3150001A800049B09F101099945B5D1DDE90C62069967
S3150001A81001379742A8D1C1460130B0429BD127B03A
S3150001A820BDE8F08F1FF026FB2DE9F04F0524A9B0F6
S3150001A8300B920A68329E052ADDF8CCB01C9400F30F
S3150001A84001810446D2F105001D460CD000234FF0CC
S3150001A850010C1CAF02E0052B00F0F4800133984295
S3150001A86047F804CFF7D11DAB920003EB800004310A
S3150001A8701FF01EFD0523326822939A4200F3E280FF
S3150001A880D2F105000BD00023012722A902E0052BF6
S3150001A89000F0D8800133984241F8047FF7D123AB09
S3150001A8A09200311D03EB80001FF002FD94F9002098
S3150001A8B0052A00F3C78094F91860052E00F3C280BB
S3150001A8C00023002000219A42CDE91001CDE91201B1
S3150001A8D0149308DDC2F1050010AB03EB8000920072
S3150001A8E0211D1FF0E5FC002300221A930023002EF0
S3150001A8F0CDE91623CDE9182309DDC6F1050016AB0E
S3150001A90004F11C0103EB8000B2001FF0D1FC229977
S3150001A910002940F397800129239E00F093800229A4
S3150001A920249A00F08F800329259B00F08B8004294F
S3150001A930DDF8989000F08680DDE910EA1299B5F904
S3150001A940004004911399002E07911499DDF89CC0DB
S3150001A9500A91DDE916510C91DDE9181009901A9852
S3150001A9600D906CDD4FEA4C0703974F460020D14608
S3150001A970BA46751B002A5FDD4FF000080C9FD71BF6
S3150001A98002974746D046002B52DD4FF0000ACDE92B
S3150001A9900E620891B8F1000F43DD0026089A9A1A53
S3150001A9A0CDE90523BCF1000F37DD0023ABF102022F
S3150001A9B0019627E0854227DDB94525DC0299B94292
S3150001A9C022DD049951451FDC059951451CDD079986
S3150001A9D0019EB14218DC0999A8EB0101B14213DDD0
S3150001A9E00A99994210DC0D99ACEB010199420BDDF4
S3150001A9F00B9901330E4636F9021B63450B9622F875
S3150001AA00021F07D08645D5DD21460133634522F86D
S3150001AA10021FF7D1039B019E9B4401364645C1D1D6
S3150001AA20069B0AF1010A9A45B4D1DDE90E6208993D
S3150001AA3001379742A7D1C2460130B0429AD129B017
S3150001AA40BDE8F08F1FF016FA2DE9F0410F6990B0BD
S3150001AA50002F00F0D8800C4600220646F9F7C0FD0B
S3150001AA602268054622B11368032B00F08680002276
S3150001AA7021463046F9F7CEFD2B7A04465A1E082A9E
S3150001AA8006D8DFE802F04811050505052D05600029
S3150001AA901846746919F060FD5C4902463046A047C4
S3150001AAA0012010B0BDE8F0810020294603900AAECE
S3150001AAB004A8F9F7C9FD214630462D68F9F7C4FD0A
S3150001AAC0002C00F0A08023682A46CDE900633846B1
S3150001AAD004A903ABFFF78CFB002010B0BDE8F081A1
S3150001AAE04FF00008294604A80AAEADF80C80F9F724
S3150001AAF0ABFD214630462D68F9F7A6FD002C00F086
S3150001AB00828023682A46CDE90063384604A903AB4F
S3150001AB10FFF78AFEE0E70023294604A80AAE03935D
S3150001AB20F9F792FD214630462D68F9F78DFD002C87
S3150001AB3069D023682A46CDE90063384604A903ABE8
S3150001AB40FFF766FCC8E797F93420294604A80AAE40
S3150001AB508DF80C20F9F778FD214630462D68F9F776
S3150001AB6073FD002C4FD023682A46CDE90063384691
S3150001AB7004A903ABFFF750FDAEE72146022230469A
S3150001AB80F9F72EFD0022214680463046F9F742FDAF
S3150001AB902B7A04465A1E082A3FF67AAF01A151F8CC
S3150001ABA022F000BFC9AB0100E7AB010091AA010089
S3150001ABB091AA010091AA010091AA0100D7AB010057
S3150001ABC091AA0100F7AB0100B8F1000FA3D0D8F8A4
S3150001ABD000301B68A0E7B8F1000F83D0D8F8003029
S3150001ABE0B3F900807EE7B8F1000F3FF45DAFD8F806
S3150001ABF00030186859E7B8F1000FA4D0D8F8003032
S3150001AC0093F90020A1E71FF035F900BFF8D0030042
S3150001AC10836B0BB12021184710B51FF02BF900BF2C
S3150001AC202DE9F0414F6982B0002F37D0D1F810805D
S3150001AC300C46B8F1000F31D0194B05461A68F9F7E1
S3150001AC40CFFC0646174B21461A682846F9F7E2FC5F
S3150001AC50327A012A19D0092A0BD1019043463A4684
S3150001AC6021462846009600F0C1FD002002B0BDE84D
S3150001AC70F08110466C6919F06FFC0B4902462846B3
S3150001AC80A047012002B0BDE8F081019043463A4653
S3150001AC9021462846009600F019FCE6E71FF0EAF87F
S3150001ACA05C1304005813040020D103002DE9F04180
S3150001ACB04F6982B0002F37D0D1F810800C46B8F119
S3150001ACC0000F31D0194B05461A68F9F789FC06467B
S3150001ACD0174B21461A682846F9F79CFC327A012A55
S3150001ACE019D0092A0BD1019043463A4621462846F6
S3150001ACF0009600F02FFF002002B0BDE8F08110465B
S3150001AD006C6919F029FC0B4902462846A047012027
S3150001AD1002B0BDE8F081019043463A4621462846F5
S3150001AD20009600F0E5FEE6E71FF0A4F85C130400C8
S3150001AD30581304004CD1030010B50446034B044AD2
S3150001AD400449F9F725FC204610BD00BF21AC0100DE
S3150001AD50ADB3010011AC010010B50446034B044A22
S3150001AD600449F9F715FC204610BD00BFADAC010042
S3150001AD70ADB3010011AC01002DE9F04F93B09E4631
S3150001AD800C92D0E907239A4200F3F7808032C0F291
S3150001AD90F4807F2B00F3F1800B688A46042B40F088
S3150001ADA0EC80DEF80030042B40F0E7804B68DEF8DB
S3150001ADB004209A4240F0E1800A6911460792DEF8C2
S3150001ADC01020914240F0D980D0E90359DAF80820E1
S3150001ADD0002B0A92DAF80C2080460B92DEE9022457
S3150001ADE040F31781002A40F314814FF0000B774698
S3150001ADF000218E460691194613467246002C40F3F1
S3150001AE00FA800698079E002E40F31181CDE90D3197
S3150001AE104FF0000E114652464346DA46F446C846FE
S3150001AE2093460690CDE90F584FF00009E046564685
S3150001AE308C4619463B46CDF820E011940698B1F9A7
S3150001AE4004504A69471B2D1A0A98B1F90240A0EB32
S3150001AE50070E9645A8BF96468A6925EAE5750092CA
S3150001AE60089A101BA41A0B9A0990101A009A24EA40
S3150001AE70E4749042A8BF10467545A8BF6FF07F07DE
S3150001AE806BDA0EEB070A52463D44A2466FF07F0786
S3150001AE901446CDE902C8CDE90413824556DADBF83A
S3150001AEA00030042B69D1099BDBF804C003EB0A02CD
S3150001AEB000EB03080C9BCDE900A01146A24603EB6B
S3150001AEC0090E1446BCF1000F23D1002E55D1DBF833
S3150001AED0083023BB002D50D1DBF80C203ABB002CE7
S3150001AEE04BD1DBF8100050BBB9F1000F45D103FB84
S3150001AEF0065302FB034300FB03F31EF90330013142
S3150001AF009F42B8BF1F4688451CD00C46BCF1000FB6
S3150001AF10DBD0664531DADBF80830002BDAD0002DBC
S3150001AF202BDB9D4229DADBF80C20002AD7D0002C36
S3150001AF3023DBA24221DDDBF810000028D4D04845EE
S3150001AF40D5DC1AE054460198DDF800A00135A5428A
S3150001AF50A3D1DDE902C8DDE9041391F91C0091F9D9
S3150001AF602020B842B8BF38469042A8BF10461A689A
S3150001AF70042A02D15A6812B91EB11EF07BFF96420D
S3150001AF80FBDA9A68002A4FD1BCF1000FF5D1DD68D2
S3150001AF90002D41D1B8F1000FEFD11C69002C40D131
S3150001AFA0B9F1000FE9D102FB06C205FB02821C9D25
S3150001AFB004FB025202F80900079A09F101099145B9
S3150001AFC07FF43CAF1F460B466146C446119CDDF833
S3150001AFD020E0DDF840800CF1010C6445B2460F9D7E
S3150001AFE0C6447FF41FAF5846B34682460A46C14659
S3150001AFF00E9998460D9B0698013228449A4206906E
S3150001B0007FF4FCAE0BF1010B8B451A460B467FF420
S3150001B010EFAE13B0BDE8F08FA845AEDA1C69002C7F
S3150001B020BED04C45BFDCA8E79445B0DBA5E70132AD
S3150001B0309A4228447FF4E6AE0BF1010B8B451A4682
S3150001B0400B467FF4D5AEE4E72DE9F04F93B00C93B0
S3150001B0500B68042B40F0E2808B460C990B68042B9D
S3150001B06040F0DC809146DBF804304A689A4240F0B1
S3150001B070D58084460A69DBF810009042089040F0BA
S3150001B080CD80DCE90358DBF80820002B0A92DBF8B7
S3150001B0900C200B92D1E9022440F31481002A40F3DB
S3150001B0A011814FF0000A6746002107910391194665
S3150001B0B013460C9A002C40F3F58094460398079E9C
S3150001B0C0089A002A40F30C810390002062460796F5
S3150001B0D0844656464FF0000ACDF824C011918446A5
S3150001B0E0394610465746CDE90D58CDE90F43079C21
S3150001B0F0B1F904504B69621B2D1B0A9C0292A4EB09
S3150001B10002089845A8BF9846099AB1F902408B6989
S3150001B11025EAE5750193131B0493049BA41A0B9A64
S3150001B120DFED767AA2EB030E019B24EAE4749E45D9
S3150001B130A8BF9E464545F24666DACDE905C00846F2
S3150001B140029B1D449844544557DADBF80030042B22
S3150001B15064D1049BDBF804C01A19CDE901841146B8
S3150001B16080460AEB030E1046BCF1000F28D1002ED3
S3150001B17054D1DBF808304BBB002D4FD1DBF80C2046
S3150001B18062BB00284AD1DBF810407CBB002F45D1B9
S3150001B19003FB065302FB030304FB037309EB83035F
S3150001B1A093ED007AB4EE677AF1EE10FA01F101013E
S3150001B1B077FE277A71451CD00846BCF1000FD6D020
S3150001B1C066452BDADBF80830002BD5D0002D25DBC0
S3150001B1D09D4223DADBF80C20002AD2D000281DDBA1
S3150001B1E090421BDADBF81040002CCFD0BC42CFDCFA
S3150001B1F014E04046029CDDF804800135A845A2D141
S3150001B2000146DDF814C006980368D1ED096A042BDE
S3150001B21091ED0A7A02D1436813B91EB11EF02AFED6
S3150001B2209E42FBDA8368039A002B56D1002AF5D198
S3150001B230C468002C49D1BCF1000FEFD10269002A84
S3150001B24048D1002FEAD1F4EE667AF1EE10FA48BF42
S3150001B250F0EE667AB4EEE77AF1EE10FA58BFB0EE88
S3150001B260677A039D03FB065304FB03C302FB0373C7
S3150001B2701C9A013702EB830383ED007A089B9F42F8
S3150001B2807FF435AFDDE90F43DDE90D58024660462F
S3150001B290DDF824C00130A0420F46C44411997FF461
S3150001B2A019AFB2460398079E01302E449842039087
S3150001B2B007967FF4FFAE0AF1010A51451A460B467D
S3150001B2C07FF4F2AE13B0BDE8F08FA445A6DA0269A9
S3150001B2D0002AB6D0BA42B6DCA0E79A42A8DB9DE7BF
S3150001B2E0013098422E447FF4EBAE0AF1010A514532
S3150001B2F01A460B467FF4D8AEE4E700BFFFFF7FFF97
S3150001B300F0B49368D1E90167D3E902540498D1E90D
S3150001B31003230978BEB3012910D002293CD1311982
S3150001B320891A91FBF6F10139D7B307EB050CACEBA2
S3150001B330030C9CFBF7FC0CF1FF3C0DE031190139C4
S3150001B34091FBF6F101395FB307EB050C0CF1FF3CFC
S3150001B3509CFBF7FC0CF1FF3C01FB06220CFB0733BF
S3150001B360121B5B1B23EAE37322EAE27254105910A3
S3150001B37002F0010203F00103C0E90041C0E9022322
S3150001B3800020F0BC70473FB101290CD002294FF0D3
S3150001B390FF31CAD08C46DFE74FF0FF318C46DBE741
S3150001B3A04FF0FF3CD8E74FF0FF31CDE72DE9F047ED
S3150001B3B0D1F814A082B0BAF1000F77D0D1F810906D
S3150001B3C00D46B9F1000F71D0C46806462368002204
S3150001B3D020469B6998470746002832D023682946AC
S3150001B3E000222046DB6998470546E0B103463A4606
S3150001B3F051463046CDF80090FFF782FF804670B97E
S3150001B4003B78012B20D0092B2ED0236839462046C4
S3150001B4105B6A98472368294620465B6A98474046F7
S3150001B42002B0BDE8F087402321494FF001083046BC
S3150001B4307469204A00912049A047404602B0BDE800
S3150001B440F0873D231D49F0E79AF81430012B17D0F8
S3150001B450032B1CD0022B21D06FF40003C9F818303E
S3150001B460174BC9F81C30D0E709F114039AF81410E8
S3150001B470304600932A4609F1100317F099F9C4E7FB
S3150001B4800023C9F818300E4BC9F81C30BDE700235C
S3150001B490C9F818300B4BC9F81C30B6E70A4BC9F886
S3150001B4A018304FF07E53C9F81C30AEE71EF0E2FCAF
S3150001B4B0E8A9030070D1030064A503007CA503007D
S3150001B4C0FFFF7F7F0000C040000080BF2DE9F04FE5
S3150001B4D02DED028BA9B01669D2F808A0D2F8048026
S3150001B4E0D268DDE934541CA8294693ED068AD3EDCA
S3150001B4F0078AB3F90490B3F900700D960E92F9F725
S3150001B500A3F8002D00F0E4802B68214622A80993B8
S3150001B510F9F79AF8002C00F0DB8023680A931C9B4C
S3150001B520042B40F0D580229B042B40F0D1801D993D
S3150001B530239B8B4240F0CC80209B1A460793269B87
S3150001B5409A4240F0C580DDE91EECDDE9244600297A
S3150001B55040F31F81002C40F31C812546C9F10000F0
S3150001B560444602464FF0000B4B465046A8464FF064
S3150001B57000099246CDE91031069271461D46E6460E
S3150001B5804A460094002E40F3F0804B191C460D9B51
S3150001B5904FF000099C42A8BF1C46CDE91207104690
S3150001B5A025EAE57301937B42059323464A46BC4649
S3150001B5B081460894069C1491234459460C93DDE96F
S3150001B5C000B30798002840F3C0800E9C0EEB0C00D8
S3150001B5D0A042A8BF20462CEAEC74CDE915BCCDE902
S3150001B5E0188E0B90039400201446CB468E461A46BD
S3150001B5F0CDE91A5A1796089B9A4280F2CA80DDE96C
S3150001B6001E37DFED797A069E05990EFB036C94448D
S3150001B61007FB0C1C0399209D8C4405FB0C0C099916
S3150001B620961901EB8C0C0292B0EE677A624607FB23
S3150001B63005F1CDE9003489004FEA85090491DDE978
S3150001B6401C81039C0B9B9C422BDAB8F1040F3FD162
S3150001B650B7EE006A9446059B039C1C190F940B9C3C
S3150001B66004EB030A0F9C009B002940F0A480BEF165
S3150001B670000F2DD1002B40F0A3804EBB002F40F0D0
S3150001B680A6802CBB002D40F0AB8008BBDCED006A28
S3150001B6900134544577EE867A37EE267ACC44E3D1E7
S3150001B6A00093049C013622440C9CA642C9D1DDE9D3
S3150001B6B00142F5EE407AF1EE10FA6AD0229BC7EE0E
S3150001B6C0276A042B04D1239B23B9BEF1000F03D0B3
S3150001B6D01EF0D0FB9E45FBDA249B002B5ED1BBF10D
S3150001B6E0000FF5D1259D002D5DD1002CF0D12699B5
S3150001B6F000295DD10028EBD1B4EE668AF1EE10FA8D
S3150001B70078FE266AF4EE668AF1EE10FA48BFF0EE8C
S3150001B710686A03FB0EB305FB034301FB03030A99A6
S3150001B720013001EB8303C3ED006A079B98427FF466
S3150001B73062AF1346DDE916C6DDE91A5A2246D94635
S3150001B740DDF854B07146DDE9188E0598013258448A
S3150001B75096420590ACEB0B0C7FF433AF4A46CDF81D
S3150001B76000B012988B46139F1499069B013203442D
S3150001B7704245A5EB000506937FF404AFF4468E46D9
S3150001B78011990BF1010B59455246009C109B7FF410
S3150001B790EEAE29B0BDEC028BBDE8F08F9B4597DA82
S3150001B7A0259D002DA1D0A54292DD26990029A1D083
S3150001B7B08142A1DC8CE78E458ADA002B3FF45DAF2E
S3150001B7C0002E85DBB34283DD002F3FF45AAF002CF8
S3150001B7D0FFF67EAFBC42BFF67BAF002D3FF455AFFF
S3150001B7E085423FF753AF73E7000000002DE9F04FA4
S3150001B7F0ABB0DDE93465317A092940F003819168FE
S3150001B8001469D2F80490D268B3F9008012941392A5
S3150001B810B3F904401A695B6911911EA8314609936F
S3150001B8200892F8F711FF3368294624A80C93F8F714
S3150001B8300BFF002D00F0E6802B680D93DDE9083241
S3150001B840934200F3DF801E9B042B40F0DB80249B98
S3150001B850042B40F0D7801F9B259A934240F0D2805B
S3150001B860229A11460A92289A914240F0CB80DDE94C
S3150001B8702617209A002BDDF884C0149240F30F811D
S3150001B880002940F30C814FF0000B1A46654223460E
S3150001B8900020159416920C461A465B4607950090B1
S3150001B8A0CDF840801795002F40F3E2804FF0000E4F
S3150001B8B014991298114481420D46A8BF0546CDE957
S3150001B8C0184222EAE2709B466246F446109E0B95A8
S3150001B8D0314676420696079E35440F950A9B002B04
S3150001B8E040F3B8804FF0000A139C5318A342A8BF37
S3150001B8F023465546E646CDE91A97CDE91C210E9316
S3150001B90021EAE17304930B9B984280F2C880DDE93A
S3150001B91020C7DDE91E98079A06990BFB0C23034401
S3150001B92007FB031304990C9E0B442299002401FB87
S3150001B9300353F31886183A46019301FB07F347466A
S3150001B9400593A846234665469446CDF808E003903C
S3150001B950049A0E9882422CDAB9F1040F52D10E984C
S3150001B960049ADDF804E0A0EB020A06989A448218CC
S3150001B9707046002F40F0A380BBF1000F42D1002D8D
S3150001B98040F0A280002E3DD1BCF1000F40F0A48012
S3150001B990002A37D1002940F0A680B8F1000F31D135
S3150001B9A090F900E00133534502F101027444084461
S3150001B9B0DFD1019A05980136024401920F9A964207
S3150001B9C0C6D1DDE902E04546002B68D003EBD37210
S3150001B9D0002CCBBF04EB6202A4EB620492FBF3F3EF
S3150001B9E094FBF3F3089A09999342B8BF1346249A34
S3150001B9F08B42A8BF0B46042A04D1259A22B9BBF172
S3150001BA00000F03D01EF036FA5A45FBDD269A00993F
S3150001BA10002A47D10029F5D1279C002C47D1BEF138
S3150001BA20000FEFD12899002946D1002DEAD1009EB9
S3150001BA300BFB026204FB02E20D9C01FB0242535521
S3150001BA400A9B0135AB427FF45EAFF446DDE91A97F6
S3150001BA50DDE91C21069B0CF1010C4B44674506935D
S3150001BA60A1EB09017FF43AAF5B469446189C199AFB
S3150001BA7000991198079D01310544A1420091A2EB5D
S3150001BA80000207957FF40FAF03F1010B2146DDE9B3
S3150001BA9015425A45DDF84080179D7FF4F8AE2BB06C
S3150001BAA0BDE8F08F9142ADDA279C002CB7D07445E2
S3150001BAB0A8DD28990029B8D0A942B8DCA2E75F45DC
S3150001BAC0A0DD002D3FF45EAF002E9BDBB54299DD74
S3150001BAD0BCF1000F3FF45CAF002A93DB624591DABB
S3150001BAE000293FF45AAF41453FF75AAF8AE700BFF5
S3150001BAF070B556689AB01396D668D3F818C01596DD
S3150001BB0016699268CDF860C01292D3F81CC05A68C3
S3150001BB101B68DDE91E5403A82946CDF864C01496B6
S3150001BB20ADF84020ADF83E30F8F78EFD7DB12146E7
S3150001BB3009A82D68F8F788FD4CB120682A460090BF
S3150001BB4009AB03A90FA8FFF77FFA1AB070BD1EF063
S3150001BB5091F900BF70B556689AB01396D668DDE9BB
S3150001BB601E54159616699268294612925A6803A8B8
S3150001BB70ADF840201A681496ADF83E205A691B6943
S3150001BB8017921693F8F760FD7DB1214609A82D6835
S3150001BB90F8F75AFD4CB120682A46009009AB03A973
S3150001BBA00FA8FFF7E9F81AB070BD1EF063F900BFE0
S3150001BBB0836B0BB11C21184710B51EF05BF900BF52
S3150001BBC010B50446034B044A0449F8F7E1FC204644
S3150001BBD010BD00BF45C0010095C40100B1BB010005
S3150001BBE02DE9F04F0E68C5B0042EDDF83CE11D923B
S3150001BBF000F391801D681C46042D00F38C800F46CE
S3150001BC00DEF80010042900F3868004238346581ABF
S3150001BC1022930BD0002301220DF1880C01E0042BA5
S3150001BC2079D0013398424CF8042FF8D123AB8A001E
S3150001BC3003EB80000EF104011EF03AFB0423981B6E
S3150001BC4028930AD00023012128AA01E0042B62D0FF
S3150001BC500133984242F8041FF8D129AB03EB800067
S3150001BC60B200391D1EF024FB0423581B2E930AD063
S3150001BC70002301212EAA01E0042B4CD00133984266
S3150001BC8042F8041FF8D12FABAA00211D03EB800057
S3150001BC901EF00EFB01210323289C2DAD38AA9C42E0
S3150001BCA039DD55F8040D013B42F8040D5E1C1161A6
S3150001BCB000FB01F1F3D1012103232E9E33AD40AAEE
S3150001BCC09E4228DD55F8040D013B42F8040D116131
S3150001BCD000FB01F1581CF3D100239E4634A93CAA6E
S3150001BCE00DF1B80C28AF9E4257F8040F13D05CF83B
S3150001BCF0045F854206D001280FD0012D0BD11060BB
S3150001BD00C2F810E00133042B01F1040102F104022F
S3150001BD100DD0A342E7D11EF0ADF80133042B0D601F
S3150001BD20C1F810E002F1040201F10401F1D1229BF4
S3150001BD30002B0B93EFDD0026259A269DDDF890C09A
S3150001BD4005FB02F102FB0CF31992349A05FB03F38E
S3150001BD500292DDE935720392379ADDF88CE004929E
S3150001BD60399A1A9313923A9A509B0D923B9AA84686
S3150001BD7006923C9A754607923D9AB24608923E9AB9
S3150001BD80994609923F9A0A92419A1292429A0C92C4
S3150001BD90439A14916146BC4637460592409ABD4284
S3150001BDA01B92389A1C9240F3F8800B9B012BB2D060
S3150001BDB0002940F3E8800B9B022BACD0324650465B
S3150001BDC04C464FF0000ECDE91E59CDE920A6199B30
S3150001BDD0002B40F3C9800B9D032D9CD0254681463F
S3150001BDE092460026CDE91520CDE91714B8F1000FCA
S3150001BDF040F3AD800B9A042A8DD14E996C1E01EB4E
S3150001BE0009001D990022CDE90FA951440E93019411
S3150001BE10119541E0DBE9033929EAE9750AFA05F5E5
S3150001BE20AB42C9F1000A2AEAEA7A00F0D28085FB20
S3150001BE300353002BC0F2B48015F1804543F1000392
S3150001BE40ED0F19F11F0F45EA4303C0F2BB80012430
S3150001BE5004FA0AF909F1FF39DD0F05EB690509EA6B
S3150001BE60030943FA0AF34D45B8BF0133059D6FF047
S3150001BE707F042844069D01322944DBF808502B44EF
S3150001BE807F2BA8BF7F23A342B8BF2346019C42450F
S3150001BE9004F8013F019456DA029BBB427FF73BAFA0
S3150001BEA0F4457FF738AF039B9E42BFF634AF049B40
S3150001BEB09A42BFF630AF91F900A0DBF800301AEBD9
S3150001BEC0030AA7D5079BBB427FF725AF089B73459E
S3150001BED07FF721AF099B9E42BFF61DAF0A9B9A428F
S3150001BEE0BFF619AFDBF8043090F9009099440AFBCC
S3150001BEF009F9DBE9053A2AEAEA7509FA05F5AB42D9
S3150001BF00CAF1000929EAE97900F0838083FB055328
S3150001BF10002B6FDB15F1804543F10003ED0F45EA78
S3150001BF2043031AF11F0F4DDB012404FA09F5013D04
S3150001BF304FEAD37A0AEB650A1D4043FA09F35545E0
S3150001BF40C8BF013392E7DDE90E3ADDE910950C9A97
S3150001BF50013691440D9A9E4245449244FFF646AFFE
S3150001BF60DDE91520DDE91714149D0EF1010E2C44AF
S3150001BF70129D8E452844139D2A44FFF629AFDDE91B
S3150001BF801E59DDE920A61A9B013799441B9BBD4228
S3150001BF909A441C9B1E443FF708AF45B0BDE8F08F9D
S3150001BFA0244C2D1963F10003002B04DA6FF00044D1
S3150001BFB02D1943F10003ED0F19F11F0F45EA430354
S3150001BFC0BFF645AF40F267111B4B1C4A1C4819F0DE
S3150001BFD053F9B3F1004F7FF42AAF19F11F0FF1DBCB
S3150001BFE0012303FA0AF909F1FF396FF000434FEA19
S3150001BFF0690536E70F4C2D1963F10003002B04DAAE
S3150001C0006FF000442D1943F10003ED0F45EA430398
S3150001C01087E7B5F1004F7FF479AF1AF11F0FD1DB36
S3150001C020012303FA09F5013D6FF000434FEA650A62
S3150001C03083E700BF010000C058A4030068A4030001
S3150001C040C4A403002DE9F043D1F8108097B0B8F1EC
S3150001C050000F5ED000220C460546F8F7C1FA2146CC
S3150001C060012206462846F8F7BBFA21460022074672
S3150001C0702846F8F7CFFA0446307A01282ED0092847
S3150001C08021D1314604A8F8F7DFFA39460AA8D6F8CD
S3150001C0900090F8F7D9FA002F3BD010AD214628467B
S3150001C0A03E68F8F7D1FA002C33D023684A46CDE929
S3150001C0B0015340460AAB04A90096FFF791FD002003
S3150001C0C017B0BDE8F0836C6918F046FA12490246CA
S3150001C0D02846A047012017B0BDE8F083314604A8E1
S3150001C0E0F8F7B2FA39460AA83668F8F7ADFA87B111
S3150001C0F010AD214628463F68F8F7A6FA4CB12368E9
S3150001C1003146CDE900530AAA3B4604A800F05AF885
S3150001C110D5E71DF0AFFE00BFA8D103002DE9F84F0A
S3150001C1202DED028B1C4613781546092B83468A464C
S3150001C13006D0072B04D0BDEC028B0020BDE8F88F9A
S3150001C140DBF80C001CF084F90646E8680F461CF083
S3150001C1507FF980468946DAF80C001CF079F93246F7
S3150001C1603B461CF0CDF942464B461CF0F3FA4B46D2
S3150001C17041EC180B4246304639461CF0EBFA04F105
S3150001C180100704F10C0641EC100B3946304616F047
S3150001C190A7F9B0EE480AF0EE680A04F1140004F1BA
S3150001C1A0180116F09DF9DBF8103000205B42236080
S3150001C1B0DAF810305B4263602B69A360BDEC028B39
S3150001C1C0BDE8F88F2DE9F04F0C460668BFB0042E86
S3150001C1D0CDE91943489900F38F8014681546042C5C
S3150001C1E000F38A800A68042A00F38680042307463E
S3150001C1F0981A1C930CD000234FF0010E0DF1700C10
S3150001C20001E0042B78D0013398424CF804EFF8D1C1
S3150001C2101DAB03EB8000920004311EF049F80423A4
S3150001C220981B22930AD00023012122AA01E0042BA4
S3150001C23062D00133984242F8041FF8D123AB03EBD5
S3150001C2408000B200391D1EF033F80423181B289311
S3150001C2500AD00023012128AA01E0042B4CD0013386
S3150001C260984242F8041FF8D129ABA200291D03EB1D
S3150001C27080001EF01DF801210323229C27A832AA63
S3150001C2809C4239DD50F8045D013B42F8045D5E1CB9
S3150001C290116105FB01F1F3D101210323289F2DA88B
S3150001C2A03AAABB4228DA50F8045D013B42F8045D24
S3150001C2B0116105FB01F15D1CF3D100231E462EA978
S3150001C2C036AA0DF1A00E0DF1880C9F425CF8040F01
S3150001C2D012D05EF8045F854205D001280ED0012DEB
S3150001C2E00AD1106016610133042B01F1040102F138
S3150001C2F004020CD0A342E8D11DF0BCFD0133042B8E
S3150001C3000D600E6102F1040201F10401F2D11C9BE0
S3150001C310002B0993F0DDDDE9367A00211F9C1E9A78
S3150001C3208E4604FB02F3209D1D9805FB03F318932B
S3150001C330359B15914FEA83093D9B08944FEA830883
S3150001C34005FB04F30E932E9B704502932F9BD44657
S3150001C3500393DDE930630493339BBA460D93349B13
S3150001C3600B93DDE938B301933B9B0C933C9B0A93FA
S3150001C3703A9B1693329BCDE91311179340F38780AD
S3150001C380099B012BB8D0002A70DD099B022BB3D083
S3150001C3900024DDE91413139F1B90089800285BDD28
S3150001C3A009980328A8D00020CDE90537CDE90F2744
S3150001C3B0CDE911310791002D3BDD099B042B9BD162
S3150001C3C0499A0599069B02EB8107199A07990097E5
S3150001C3D002EB81011A9A02EB83020023029F774541
S3150001C3E08ADD039FA74287DD864285DD049F9F4242
S3150001C3F082DDF24580DDA4457FF77EAF83457FF779
S3150001C4007BAF019F9F427FF777AFD1ED007AF5EEC3
S3150001C410C07A92ED007AF1EE10FAB8BF67EE877A2C
S3150001C420009F0133E7EC017AAB420097494442444D
S3150001C430D4DB069B0A9A0130134406930B9A079B99
S3150001C44013440793059B2B440593089B9842B2DB43
S3150001C450DDE90F27DDE911310C98013407440D9808
S3150001C460944201440E98034497DB1B98139B16993B
S3150001C4700EF1010E0B4413931799149B70450B444F
S3150001C48014931899159B0B4415933FF779AF3FB059
S3150001C490BDE8F08F2DE9F043D1F8109083B0B9F1E2
S3150001C4A0000F49D0C46806462368002220469B69CE
S3150001C4B00D4698470746002838D0236801222946A9
S3150001C4C020469B6998478046002832D02368294632
S3150001C4D000222046DB6998470546D0B102464B4605
S3150001C4E041463846FFF71AFE064670B923683946B3
S3150001C4F020465B6A98472368414620465B6A98470F
S3150001C5002368294620465B6A9847304603B0BDE852
S3150001C510F0835E2309497469304601260091084A71
S3150001C5200849A047304603B0BDE8F0835A230649BF
S3150001C530F1E75C230549EEE71DF09CFCE8A9030041
S3150001C540E4D1030064A503007CA503001CD203000B
S3150001C550836B0BB12021184710B51DF08BFC00BF72
S3150001C56010B50446034B044A0449F8F711F820466E
S3150001C57010BD00BF69C7010081C5010051C5010099
S3150001C5802DE9F04F0D6985B0002D00F0CC800B68C8
S3150001C5900C46064613B11B68012B10D0634A746919
S3150001C5A00125CDE9012330462423614A00926149E0
S3150001C5B0614A0395A047012005B0BDE8F08F4F6899
S3150001C5C0002F2DD03F68012F2AD1D0F80C800022F0
S3150001C5D0D8F8003040469B6998478146002835D0F7
S3150001C5E0D8F80030214600224046DB6998470446C8
S3150001C5F000282ED090F83030012B1AD1436B002B36
S3150001C60062D01B68002B62D01B68012B24D0362315
S3150001C6104A49746930460091474A4949A047CAE7E1
S3150001C620424B74690125CDE9013730462523454A38
S3150001C630BCE7CDE90237444A444974693023019283
S3150001C640009130463C4A3B49A047B4E72A2340497A
S3150001C650DFE72C233F49DCE799F800104B1EDBB2DC
S3150001C660082B37D840F2471222FA03F3D80731D5FF
S3150001C6702378092B4DD84FF42372DA40D20748D5D7
S3150001C680072949D009292AD0032926D0022903D10D
S3150001C690092B24D0072B22D023692B60E0681BF0DD
S3150001C6A0D7FEC5E90201D9F810304946AB61D8F881
S3150001C6B0003040465B6A9847D8F80030404621462C
S3150001C6C05B6A9847002077E734232349A1E735239E
S3150001C6D022499EE7382322499BE7092BDCD1D9F869
S3150001C6E00C001BF0B5FE0646E0680F461BF0B0FED7
S3150001C6F002460B46304639461CF02CF805F1140B60
S3150001C70005F1100A41EC100B5946504615F0E8FEAA
S3150001C710C2E73C2313497CE76FF4217242FA03F323
S3150001C720DB07B9D4DBE71DF0A5FB00BFB0C00300F2
S3150001C730F0A8030058A6030030D20300B4D20300C8
S3150001C74064A5030074A60300F0B4030068D20300D5
S3150001C7507CA50300E8A9030084D2030098D2030054
S3150001C760DCD2030078D303002DE9F04F0D698FB0B9
S3150001C770002D00F04785002206460C46F7F730FFEC
S3150001C7800746002230462146F7F744FF3A7A064625
S3150001C790531E082B0AD8DFE813F019007A00DC00D3
S3150001C7A00900090009003F010900A101104617F01F
S3150001C7B0D3FE0446307A17F0CFFE21460246C5481D
S3150001C7C014F09AFB01200FB0BDE8F08F037A072B16
S3150001C7D000F00382092B40F0FE81394602A8F7F7E3
S3150001C7E033FF314608A8D7F80080F7F72DFFD5E9C2
S3150001C7F00201DDF80890089B366899452F6840F0DC
S3150001C8000185B9F1000FD8BF01241DDD02AB1D461C
S3150001C8100022B4469E4608AC55F8046F54F8043F0E
S3150001C8209E4240F0EF8401329145F5D1664673464A
S3150001C830012402AA02EB890553F8042F9D4202FB4B
S3150001C84004F4F9D1002C1EDD1CF01CF96FF07F05F4
S3150001C85006EE900A711EB8EC017AC7EE267AF8FE4A
S3150001C860677AFDEEE77A17EE903A3B447F2BA8BF35
S3150001C8707F230A46AB42B8BF2B460232921B944233
S3150001C88001F8013FE7DC00200FB0BDE8F08F7868C2
S3150001C89015F0BCFD327A0346072A00F04181092AC8
S3150001C8A040F02E81D5E905E8002B39682C693268FC
S3150001C8B02868E8DD0127CEF1000C2CEAEC7C013A70
S3150001C8C007FA0CF7D318013F6FF07F0B0439009379
S3150001C8D02EEAEE7A4FEA67091FE013F1804345F12C
S3150001C8E00005DB0F43EA45031EF11F0FC0F28384E7
S3150001C8F007EA030509EBD37643FA0CF3AE42B8BF58
S3150001C900013303445B45B8BF5B467F2BA8BF7F233A
S3150001C91002F8013F009B9342B5D051F8043FA3EBC7
S3150001C920080303FA0AF39C4200F01F8383FB0435D4
S3150001C930002DD2DA684E9B1965F10005002D04DA47
S3150001C9406FF000469B1945F10005DB0F43EA4503ED
S3150001C950CAE7786815F05AFD337A092B40F0D08082
S3150001C96029693A68B1F1804F3368D5F80090D5E965
S3150001C970057800F01084002885DD01257E4226EA2F
S3150001C980E676B540013A013D03F1FF3C10446B10D8
S3150001C9906FF07F0BCDE9003027EAE77A20E013F14B
S3150001C9A0804344F10004DB0F43EA440317F11F0FF0
S3150001C9B0C0F22184009805EA030400EBD37E3341DB
S3150001C9C0A645B8BF01334B445B45B8BF5B467F2BD9
S3150001C9D0A8BF7F230CF8013F019B93423FF453AF5D
S3150001C9E012F8013FA3EB080303FA0AF3994200F098
S3150001C9F0898083FB0134002CD1DA37481B1864F196
S3150001CA000004002C04DA6FF000401B1844F1000406
S3150001CA10DB0F43EA4403C9E7786815F0F7FC327A7D
S3150001CA200346072A00F05383092A00F0EB82022A03
S3150001CA3066D1D5E9050E002B3A6829693468D5F81F
S3150001CA4000807FF720AF0127C0F1000C2CEAEC7CB7
S3150001CA5007FA0CF7023A013F043C02EB430B20EACA
S3150001CA60E0794FEA670A19E013F1804345F10005C1
S3150001CA70DB0F43EA450310F11F0FC0F2BC8307EA3F
S3150001CA8003050AEBD37643FA0CF3AE42B8BF013382
S3150001CA909345434444F8043F3FF4F5AE32F9023F6F
S3150001CAA0A3EB0E0303FA09F3994200F06B8283FBB1
S3150001CAB00135002DD8DA084E9B1965F10005002DC8
S3150001CAC004DA6FF000469B1945F10005DB0F43EAD6
S3150001CAD04503D0E7C8B80300010000C0786815F027
S3150001CAE095FC327A0346023A072A09D8DFE812F0A2
S3150001CAF0CE007B0108000800080020010800D801CB
S3150001CB00387A54E6B1F1004F7FF473AF17F11F0F76
S3150001CB10C0F271832C466FF00043DDF800E04EE76A
S3150001CB20002B39682C6932682868D5E905E87FF752
S3150001CB30AAAE0127CEF1000C2CEAEC7C023A07FAE8
S3150001CB400CF702EB4303013F47F6FF7B04390093E1
S3150001CB502EEAEE7A4FEA670921E013F1804345F1A7
S3150001CB600005DB0F43EA45031EF11F0FC0F24383A5
S3150001CB7007EA030509EBD37643FA0CF3AE42B8BFD5
S3150001CB800133C54D0344AB42B8BF2B465B45A8BF35
S3150001CB905B4622F8023F009B93423FF474AE51F884
S3150001CBA0043FA3EB080303FA0AF39C4200F0D08189
S3150001CBB083FB0435002DD0DAB84E9B1965F10005CB
S3150001CBC0002D04DA6FF000469B1945F10005DB0FD5
S3150001CBD043EA4503C8E70120E9E5394602A8F7F724
S3150001CBE033FD314608A83F68F7F72EFDD5E9020166
S3150001CBF0DDF80890089BD6F8008099452E6840F02C
S3150001CC000183B9F1000FD8BF01241EDD02AB1D4619
S3150001CC100022B4469E4608AC55F8046F54F8043F0A
S3150001CC209E4240F0EF8201329145F5D16646734648
S3150001CC30012402AA02EB890553F8042F9D4202FB47
S3150001CC4004F4F9D1002C7FF71EAE1BF01BFF47F64B
S3150001CC50FF75002206EE900A8F49A8F10208B7EC8B
S3150001CC60017AC7EE267AF8FE677AFDEEE77A17EEC5
S3150001CC70903A3344AB42A8BF2B468B42B8BF0B4612
S3150001CC800132944228F8023FE9DCFCE5002B3968C1
S3150001CC902C693268D5F80090D5E905087FF7F3AD20
S3150001CCA04FF0010CC0F1000E2EEAEE7E0CFA0EFCDE
S3150001CCB001390CF1FF3C151F0B4420EAE07B4FEADA
S3150001CCC06C0A19E012F1804246F10006D20F42EADF
S3150001CCD0460210F11F0FC0F28E820CEA02060AEB21
S3150001CCE0D27742FA0EF2B742B8BF01328B424A44BA
S3150001CCF045F8042F3FF4C7AD11F9012FA2EB080245
S3150001CD0002FA0BF2944200F04A8184FB0226002EBD
S3150001CD10D8DA624FD21966F10006002E04DA6FF0F6
S3150001CD200047D21946F10006D20F42EA4602D0E781
S3150001CD30002B34683A68D5E905062969D5F80080DB
S3150001CD4000967FF7A0AD0127C0F1000C2CEAEC7C20
S3150001CD5007FA0CF7013A013F47F6FF7A023C02EB6C
S3150001CD60030B20EAE07E4FEA670920E013F18043D6
S3150001CD7045F10005DB0F43EA450310F11F0FC0F231
S3150001CD803A8207EA030509EBD37643FA0CF3AE427E
S3150001CD90B8BF0133404D4344AB42B8BF2B46534560
S3150001CDA0A8BF5346934524F8023F3FF46CAD12F9F0
S3150001CDB0013F009D5B1B03FA0EF3994200F00881C7
S3150001CDC081FB0335002DD1DA344E9B1965F100053F
S3150001CDD0002D04DA6FF000469B1945F10005DB0FC3
S3150001CDE043EA4503C9E72C693968B4F1804F3268D3
S3150001CDF0D5F80090D5E9050800F0E581002B7FF70D
S3150001CE0042AD4FF0010CC0F1000E2EEAEE7E0CFA97
S3150001CE100EFC01390CF1FF3C551E0B4420EAE07A69
S3150001CE204FEA6C0B1BE012F1804246F10006D20F6D
S3150001CE3042EA460210F11F0FC0F2DD810CEA02063A
S3150001CE400BEBD27742FA0EF2B742B8BF01324A442F
S3150001CE5082F308028B4205F8012F3FF414AD11F954
S3150001CE60012FA2EB080202FA0AF2944200F0BD80F9
S3150001CE7082FB0426002ED6DA084FD21966F1000687
S3150001CE80002E04DA6FF00047D21946F10006D20FE0
S3150001CE9042EA4602CEE700BF0080FFFF010000C064
S3150001CEA0002B3A682C693168D5F80090D5E905E080
S3150001CEB07FF7E9AC0127CEF1000C2CEAEC7C013AB4
S3150001CEC007FA0CF7D318013F6FF07F0B0139009376
S3150001CED02EEAEE7A4FEA670820E013F1804345F126
S3150001CEE00005DB0F43EA45031EF11F0FC0F28381E4
S3150001CEF007EA030508EBD37643FA0CF3AE42B8BF53
S3150001CF0001334B445B45B8BF5B467F2BA8BF7F23EC
S3150001CF1001F8013F009B93423FF4B5AC12F9013F82
S3150001CF201B1A03FA0AF39C4246D083FB0435002DF3
S3150001CF30D3DAB54E9B1965F10005002D04DA6FF0C1
S3150001CF4000469B1945F10005DB0F43EA4503CBE794
S3150001CF50B4F1004F7FF42CAE1EF11F0FC0F24B81CE
S3150001CF604E463D466FF0004306E6B4F1004F7FF4AE
S3150001CF70DDAC1EF11F0FC0F23E814E463D466FF0FD
S3150001CF800043B9E4B1F1004F7FF491AD10F11F0FE9
S3150001CF90C0F2318156463D466FF0004373E5B4F168
S3150001CFA0004F7FF4B2AE10F11F0FC0F22481574635
S3150001CFB066466FF0004294E6B4F1004FB5D11EF11A
S3150001CFC01F0FC0F2188146463D466FF0004393E7B6
S3150001CFD0B1F1004F7FF4F4AE10F11F0FC0F20B81D7
S3150001CFE04E463D466FF00043CFE6B4F1004F7FF465
S3150001CFF03FAF10F11F0FC0F2FE805F4666466FF02D
S3150001D00000421FE7002B3A682C6931682868D5E988
S3150001D01005E87FF738AC0127CEF1000C2CEAEC7C51
S3150001D020023A07FA0CF702EB4303013F6FF07F0B5D
S3150001D030013900932EEAEE7A4FEA670920E013F1EF
S3150001D040804345F10005DB0F43EA45031EF11F0F3F
S3150001D050C0F2D18007EA030509EBD37643FA0CF354
S3150001D060AE42B8BF013303445B45B8BF5B467F2B75
S3150001D070A8BF7F2301F8013F009B93423FF403AC15
S3150001D08032F9023FA3EB080303FA0AF39C4212D0DA
S3150001D09083FB0435002DD2DA5B4E9B1965F1000541
S3150001D0A0002D04DA6FF000469B1945F10005DB0FF0
S3150001D0B043EA4503CAE7B4F1004FE9D11EF11F0F58
S3150001D0C0C0F299804E463D466FF00043C6E7002BFD
S3150001D0D03A682C6931682868D5E905E87FF7D3AB4A
S3150001D0E00127CEF1000C2CEAEC7C023A07FA0CF788
S3150001D0F002EB4303013F47F6FF7B023900932EEA19
S3150001D100EE7A4FEA670920E013F1804345F1000505
S3150001D110DB0F43EA45031EF11F0F6CDB07EA03052C
S3150001D12009EBD37643FA0CF3AE42B8BF0133374D60
S3150001D1300344AB42B8BF2B465B45A8BF5B4621F80B
S3150001D140023F009B93423FF49EAB32F9023FA3EBB1
S3150001D150080303FA0AF39C4212D083FB0435002D1F
S3150001D160D2DA294E9B1965F10005002D04DA6FF01C
S3150001D17000469B1945F10005DB0F43EA4503CAE763
S3150001D180B4F1004FE9D11EF11F0F34DB4E463D4687
S3150001D1906FF00043C6E7012F7FF4EDABA8EB09045E
S3150001D1A0802C7FF4E8AB00287FF76DAB013A013B99
S3150001D1B0104412F8011F81F08001904203F8011F0B
S3150001D1C0F7D1FFF760BB01287FF418AEA8EB09057C
S3150001D1D080357FF413AE002B7FF755AB0139013A49
S3150001D1E00B4411F8010F80F080008B4202F8010F09
S3150001D1F0F7D1FFF748BB40F26711054B054A0648D0
S3150001D20018F03AF81CF036FE010000C00080FFFF5E
S3150001D21058A4030068A40300C4A4030070B50A68F7
S3150001D22092B31268012A2FD14B686BB31C68012C8B
S3150001D2302AD1C56800222B6828469B699847014672
S3150001D24010B303780E2B1FD186683068002815DDD0
S3150001D250A4460024A64656F8042F0EF1010ED31754
S3150001D2600CFB03F302FB0433ACFB02C486451C44EE
S3150001D270F1D10CF1FF3C5CEA040C05D12B68284680
S3150001D2805B6A9847002070BD1CF0F4FD70B5002262
S3150001D29004460E46F7F7A4F9B0B100220546314619
S3150001D2A02046F7F7B7F9024670B1E3689B689869BB
S3150001D2B028B12B68BDE87040196814F033BD0348E6
S3150001D2C013F01AFE012070BD1CF0D4FDF4D3030047
S3150001D2D010B504460021034B034AF7F759F92046D6
S3150001D2E010BD00BF8DD201001DD201002421836B28
S3150001D2F0184700BF0A6900F0D5B800BF0A6900F0F7
S3150001D30031B900BF0A6900F0D5BF00BF0A6900F054
S3150001D310A5B900BF10B50446034B044A0449F7F703
S3150001D32037F9204610BD00BF05D30100FDD201002B
S3150001D330EDD2010010B50446034B044A0449F7F740
S3150001D34027F9204610BD00BF0DD30100F5D201001B
S3150001D350EDD201002DE9F04F8846C5689A462B6843
S3150001D36017469B690022044685B028469847D8F897
S3150001D3700030D3F80090B9F1020F10D002263E4BCF
S3150001D3803E4ACDE90139204665692F2300923C4981
S3150001D3903C4A0396A847012005B0BDE8F08FD8F8AE
S3150001D3A004301A68012A0DD00126374B3749CDE9D9
S3150001D3B001322046656930230091324A304903968D
S3150001D3C0A847E8E72B680646414628469B699847E1
S3150001D3D08346002847D00078022830D13378092BBC
S3150001D3E01FD12B680022DB6941462846984704462F
S3150001D3F0F0681BF02DF88046E06889461BF028F896
S3150001D4000B460246494640461BF0A4F941EC100B77
S3150001D4105146384615F064F82B68214628465B6A62
S3150001D42098472B68594628465B6A98472B682846D1
S3150001D43031465B6A9847002005B0BDE8F08F666902
S3150001D44017F08AF80546484617F086F8034610494C
S3150001D450104ACDE902530092019120463523094A2B
S3150001D4600D49B04797E70D49656934230091204678
S3150001D470044A0B49A8478EE7500C040098D40300D0
S3150001D48058A6030060D40300B0C00300C8B403006B
S3150001D49010B6030020B60300A8A603005CBF030074
S3150001D4A064A503002DE9F84F131D07468946154665
S3150001D4B0FFF750FF0646002850D1FC680246236854
S3150001D4C049469B6920469847236849468246324623
S3150001D4D0DB692046984723688046012249469B69B5
S3150001D4E020469847DAF80C3081466B61D8F80C3043
S3150001D4F00122EB61D8F80800D0F800C0BCF1000F9A
S3150001D50007DD314650F8043F01316145A2FB032393
S3150001D510F8D12A62DAF8083005F1080219683846A6
S3150001D5203B6C89009847D9F80800D7F840B014F049
S3150001D5306DFF014605F10C0289003846D84723687C
S3150001D540514620465B6A98472368414620465B6AF6
S3150001D55098472368494620465B6A98473046BDE8A6
S3150001D560F88F00BF2DE9F047C56882B02B681446D5
S3150001D5709B69002280462846894698472B680646BD
S3150001D580002249462846DB69984796F800E0074697
S3150001D590BEF1090F3FD0BEF1070F3CD0806804F100
S3150001D5A0040AD0F800C0BCF1000F0EDD01210022F3
S3150001D5B050F8043F01326245A1FB0313F8DBBEF1CB
S3150001D5C0090F18D0BEF1070F15D02246534649461A
S3150001D5D04046FFF7BFFE044648B92B683146284648
S3150001D5E05B6A98472B68394628465B6A9847204606
S3150001D5F002B0BDE8F087D8F840304046890004F112
S3150001D6000802984733692361F36863613B69A36143
S3150001D610FB68E361D9E7F0681AF01AFFCDE900016A
S3150001D620F8681AF015FF02460B46DDE900011BF00A
S3150001D63091F804F1040A41EC100B2046514614F00E
S3150001D6404FFFB868D0F800C0BCF1000F02DD96F8B4
S3150001D65000E0ABE7012196F800E0B0E72DE9F04FD5
S3150001D6602DED028B90468DB0002204460D46F6F74D
S3150001D670B7FF0122064629462046F6F7B1FF0022EA
S3150001D680294682462046F6F7C5FF8346307A9BF83F
S3150001D690083083421AD0666916F05EFF05469BF88C
S3150001D6A0080016F059FF0346B149B24ACDE90253C3
S3150001D6B00092019120464FF48373AF4AAF49B047B8
S3150001D6C001200DB0BDEC028BBDE8F08FDAF8040045
S3150001D6D014F09CFE636CD8F80810814620469847E2
S3150001D6E0636C0746D8F80C1020469847337A0546EE
S3150001D6F0012B22D0092B1CD198ED058AD8ED077A8A
S3150001D700B4EE678AF1EE10FA53D1D8F81030D8F892
S3150001D7101820934269D0CDE90232994E994965693B
S3150001D7204FF4917300912046934A97490196A84771
S3150001D730C6E7964813F0E0FBC2E7DBE90080D0F8C4
S3150001D74000C072683168BCF1000FDAF800E01668B3
S3150001D750089209910FDD0021A34650F8042F22B14A
S3150001D760A3FB02A4002C40F0208201318C4502FB70
S3150001D77003F3F2D143B1414600226FF400000132B6
S3150001D7809A4241F8040BFAD3002E4FEAE97B40F3A3
S3150001D790F2810023089A02E001339E425AD052F8E0
S3150001D7A0041F0029F8D100200DB0BDEC028BBDE8A5
S3150001D7B0F08F17EE900A1AF04BFE02460B4618EE52
S3150001D7C0100ACDE904231AF043FE06460F46704DB2
S3150001D7D07048CDE90267CDE900054FF49073204604
S3150001D7E0654A69496469A0476AE7DBE90080D0F8C0
S3150001D7F000C032687368BCF1000F0992DAF800A024
S3150001D8004FF001021E6808930FDD0021A34650F870
S3150001D810043F23B1A3FB02E4002C40F0D381013184
S3150001D8208C4503FB02F2F2D11AB1802140461CF06D
S3150001D830CEFC002E4FEAE97B40F3AB810023089A28
S3150001D84003E001339E4200F0E18052F8041F0029F3
S3150001D850F7D1A8E7B9F1010F7BF10003C0F2958179
S3150001D8600024A446A246AEF1040E5EF8040F002879
S3150001D8702DDB86422DDD002C25DD00232A1F02E04B
S3150001D8800133A3421FD052F8041F8142F8D11CF183
S3150001D890010C4AF1000ACC457AEB0B03E5DB0021CA
S3150001D8A03846B2001CF093FCAEB9099B98ED007A9C
S3150001D8B0D3ED007AF4EEC77AF1EE10FA7FF773AF83
S3150001D8C0C8ED007A6FE745F824000134DFE78019D7
S3150001D8D0D1D51CF0CFFA089A002002EB860303F19A
S3150001D8E0040B1346711E02EB860C07EB81020B91AA
S3150001D8F00A9203F1040E002FEBD0002E7ADD0021EF
S3150001D900A946A246089B3A1F53F8045F52F8044FF2
S3150001D9109C4505FB0141F7D14D464FF000095446A0
S3150001D9204A46C2460691002D4AD157F822305EF882
S3150001D93022100132964201FB0939F4D1D0460699EB
S3150001D940099B08EB890903EB8101D1ED007A99ED79
S3150001D950007AB4EEE77AF1EE10FA58BFF0EE477AA4
S3150001D960DA46C9ED007A0B990A9A069619E000BFC4
S3150001D970E0A603001CA7030060D40300A8A60300C9
S3150001D98004D5030018D5030058A60300E4D6030006
S3150001D990ACD40300D8D4030001394E1C50603FF4C7
S3150001D9A002AF9146D9F800305AF8046D0133B342FB
S3150001D9B0A2F104028DDCEFD0069EC9F800309AE789
S3150001D9C0904606990797002C10DD00232F1F02E0D1
S3150001D9D00133A3420AD057F8042F9045F8D108F134
S3150001D9E001084645EFD1D046079FA9E74246079F62
S3150001D9F006919AE7099B98ED007AD3ED007AF4EE49
S3150001DA00C77AF1EE10FA3FF75BAFCCE6B9F1010F39
S3150001DA107BF10003C0F2C7800024A446A646AAF102
S3150001DA20040A5AF8040F0028C0F2968086427FF74E
S3150001DA3050AF002C40F38C8000232A1F03E00133F2
S3150001DA409C4200F0858052F8041F8142F7D11CF1F7
S3150001DA50010C4EF1000ECC457EEB0B03E1DB002100
S3150001DA603846B2001CF0B3FB002E79D0002F3FF4EC
S3150001DA7030AF089A002002EB860304330A9313465B
S3150001DA8006F1FF3B02EB860C07EB8B020B9203F1CF
S3150001DA90040E002E64DD0021A946A246089B3A1F0A
S3150001DAA053F8045F52F8044F9C4505FB0141F7D139
S3150001DAB04D464FF0000954464A46C24606916DBB93
S3150001DAC057F822305EF822100132964201FB0939DD
S3150001DAD0F5D1D0460699099B18F909205B56069699
S3150001DAE09342B8BF1346DDE90AA2594608F8093040
S3150001DAF004E001394B1C50603FF455AE9146D9F80C
S3150001DB0000305AF8046D0133B342A2F104023FF723
S3150001DB10E0AEEED0069EC9F80030BAE79046069907
S3150001DB200797002C10DD00232F1F02E00133A342CB
S3150001DB300AD057F8042F9045F8D108F10108464557
S3150001DB40EFD1D046079FC6E74246079F0691B7E742
S3150001DB5045F8240001347AE780197FF56AAFB8E603
S3150001DB60099B98F9002093F900309342B8BF1346F8
S3150001DB7088F8003017E60AD0B9F1010F7BF10003EE
S3150001DB80B8BF0024BFF66CAE8EE6002487E63446A5
S3150001DB908AE615D0B9F1010F7BF10003B8BF002465
S3150001DBA0BFF63AAF60E7002459E75C464FF4897344
S3150001DBB00749656920460091064A0749A8477FE556
S3150001DBC0344651E75C4640F223130449F1E700BFAE
S3150001DBD010D7030060D4030064A503002CD503000D
S3150001DBE02DE9F04F9C460B6893B0042B7BD1DCF8F2
S3150001DBF00070042F77DC0E46044615464868F26825
S3150001DC00896806930C93336907AE0FC6D7F10400F2
S3150001DC100AD0002301210CAA01E0042B63D00133B1
S3150001DC20984242F8041FF8D10DABBA000CF1040179
S3150001DC3003EB80001CF03CFBDDF830B0BBF1000FBC
S3150001DC4051DD0D9BBBF1010F04934CD0BBF1020FCB
S3150001DC500E9948D0BBF1030F0F9A44D0DDE9088C29
S3150001DC6094F900301098022B01903CD1B4F902309E
S3150001DC70012B79D0022B36D1B4F90430012B32D1E4
S3150001DC80012930D1012A2ED1049B002B64DD029596
S3150001DC9000250CFB08F30A9906EE103A01FB03F383
S3150001DCA001FB0CF99B000798039505934FEA890937
S3150001DCB04FEA810E019B002B42DD1C9B039AB8F1B2
S3150001DCC0000F03EB820A4ADD0024029ADFED297A6E
S3150001DCD017460026CDF800B0BCF1000F12DDBB4699
S3150001DCE0002310B91DB11CF0C5F8A842FBDD21BB0C
S3150001DCF0002CF8D19BED007A0133634577EE877AE4
S3150001DD00F344EED1013646454F44E5D1DDF800B086
S3150001DD10BBF1040FF8EEC66AE5D187EEA67A019B40
S3150001DD2001349C42AAEC017A02F1040208D0B8F14E
S3150001DD30000FCBDCDFED0F7AEFE7A142DADCD2E7A9
S3150001DD40039B019A013513440393059A029B1344DD
S3150001DD500293049B9D42ADD113B0BDE8F08FDFED78
S3150001DD60057A0024029AD3E7B4F90430022BBAD11A
S3150001DD7086E700BF000000002DE9F04F9FB0099231
S3150001DD801A680091042ADDE9296C40F09580DCF8D7
S3150001DD900070042F00F39080996804461292586827
S3150001DDA01892DA681B6913AD0FC5D7F104000AD0C2
S3150001DDB00023012118AA01E0042B7DD001339842EA
S3150001DDC042F8041FF8D119AB03EB8000BA000CF13D
S3150001DDD004011CF06DFA189B002B05936CDD059B65
S3150001DDE0DDF86480012B67D0022B1A9A64D01B9947
S3150001DDF0032B0C9160D0DDE914AE0EFB0AF194F908
S3150001DE00003007911C99022B049155D1B4F90230C7
S3150001DE10012B00F0E180022B4ED1B4F90430012B25
S3150001DE204AD1012A48D10C99012945D1B8F1000FEF
S3150001DE3040F3A6800022099D079C6B4223EAE37307
S3150001DE40069301FA03F3591E04EBD4735B105B428C
S3150001DE5008932B9B174603934B100E93B44625EA62
S3150001DE60E5734546904616980D9100FB0EFB00FBA7
S3150001DE7004F90099139C0B93049B002B40F3A98092
S3150001DE800026289ACDE910894244039B0A920F95F0
S3150001DE900090BAF1000F40F398800025A8460A9A2F
S3150001DEA0009802EB060901930291BEF1000F14DD01
S3150001DEB04946002214B91FB11BF0DCFFBC42FBDD51
S3150001DEC0002860D1002EF7D191F900300132A3EB81
S3150001DED00C03724501441D44ECD108F10108D045FB
S3150001DEE0D944E2D10B9A029905FA02F29142019BB9
S3150001DEF000905CD082FB0125002D47DB12F18042A8
S3150001DF0045F10005D20FDDF8189042EA4502099D58
S3150001DF101F3567DB0C9D4FEAD27805FA09F5013DFD
S3150001DF2008EB6508154042FA09F2A845B8BF013267
S3150001DF30089D002ACCBF521B5219079D6FF07F0026
S3150001DF4092FBF5F22C9D2A447F2AA8BF7F22059DCC
S3150001DF508242B8BF0246042DAED103F8012BDDE99A
S3150001DF6003252A44934206F1010692D1DDE910897F
S3150001DF700F9D00980137AF420392C8447FF47CAFEE
S3150001DF801FB0BDE8F08FB0429EDC95E71948121824
S3150001DF9065F10005002D04DA6FF00040121845F115
S3150001DFA00005D20FDDF8189042EA4502AFE7B1F15C
S3150001DFB0004F9FD1099A1F3214DB6FF00042DDF842
S3150001DFC03880DDF818900D9DADE70022DDF8189038
S3150001DFD09DE7039A1A44CDE7B4F90430022B7FF486
S3150001DFE06BAF1EE740F26711034B044A044817F072
S3150001DFF043F900BF010000C058A4030068A4030050
S3150001E000C4A403002DE9F04F9FB009921A6802914A
S3150001E010042ADDE9298640F0A4803568042D00F341
S3150001E020A08099680446129258681892DA681B69AA
S3150001E03013AF0FC7D5F104000BD00023012118AA95
S3150001E04002E0042B00F08D800133984242F8041F50
S3150001E050F7D119AB03EB8000AA00311D1CF028F99A
S3150001E060189B002B04937CDD049ADDF864E0012AF9
S3150001E07077D0022A1A9974D0032A1B9B71D0149A5D
S3150001E080DDF85490104609FB00F0019294F9002046
S3150001E090DDF870C0022A069063D1B4F90220012A84
S3150001E0A000F0F080022A5CD1B4F90420012A58D18B
S3150001E0B0012956D1012B54D1BEF1000F40F3B68090
S3150001E0C0099E169C714221EAE1718B400591591E08
S3150001E0D004FB09F306984FEA430A00EBD0735B1081
S3150001E0E004FB00F05B4207934B100C9326EAE673A0
S3150001E0F000220A9303460B917046114617469E4627
S3150001E100CDF800A0139DDDF804A04FEA440BBCF145
S3150001E110000F40F3B3800023039301EB0C030D932F
S3150001E1202B9B2B9E03EB41032899CDE90E0C01EBAA
S3150001E130420101910D99CDE9102E06EB4101002610
S3150001E1400891BAF1000F40F3958000208446DDF86E
S3150001E15004E00393B9F1000F14DD7146002215B9ED
S3150001E1601FB11BF087FEBD42FBDD002C61D1002EE5
S3150001E170F7D1B1F900300132A3EB08034A455944FE
S3150001E1801844ECD1009B0CF1010CD4459E44E1D11D
S3150001E1900A9A029900FA02F29142039B5DD0029912
S3150001E1A082FB0121002947DB12F1804241F1000186
S3150001E1B0D20FDDF814C042EA410209991F3167DB2B
S3150001E1C0012101FA0CF10139D00F00EB6100114078
S3150001E1D042FA0CF28842B8BF01320799002ACCBF35
S3150001E1E0521A5218069992FBF1F22C990A4447F6F3
S3150001E1F0FF718A42A8BF0A4629498A42B8BF0A4620
S3150001E20004990429ADD123F8022B019A0136023271
S3150001E2100192089A934294D1DDE90E0CDDE9102EA4
S3150001E220013787420D9972447FF471AF1FB0BDE883
S3150001E230F08FB4429DDC94E71A48121861F100018F
S3150001E240002904DA6FF00040121841F10001D20FE3
S3150001E250DDF814C042EA4102AFE7B1F1004F9ED1A9
S3150001E260099A1F3214DB6FF000420C98DDF814C0D6
S3150001E2700B99ADE70022DDF814C09EE701EB0C0314
S3150001E2800D93CDE7B4F90420022A7FF46AAF0FE7B4
S3150001E29040F26711044B054A054816F0EDFF00BF31
S3150001E2A00080FFFF010000C058A4030068A403001A
S3150001E2B0C4A403002DE9F04F2DED028B1546A3B042
S3150001E2C000220C468346F6F78BF9214601220646C3
S3150001E2D05846F6F785F92146804600225846F6F754
S3150001E2E099F963698146D8F80400079314F08EF80A
S3150001E2F0041ED8F8003040F3D8810DF14C0A1A46B5
S3150001E300514603EB840752F8040BBA4221F8020F77
S3150001E310F9D1042C00F03C81224601200AEB42028D
S3150001E32015A922F8020F8A42FBD1726811460F68BD
S3150001E3300892042F62B28DF84C2000F00B81327ADC
S3150001E340072A00F056810021092A00F0A180012A3E
S3150001E35040F01381079A1278002A40F0AA813268A8
S3150001E3600792B9F1000F00F07D83D9E900A0D0F83A
S3150001E37000C0002C00F08883BCF1000F4FF00106AD
S3150001E38010DD002250F8041F06E050F8041FA6FB1A
S3150001E39001E5002D40F068830132944501FB06F644
S3150001E3A0F3D136B100215046B20009931BF00FFF9D
S3150001E3B0099B002F00F082854FEAE478012C78F161
S3150001E3C00002C0F21A860025AE46A946A3F1040C46
S3150001E3D05CF8040F0028C0F24283B84280F24283FF
S3150001E3E0002D40F33583002316AA03E00133AB4227
S3150001E3F000F02E8352F8041B8142F7D11EF1010E63
S3150001E40049F10009A64579EB0803E1DB0021BA00D1
S3150001E4101CA81BF0DCFE089B03F10408002F40F04A
S3150001E4206883079BDAED007A93ED007A77EE877AB7
S3150001E430CAED007A002D40F3B983169B002258F8E5
S3150001E440231016A8012308E050F8041F58F82110DC
S3150001E450A3FB0174002C40F007830132AA4201FBA1
S3150001E46003F3F1D1002B00F03D81002E00F03A813B
S3150001E47007EE903A5246F8EE677A0AEB8606D2ED37
S3150001E480006A86EEA77AA2EC017AB242F7D129E1B7
S3150001E490079B1B7813B1002940F009832A69AB69F0
S3150001E4A058469A42DBF84470A96800F01D81B847C6
S3150001E4B03268736809922A6995ED058A82461E6853
S3150001E4C008930A92B9F1000F00F0CC82D9E90091C4
S3150001E4D0AB69D5ED078AD1F800C0D8F800500B9387
S3150001E4E0002C00F09783BCF1000F4FF0010712DDFD
S3150001E4F0002351F8042F06E051F8042FA7FB02E090
S3150001E500002840F0BB8201339C4502FB07F7F3D19B
S3150001E510002F00F076820AEB870399454FEA8708B8
S3150001E52080F0658209EB07018A4534BF002101218C
S3150001E530002940F05C8209F1FF32AAF1040013467A
S3150001E5400233A3EB09039F4202F8011F40F8041F9F
S3150001E550F5D856E2022A7FF4F2AEBDF94E20012A21
S3150001E56000F02F83022A7FF4EAAEBDF95010A1F123
S3150001E5700101B1FA81F1490910E05846DBF814307E
S3150001E580B7499847012023B0BDEC028BBDE8F08F57
S3150001E590002172688DF84C4017680892327A072A72
S3150001E5A07FF4D2AE079B1B781BB311B3314616A875
S3150001E5B01CAC2F68D5F80480F6F746F84946204684
S3150001E5C03668D5F810B0F6F73FF8B9F1000F00F04C
S3150001E5D04982AB6942460493D9F800303946CDE900
S3150001E5E002435046CDF804B016AB0096FFF70AFD7C
S3150001E5F078E02A69AB6958469A42DBF84470A96803
S3150001E60000F03081B8473268736809922A6995ED3E
S3150001E610058A82461E6808930A92B9F1000F00F036
S3150001E6202182D9E90091AB69D5ED078AD1F800C0FD
S3150001E630D8F800500B93002C00F0D982BCF1000FE2
S3150001E6404FF0010712DD002351F8042F06E051F8BF
S3150001E650042FA7FB02E0002840F0138201339C45FA
S3150001E66002FB07F7F3D1002F00F0E3810AEB8703E2
S3150001E67099454FEA47024FEA870880F0D18109EBB5
S3150001E68002039A4534BF00230123002B40F0C881C1
S3150001E6901A46A9F10200AAF1040101339F4220F8AA
S3150001E6A0022F41F8042FF8D8C3E100220DF14C0ADC
S3150001E6B033E600293FF453AE314616A8F5F7C4FFF9
S3150001E6C049461CA83568F5F7BFFFB9F1000F00F000
S3150001E6D0C981D9F800402A4650461CAB16A90094B8
S3150001E6E0FFF77EFA00204EE795ED057AD5ED077A1C
S3150001E6F0B4EE677AF1EE10FA7FF4D9AEB8477368D3
S3150001E700326882461F6809930A92B9F1000F00F038
S3150001E710A981D9E90031D8F80050D1F800C0089391
S3150001E720002C00F0E883BCF1000F4FF0010610DD6C
S3150001E730002351F8042F06E051F8042FA6FB02E04E
S3150001E740002840F0BE8301339C4502FB06F6F3D157
S3150001E750C6B1089A0AEB86039A424FEA860807D29F
S3150001E76093199A4534BF00230123002B00F0E1855C
S3150001E7703246002108981BF02AFD424600215046E8
S3150001E7801BF025FD002F00F0B0844FEAE479012C3F
S3150001E79079F10003C0F25685A5F104080025AC46BF
S3150001E7A0AE4658F8040F0028C0F24282874240F371
S3150001E7B05981002D40F31482002316AA03E0013388
S3150001E7C0AB4200F00D8252F8041B8142F7D11CF1D5
S3150001E7D0010C4EF1000EA4457EEB0903E1DB00219D
S3150001E7E0BA001CA81BF0F3FC099B03F1040E002FD1
S3150001E7F040F033850A9B93F90020DAF80030134480
S3150001E800CAF80030002D40F3A785169B00225EF85A
S3150001E810231016A8012308E050F8041F5EF8211002
S3150001E820A3FB0174002C40F04C830132954201FB9D
S3150001E83003F3F1D1002B3FF455AF002E3FF452AF55
S3150001E8400899AAF10402481E02EB860652F8041F33
S3150001E85091FBF3F1B24200F8011FF7D142E700BF85
S3150001E86098DF030095ED057AD5ED077AB4EE677A60
S3150001E870F1EE10FA7FF4C6AEB84773683268824685
S3150001E8801E6808930992B9F1000F00F0EB80D9E9EF
S3150001E8900030D8F80050D0F800C0002C00F01783E3
S3150001E8A0BCF1000F4FF0010712DD0022984650F827
S3150001E8B0041F06E050F8041FA7FB01E3002B40F0FC
S3150001E8C003830132944501FB07F7F3D14346D7B1E0
S3150001E8D00AEB87018B424FEA47024FEA870807D2C4
S3150001E8E099188A4534BF00210121002900F02084AE
S3150001E8F01846002107931BF06AFC42460021504648
S3150001E9001BF065FC079B002E00F0ED834FEAE479CE
S3150001E910012C79F10002C0F28E84A5F104080025CC
S3150001E920CDF81CA0AC46AE469A4658F8043F002BDB
S3150001E930C0F282819E4240F39580002D40F34981C9
S3150001E940002216A903E00132AA4200F0428151F8E1
S3150001E950040B8342F7D11CF1010C4EF1000EA445C4
S3150001E9607EEB0903E1DB5346DDF81CA00021B20072
S3150001E9701CA807931BF02BFC079B089A02F1040EB7
S3150001E980002E40F0E383099AB2F90010DAF800206C
S3150001E9900A44CAF80020002D40F3E584169A0021A6
S3150001E9A05EF8220016AC012208E054F8040F5EF866
S3150001E9B02000A2FB00C6002E40F0868201318D4266
S3150001E9C000FB02F2F1D1002A3FF48CAE002F3FF496
S3150001E9D089AEAAF10401981E01EB870751F8043F9D
S3150001E9E093FBF2F3B94220F8023FF7D17AE63A46B1
S3150001E9F0002148461BF0EBFB4246002150461BF026
S3150001EA00E6FB002E40F389830023089A03E00133D5
S3150001EA109E4200F0158152F8041F0029F7D161E6E4
S3150001EA20002148461BF0D3FB4246002150461BF00D
S3150001EA30CEFB002E40F362830023089A03E00133E4
S3150001EA409E4200F0A38152F8041F0029F7D149E63E
S3150001EA5022AB03EB850343F8300C0135CEE4C01934
S3150001EA607FF5BEAC1BF006FAA523BF49DBF81440BF
S3150001EA7058460091BD4ABE49A04783E5C823BD4912
S3150001EA80F4E7ED23BC49F1E7002F40F3338301227C
S3150001EA90089B03EB870753F8041FBB4201FB02F2F5
S3150001EAA0F9D19200504607991BF002FC1AE631464D
S3150001EAB016A81CAC2F68D5F80480F5F7C5FD4946A4
S3150001EAC020463668D5F810B0F5F7BEFDB9F1000F4E
S3150001EAD0C8D0AB6942460493D9F800303946CDE92E
S3150001EAE002435046CDF804B016AB0096FFF744F941
S3150001EAF0F8E51CAB1A4608980D9600EB870304331C
S3150001EB000B9313464FF0000C1E46791E02EB810251
S3150001EB100C9100EB870E0A92002F40F3CC8132460E
S3150001EB200020B146089B53F8041F52F8044B734565
S3150001EB3001FB0040F7D10024494622460990002DE9
S3150001EB4037DD0023914616A802E00133AB422FD0F0
S3150001EB5050F8042B4A45F8D14A460132BA4201F12E
S3150001EB600401ECD1DDE90B910998079B0AEB8404BA
S3150001EB7003EB800090ED007AD4ED007A77EE877A88
S3150001EB800A9AC4ED007A04E00139481CC2F804C0AF
S3150001EB9015D01046036859F8044D0133A342A2F17A
S3150001EBA004023FF75FAFEFD00360B5E701235CE4F2
S3150001EBB04A4658F822000B6800FB0434CDE70D9E47
S3150001EBC038E4BDF95010A1F10201B1FA81F1490908
S3150001EBD0E4E422AA02EB850242F8303C0135BAE6AA
S3150001EBE022AB03EB850343F8300C0135EFE5002E2C
S3150001EBF040F38F820122089B03EB860653F8041F1C
S3150001EC009E4201FB02F2F9D15200484609991BF0D6
S3150001EC104FFB67E5002E40F37E820122089B03EB42
S3150001EC20860653F8041FB34201FB02F2F9D1ECE761
S3150001EC30C0197FF5BEAD15E79B197FF57EAE11E7CD
S3150001EC40E317012C73F10003C0F25682AC4600258E
S3150001EC500CEB84045CF8040B0028C0F28180864228
S3150001EC607FF700AF002D74DD002316AA02E0013301
S3150001EC70AB426ED052F8041B8842F8D1A445E9D1C3
S3150001EC800021B2001CA81BF0A2FA089B03F1040E96
S3150001EC90002E40F0B981099B93F90020DAF8003083
S3150001ECA01344CAF80030002D40F3C382169B00229C
S3150001ECB05EF8231016A8012308E050F8041F5EF839
S3150001ECC02110A3FB0164002C7FF4D8AE01329542DA
S3150001ECD001FB03F3F1D1002B3FF404AD0A9A88EE50
S3150001ECE0286A524206EE902AF8EEE66A66EE866ACF
S3150001ECF0002F3FF4F7AC07EE903A9DED0B7AF8EE54
S3150001ED00677AF8EEC74A9FED1D5ADFED1D5AAAF143
S3150001ED10040209F1FF3102EB870792ED017AB8EEA1
S3150001ED20C77A87EE274AB0EE667AA6EE047AB8FE6F
S3150001ED30477A37EE247A87FE457A87FE257ABDEE35
S3150001ED40C77A17EE103A0432BA4201F8013FE4D10C
S3150001ED50C8E422AB03EB850343F8300C01358DE79C
S3150001ED6080197FF57FAF7DE6C0D8030060D403002C
S3150001ED7064A5030038DB030000DE03000000FE4249
S3150001ED80000000C300FEFF46000000C7E317012C88
S3150001ED9073F10003C0F2AC8128460025844600EBDE
S3150001EDA084045CF8040B0028C0F2818086427FF758
S3150001EDB059AE002D74DD002316AA02E00133AB42E1
S3150001EDC06ED052F8041B8842F8D1A445E9D100213E
S3150001EDD0B2001CA81BF0FBF9089B03F1040E002EE0
S3150001EDE040F09C80099BB3F90020DAF80030134407
S3150001EDF0CAF80030002D40F32E82169B00225EF8E1
S3150001EE00231016A8012308E050F8041F5EF821100C
S3150001EE10A3FB0164002C7FF434AE0132AA4201FB4C
S3150001EE2003F3F1D1002B3FF45DAC0A9A88EE286A10
S3150001EE30524206EE902AF8EEE66A66EE866A002FE0
S3150001EE403FF450ACDDED0B7AF8EEE74A07EE903A67
S3150001EE501FED345AF8EE677A5FED355AAAF10403CD
S3150001EE60A9F1020203EB870793ED017AB8EEC77A9F
S3150001EE7087EE274AB0EE667AA6EE047AB8FE477A9E
S3150001EE8037EE247A87FE457A87FE257ABDEEC77A64
S3150001EE9017EE101A04339F4222F8021FE4D121E42F
S3150001EEA022AB03EB850343F8300C01358DE780195E
S3150001EEB07FF57FAFD6E50D9EFFF7B3BA3D46FFF767
S3150001EEC0AABABD23B849D1E5E123B849CEE5002E5A
S3150001EED040F347820122089901EB860651F8040F97
S3150001EEE0B14200FB02F2F9D11846099952001BF012
S3150001EEF0DFF9FFF7F7BB002F40F331820122099BAF
S3150001EF0003EB870753F8041FBB4201FB02F2F9D159
S3150001EF100A9908981BF0CCF9FFF7E4BB1CAB1A461B
S3150001EF200898CDE9109700EB860304330D93134639
S3150001EF304FF0000C9946711E02EB81020F9100EB16
S3150001EF4086000E92002E55DD4A460024C846089BCF
S3150001EF5053F8041F52F8047B834201FB0474F7D172
S3150001EF60002741463A46CDF830A00790002D38DDFE
S3150001EF700023924607980DF1580802E00133AB428F
S3150001EF802DD058F8042B9245F8D1524607900132FC
S3150001EF90964201F10401E9D1DDF830A0099B0798F9
S3150001EFA033F914805AF827300F9943444AF8273029
S3150001EFB08046DDE90D4204E001394B1CC2F804C06C
S3150001EFC015D017463B6854F8040D01338342A2F16C
S3150001EFD004023FF747ADEFD040463B60B2E75246E9
S3150001EFE007900B685EF8220000FB0737CFE7DDE9E3
S3150001EFF01097FFE6DDE91097F4E6002F4FF00005C4
S3150001F0003FF704AAFFF707BA1CAB1A460898CDE9E1
S3150001F010109700EB860304330E9313464FF0000C52
S3150001F0209946711E02EB81020F9100EB86000D924B
S3150001F030002E55DD4A460024C846089B53F8041F96
S3150001F04052F8047B834201FB0474F7D10027414641
S3150001F0503A46CDF830A00790002D38DD00239246C0
S3150001F06007980DF1580802E001339D422DD058F85A
S3150001F070042B5245F8D1524607900132964201F1CE
S3150001F0800401E9D1DDF830A0099B079813F9048042
S3150001F0905AF827300D9A43444AF827308046DDE96D
S3150001F0A00E4104E001394F1CC2F804C015D01746C1
S3150001F0B03B6854F8040D01338342A2F104023FF781
S3150001F0C0D1ACEFD040463B60B2E7524607900B68A1
S3150001F0D05EF8220000FB0737CFE7DDE91097E2E58E
S3150001F0E0DDE91097D7E5354647E43D46FFF77CBB9A
S3150001F0F000256CE60422D5E40025C1E500F0A980CF
S3150001F100E317012C73F10003B8BF0025BFF644AE27
S3150001F11062E6022279E5012277E500F01B81E31719
S3150001F120012C73F10003B8BF0025BFF68FADACE526
S3150001F1300A46A3F1020CAAF10400013297422CF807
S3150001F140021F40F8041FF8D8FFF7DDBB10464FF049
S3150001F150000CB94602EB86021CA9741E04320C92FD
S3150001F16001EB84020B910E9400EB86000D920F9336
S3150001F170002E5ADD0B9A00249046089B53F8041F73
S3150001F18052F8047B984201FB0474F7D100274146EB
S3150001F1903A46CDF828A00790002D3CDD0023924683
S3150001F1A007980DF1580806E00CDA0300D0DC0300DD
S3150001F1B001339D422DD058F8042B9245F8D1524681
S3150001F1C007900132964201F10401E5D1DDF828A04C
S3150001F1D0099B079833F914805AF827300E9943444E
S3150001F1E04AF827308046DDE90C4204E00139481C23
S3150001F1F0C2F804C015D017463B6854F8040D013314
S3150001F2008342A2F104023FF72DACEFD040463B60AA
S3150001F210AEE7524607900B685EF8220000FB0737FF
S3150001F220CFE74F460F9BFFF7B6BB4F460F9BFFF746
S3150001F230AABB012352E5002E4FF000053FF796AB1E
S3150001F240FFF79BBB002F4FF000053FF7C8AAFFF75A
S3150001F250CBBA3546C0E50123E7E518464FF0000C69
S3150001F260B14603EB87031CAA791E04330E9302EB06
S3150001F27081030B920F9100EB87000D93002F55DD53
S3150001F2800B9A00249046099B53F8041F52F8046B0D
S3150001F290834201FB0464F7D1002641463246CDF88C
S3150001F2A030A00790002D38DD0023924607980DF116
S3150001F2B0580802E001339D422DD058F8042B5245DF
S3150001F2C0F8D1524607900132974201F10401E9D182
S3150001F2D0DDF830A00A9B079813F904805AF8263006
S3150001F2E00D9A43444AF826308046DDE90E4104E092
S3150001F2F001394B1CC2F804C015D01646336854F8C0
S3150001F300040D01338342A2F104023FF7ABABEFD008
S3150001F31040463360B2E7524607900B685EF822001A
S3150001F32000FB0636CFE74E46FFF76CBA4E46FFF7AF
S3150001F33061BAAAF104008446089A511E0A46089841
S3150001F3400232121A964201F8013F4CF8043FF5D8F1
S3150001F350FFF718BA354698E40123FFF76EBA012282
S3150001F360D6E50122C0E50122FFF730BB70B50022C8
S3150001F37082B004460E46F5F733F9314605460022BA
S3150001F3802046F5F747F901A90646287A10F054F800
S3150001F390044610B1204602B070BD686813F036F815
S3150001F3A0019B03FB00F20192296830688142F1D08A
S3150001F3B01AF07EFF204602B070BD00BF2DE9F04372
S3150001F3C0C6680446336885B0002230469B69884684
S3150001F3D09847002879D033680546002241463046D1
S3150001F3E0DB6998470746002800F09980A868D0F89D
S3150001F3F000C0BCF1000F40F395800122002150F8B6
S3150001F400043F01316145A2FB0323F8D11146D7F828
S3150001F4100890D8F80030D9F8000013B11B68012B09
S3150001F42048D000284EDDCC4600234FF0FF384FF080
S3150001F430010E04E00133984202FB0EFE0BD05CF88C
S3150001F440042FB2F1FF3FF5D1B8F1FF3F5AD19846EB
S3150001F45001339842F3D1B8F1FF3F07D091FBFEF398
S3150001F46003FB0EFE09EB8809C9F8043028783B78BE
S3150001F470834233D18E450FD0CDE9021E2A4A2B4E47
S3150001F48065694C2301922046294A2A490096A847D4
S3150001F490012005B0BDE8F0833368294630465B6A32
S3150001F4A098473368304639465B6A9847002005B06D
S3150001F4B0BDE8F0830128B4D1D9F80430002BB2D1CC
S3150001F4C0C9F800304FF0010ED0E728231A496569C3
S3150001F4D020460091164A1949A847D9E7666915F0E9
S3150001F4E03BF80546387815F037F803461449154AAE
S3150001F4F0CDE902530092019120464B230C4A124951
S3150001F500B047C5E7CDE90282104E1149656940232E
S3150001F51000912046064A07490196A847B8E72B23DA
S3150001F5200C49D4E7012172E750E0030064E00300CF
S3150001F53010E0030058A603007CA5030064A50300A0
S3150001F540E0A603001CA70300A8A6030040E00300F1
S3150001F55044E00300E8A9030070B50B68044684B0D3
S3150001F5601BB11B68013B012B0AD91B496569542351
S3150001F57000912046194A1A49A847012004B070BDD6
S3150001F5804B680D4613B11B68012B0DD00126154A98
S3150001F5906569CDE90123144A2046009255230F4A95
S3150001F5A012490396A847E8E7FFF708FF0028E5D0C8
S3150001F5B0294620466569FFF701FF002203460C49EB
S3150001F5C00C48CDE902320090019120465623034AA8
S3150001F5D00649A847D1E700BF78E0030010E0030021
S3150001F5E064A50300B0C0030074A6030058A6030077
S3150001F5F0A8E00300B4E0030010B504460021034B64
S3150001F600034AF4F7C5FF204610BD00BF6DF30100A4
S3150001F61059F501002DE9F04F0E680446C76885B01B
S3150001F62016B13668022E10D00227474B474A656944
S3150001F6302046CDE9013600922323454A45490397E1
S3150001F640A847012005B0BDE8F08F4A680D46002A9B
S3150001F65034D0D2F80080B8F1010F0DD045693E4B88
S3150001F6600126CDE90138204624233C4A0092394936
S3150001F670374A0396A847E4E73B6800229B69384668
S3150001F68098473B688146424629469B6938469847D2
S3150001F6903B680022DB698246294638469847D9F8F5
S3150001F6A0083083461B68042B0BD02D490426CDE96F
S3150001F6B0011320462D232B4A6569D7E790464569F4
S3150001F6C0CDE7DAF808301B68012B10D19AF8003023
S3150001F6D0022B12D0CDE902363023234A234965692C
S3150001F6E02046019200911A4A1A49A847A9E7CDE98D
S3150001F6F00238194A2E231E49F1E799F800300370A2
S3150001F7009AF81430012B04D02046636919499847A9
S3150001F71097E76B695A780AB11B7883B93B68494602
S3150001F72038465B6A98473B68514638465B6A984754
S3150001F7303B68384659465B6A9847002082E720466F
S3150001F74063690D4998477CE7500C0400F0A8030053
S3150001F750D4E0030058A60300B0C0030074A603005A
S3150001F76090CB030030C4030010B6030020E1030070
S3150001F7700CE103002CE103008CE1030010B5044603
S3150001F7800021034B034AF4F703FF204610BD00BFD7
S3150001F790D501020015F601002DE9F04F1F46437809
S3150001F7A0ABB00B900E92DDE934481BB10378002B08
S3150001F7B040F087810A68042A00F383813E68042E9B
S3150001F7C000F37F81D8F80050042D00F37A810423D9
S3150001F7D0981A18930DD000234FF0010E0DF1600C0D
S3150001F7E002E0042B00F06D81013398424CF804EFDE
S3150001F7F0F7D119AB03EB8000920004311AF058FDE2
S3150001F8000423981B1E930BD0002301211EAA02E09C
S3150001F810042B00F056810133984242F8041FF7D1B8
S3150001F8201FAB03EB8000B200391D1AF041FD042322
S3150001F830581B24930BD00023012124AA02E0042B98
S3150001F84000F03F810133984242F8041FF7D125ABFE
S3150001F85003EB8000AA0008F104011AF029FD189BA8
S3150001F860002B0D9340F32D81249A1998002A0492B6
S3150001F87040F32781259B834240F023810D9B012B79
S3150001F88000F01F81022BDDF868B000F01A81032B0E
S3150001F8901B9E00F01681032ADDF8709040F311815A
S3150001F8A0289B4B450A9340F00C811E9B042B40F08C
S3150001F8B008811F9B012B40F00481209B012B40F006
S3150001F8C00081219B012B40F0FC80229B022B40F002
S3150001F8D0F8802368626807EE903AF8EEE76A07EE69
S3150001F8E0902AB8EEE76A07EE90BAB8EEE77AC7EE65
S3150001F8F0267A07EE106AF8EEC76A194611930B9B32
S3150001F90086EE867A1B780892EBB101290CDD0BF1A4
S3150001F910FF324B1E06EE102A06EE903AB8EEC66A84
S3150001F920F8EEE66AC6EE267A089B012B0BDD721EFF
S3150001F930013B06EE102A06EE903AB8EEC66AF8EEDC
S3150001F940E66A86EE267A002840F37B81DDE926A762
S3150001F95000210A9A0BF1FF3E02FB07F807FB0AF3A7
S3150001F960CDF84880CDF84CE0D046BE46DA46F7EEF3
S3150001F970003AB3469FEDB62A0C4606460F4602FBF1
S3150001F98003FC119B002B40F356810023159601932E
S3150001F990B6EE001A5B46FEEE001A0D465246CB46FF
S3150001F9A02646CDE9161C1497DDED016A0B99F8EE92
S3150001F9B0E66A4978002900F0478176EE816AF0EE21
S3150001F9C0612AE6EEA72AFAFE626AFDEEE66ABBFE48
S3150001F9D0626A16EE904ABDEEC66A13988DED036A09
S3150001F9E08442A8BF044616EE100A20EAE07004EE2F
S3150001F9F0100A0898002840F30C814FF0000A14EE13
S3150001FA00100A06EE90AA304403FB00F00690A019F6
S3150001FA1003FB00F00C90581EF8EEE66ACDE90F568E
S3150001FA2005950990002900F0C48076EE816AB0EE52
S3150001FA30613AA7EE263AFBFE436ABAFE436AFDEE39
S3150001FA40E66ACDED026AFDEEC66A16EE901A0998CF
S3150001FA508142A8BF01460298BBF1000F20EAE0707F
S3150001FA6004EE900A40F393800D98042829D1069E4E
S3150001FA700E9D77180BFB07F705EB8706079614EE25
S3150001FA80906A0C982F4601EB000C06440BFB0CFC0C
S3150001FA900BFB06F605EB8C0C05EB860614EE905A6D
S3150001FAA0069845190BFB05F5369807EB8505059F65
S3150001FAB0009500EB87090020079F22B9039D002DC1
S3150001FAC005DD1AF0D7F914EE105AAA42F9DD002B1A
S3150001FAD040F09080029D002DF3DCF8EEC46A72EED0
S3150001FAE0E60AF8EEE46A009D73EE666AF5EC015AE1
S3150001FAF033EEE06A33EEE65A65EE865A009525EE58
S3150001FB00850A002A7CD1002CDBD1002B6DD1029D08
S3150001FB10002DD6DCF6EC015A60EEA55AA5EE250AB3
S3150001FB20B0EE405A002A53D1039D002DC9DC002BAB
S3150001FB3055D10029C5D1F7EC015A26EE256AF0EE1A
S3150001FB40455AE6EE865A002A3FD1002CB9D1002B40
S3150001FB5038D10029B5D1BCEC016A20EE866AE6EE01
S3150001FB60865A049D75EE826A042DAAD1019DB8F1CB
S3150001FB70000F24D1002DA4D1BEF1000F1CD1BAF182
S3150001FB80000F9ED101305845E9EC016A95D10599DE
S3150001FB900A980AF1010A014405910899514536D09E
S3150001FBA006EE90AA0B99F8EEE66A497800297FF4E9
S3150001FBB03CAF26EE873A3EE7D645E3DC81E7A8452A
S3150001FBC0DADC7EE78B42C6DC7BE7A242BFDC78E764
S3150001FBD014EE105AAA427FF774AF002BA9D0002960
S3150001FBE0FFF66FAF8B42A6DC6BE714EE905AAB4281
S3150001FBF090DC66E714EE905AAB423FF76EAF60E7D2
S3150001FC00002CFFF65EAFA2423FF77FAF59E7DDE971
S3150001FC100F561298019905441198013181420191BB
S3150001FC207FF4C2AED94692469B46149FDDF85CC06E
S3150001FC303446DDE915610137B742544461447FF426
S3150001FC40A0AE2BB0BDE8F08F66EEA72ABBE600BFDB
S3150001FC50000000002DE9F04F1F464378C1B01C900B
S3150001FC602992DDE94A481BB10378002B40F09181C6
S3150001FC700A68042A00F38D813E68042E00F3898107
S3150001FC80D8F80050042D00F384810423981A2E938A
S3150001FC900DD000234FF0010E0DF1B80C02E0042B3C
S3150001FCA000F07781013398424CF804EFF7D12FAB7E
S3150001FCB003EB8000920004311AF0FAFA0423981B30
S3150001FCC034930BD00023012134AA02E0042B00F067
S3150001FCD060810133984242F8041FF7D135AB03EB3B
S3150001FCE08000B200391D1AF0E3FA0423581B3A9337
S3150001FCF00BD0002301213AAA02E0042B00F049812E
S3150001FD000133984242F8041FF7D13BAB03EB800065
S3150001FD10AA0008F104011AF0CBFA2E9B002B1E93C0
S3150001FD2040F337813A9ADDF8BC80002A129240F3FB
S3150001FD3030813B9B434540F02C811E9B012B00F0FB
S3150001FD402881022B309F00F02481032B319E00F085
S3150001FD502081329B032A279340F31B813E9A9A42C4
S3150001FD601B9240F01681349B042B40F01281359B87
S3150001FD70012B40F00E81369B012B40F00A81379B07
S3150001FD80012B40F00681389B022B40F00281D4E919
S3150001FD9000B20BEBDB735B1003EB872393FBFBF9E1
S3150001FDA002EBD2735B1003EB862393FBF2F31A93F8
S3150001FDB01C9B18921978BA02B302A9B1BBF1010FC3
S3150001FDC007DD0BF1FF31A2F5806202EB610292FBC6
S3150001FDD0F1F9189A012A07DD013AA3F5806303EBCD
S3150001FDE0620393FBF2F31A93B8F1000F40F3E28139
S3150001FDF04FF0000E3D9A3C9909EBD9735B1028939D
S3150001FE0002FB01F31B980E9200FB03FC1A9B0D915A
S3150001FE1003EBD3735B101F9300FB02F3724640465C
S3150001FE20BE46374616464C992493BBF1000F40F364
S3150001FE30BB8100231093289B2696A3F500752E46B9
S3150001FE40CDF888900D46F1460EF1FF3ACDE92B012A
S3150001FE50CDF894A0DDF8A4A02A92CDF8B4C0CDF8CF
S3150001FE608CB01C9B5B78002B40F0A781289AC2F5C9
S3150001FE700070B64A30449042C0F2A48100F2FF31CC
S3150001FE8000280446B8BF0C46A21201920029259A01
S3150001FE90B8BF00F2FE7189128A42A8BF0A4690468F
S3150001FEA0189A002A40F36C810022269C0F92019A2F
S3150001FEB0AC46111907FB01F11D9108EB040107FB83
S3150001FEC001F11391C0EB8221A0EB8222089201F588
S3150001FED0806209927A1E19921F9A2195A2F50074E1
S3150001FEE04D465146279A2096002B40F006811F9BCE
S3150001FEF0C3F50070954B20449842C0F2038100F28D
S3150001FF00FF3E00288246B8BFF2464FEAAA2ABEF152
S3150001FF10000F199BB8BF00F2FE7E4FEAAE2E9E453A
S3150001FF20A8BF9E46002A40F3D9801E9B042B30D1E0
S3150001FF30139B1D9E734402FB031303F1FF3B139BAB
S3150001FF4006EB0E09534402FB0313013B039306EB35
S3150001FF500A0302FB031302FB09F9013BC0EB8A26E4
S3150001FF6004938B184B4406F58066A0EB8A20119307
S3150001FF70F3170693CDE91424C317CDE916C10793E8
S3150001FF800CF1FF33CDF808B089440593019B15B9EF
S3150001FF901BB119F06FFF9D42FBDD002F40F0E080A1
S3150001FFA0BAF1000FF5D1049B069913F9012F0493B9
S3150001FFB0099B82FB033203FB01F106FB0211A3FB42
S3150001FFC006230A920B44002D40F0CE80B8F1000FB3
S3150001FFD0DFD1002F40F0C080BAF1000FD9D10399CB
S3150001FFE0069C11F9012F0391089982FB011201FB6D
S3150001FFF004F406FB0244A1FB06210B922144019A5B
S31500020000002D40F09480002AC3D1002F40F0958045
S31500020010BEF1000FBDD119F901CB099C079A8CFBE1
S31500020020044C04FB02FB00FB0CBCA4FB002B0C9251
S31500020030E344002D78D1B8F1000FAAD1002F70D178
S31500020040BEF1000FA5D1DDE90A24121943EB010323
S315000200500C99079C521802994BEB030311F901CF35
S31500020060029108998CFB011C01FB04F400FB0C4471
S31500020070A1FB001C8918A4444CEB030C01297CF15A
S315000200800003A7BF4FF4002300224FF0FF32304B8C
S315000200905B1842EB0C02002A01DA2E4A9B18129ACE
S315000200A043F30753042A7FF474AF0D9A002A33D11F
S315000200B0109A002A7FF46DAF0E9A42BB0F9A002A5D
S315000200C07FF467AF059A02F8013F119B05929945A5
S315000200D07FF45CAFDDE91424DDE916C11B980F9BA2
S315000200E084441A980133044418980F93984243D0D3
S315000200F01C9B5B78002B3FF4FAAE2046134B9842CA
S31500020100BFF6FDAE4FF0000A00F2FF3EFFE6DDE964
S315000201100E218A42D6DC3CE70D9A10998A42CBDC44
S3150002012037E777458FDC34E7454587DC31E795428B
S315000201307FF72FAF002F3FF46BAFBEF1000FFFF634
S3150002014028AF77453FF767AF23E700BF01FCFFFF04
S315000201500000F8FFFFFF0F0057453FF740AF18E7D3
S3150002016057453FF720AF14E7B8F1000FFFF611AF7E
S3150002017045453FF72EAF0CE78A46A946DDE92065DD
S31500020180249A109B1544229A01331644239A1093FB
S3150002019093427FF466AEDDE92B012A9ADDF8B4C0FC
S315000201A0269ECE46DDE9229B013282427644614496
S315000201B07FF43BAE41B0BDE8F08F3046044A904230
S315000201C0BFF65CAE002200F2FF3101925EE600BF8E
S315000201D001FCFFFF2DE9F0410022A4B00D460446C2
S315000201E0D1F81480F4F7FCF9294601220746204685
S315000201F0F4F7F6F90022294606462046F4F70AFAEB
S31500020200027A0546012A2ED0092A07D020466369BA
S3150002021026499847012024B0BDE8F081B8F800309D
S31500020220394612A8ADF81430F4F70EFA002F3AD078
S31500020230314618A83F68F4F707FA002E33D01EACF1
S31500020240294620463668F4F7FFF92B683A46CDE987
S31500020250014312A918AB009605A8FFF7FBFC002084
S3150002026024B0BDE8F081B8F80030394606A8ADF8EA
S315000202701030F4F7E9F9B7B131460CA83F68F4F744
S31500020280E3F986B11EAC294620463668F4F7DCF956
S315000202902B683A46CDE9014306A90CAB009604A8A1
S315000202A0FFF77AFADBE719F0E5FD00BFC8E10300C4
S315000202B02DE9F0470E680446C76884B016B1366861
S315000202C0022E10D00227494B494A65692046CDE9DC
S315000202D0013600922623474A47490397A847012039
S315000202E004B0BDE8F0874A680D46002A34D0D2F839
S315000202F00080B8F1010F0DD04569404B0126CDE9CA
S315000203000138204627233E4A00923B49394A039642
S31500020310A847E4E73B6800229B69384698473B6852
S315000203202946814642469B69384698473B68294694
S31500020330DB690022054638469847D9F808308246D6
S315000203401B68042B0BD02F490426CDE90113204646
S3150002035032232D4A6569D7E790464569CDE7AA68F3
S315000203601368012B0FD12B78022B12D0CDE902365E
S315000203703423264A264965692046019200911D4A80
S315000203801D49A847ABE7CDE902381C4A3323214968
S31500020390F1E75268022A0CD0CDE90223134E1E4918
S315000203A06569352300912046124A13490196A847EA
S315000203B095E799F8003003702B7D012B04D0204677
S315000203C06369164998478AE73B68494638465B6A35
S315000203D098473B68294638465B6A98473B683846E1
S315000203E051465B6A984700207AE700BF500C04002A
S315000203F0F0A80300F4E1030058A60300B0C003000E
S3150002040074A6030090CB030030C4030010B60300A9
S3150002041020E103000CE1030034E2030048E203009A
S3150002042010B504460021034B034AF4F7B1F82046FF
S3150002043010BD00BF190D0200B10202002DE9F04FF6
S315000204402DED068B8E46096897B00429DDE926470D
S3150002045000F36A81D7F80080B8F1040F00F36481D3
S315000204601D4604230646581A91460A930CD00023C9
S3150002047001220DF1280C02E0042B00F05581013314
S3150002048098424CF8042FF7D10BAB8A0003EB80009D
S315000204900EF1040119F00CFF0423B3EB08001093CC
S315000204A00BD00023012110AA02E0042B00F03C81AC
S315000204B00133984242F8041FF7D111AB03EB8000D7
S315000204C04FEA8802391D19F0F3FE0A9B002B40F30E
S315000204D02B811099DDF82C80002940F32581119A91
S315000204E0424540F02181012B00F01E81022B9DED39
S315000204F00CAA00F01981032B9DED0D9A00F01481D0
S315000205000329DDF838A040F30F81149B534540F0D0
S315000205100B812968002940F30781012305EB81013C
S3150002052055F8042F8D4202FB03F3F9D1022B40F05A
S31500020530FB8019EE103A22680AFB03F301921AEEC7
S31500020540102AB8F1000F0493656802FB03F340F327
S31500020550C8809B004FEA8A07079307FB05F30593BA
S315000205604B46DFED728AB14600241E46CDE9088A63
S31500020570DDF8A0E0019B002B40F3AC801AEE103AA6
S31500020580B6EE008A4FF0000C013BDDF824A003937F
S31500020590069499F8001099F80120002900F0A68027
S315000205A0019B012B00F0BA80013B07EE903A9DEDCC
S315000205B0037AF8EEE77AB8EEC77AC7EE276A002A18
S315000205C008FE886A07EE90CAF8EEE77A77EE867A30
S315000205D067EEA67AF8FE677AFDEEE77A17EE900ADC
S315000205E0039B9842A8BF18460AB120EAE070049B12
S315000205F0002D00FB03FB66DD19EE100A6B1E09EEE9
S31500020600903A00F1FF38734600241046CDF808C030
S31500020610CDF8A0E099B3012D49D007EE108AF8EE85
S31500020620E97AB8EEC77AC7EE276A002808FE886A12
S3150002063007EE904AF8EEE77A77EE867A67EEA67AC2
S31500020640F8FE677AFDEEE77A17EE901A4145A8BFE3
S31500020650414608B121EAE1710AFB01B118463A4660
S3150002066006EB810119F024FE03460134A5423B4400
S3150002067023D099F8001099F801000029CBD107EE92
S31500020680905AB8EEC97AF8EEE77AC7EE276A07EE0D
S31500020690904AF8EEE77A002808FE886A77EE867AAC
S315000206A067EEA67AFBFE677AFDEEE77ACCE70028CC
S315000206B0F8EEC96A08FE886ABAE7DDF8A0E0059B8B
S315000206C0DDF808C09E44019B0CF1010C63457FF4E2
S315000206D060AF069C079B01341E44089B9C427FF434
S315000206E049AF17B0BDEC068BBDE8F08FDDED017AA0
S315000206F0B8EECA7AF8EEE77AC7EE276A07EE90CA2C
S31500020700F8EEE77A002A08FE886A77EE867A67EEBE
S31500020710A67AFBFE677AFDEEE77A5FE7002AF8EE35
S31500020720CA6A08FE886A4DE719F0A4FB00000000B9
S315000207302DE9F04F2DED068B8E46096895B00429FA
S31500020740DDF898B0DDE9244700F36881D7F8009018
S31500020750B9F1040F00F362811D4604230646581AB6
S31500020760904608930CD0002301220DF1200C02E0E2
S31500020770042B00F05381013398424CF8042FF7D131
S3150002078009AB8A0003EB80000EF1040119F090FD1B
S315000207900423B3EB09000E930BD0002301210EAA0A
S315000207A002E0042B00F03A810133984242F8041F1A
S315000207B0F7D10FAB03EB80004FEA8902391D19F01E
S315000207C077FD089B002B40F329810E99099F00298A
S315000207D040F324810F9ABA4240F02081012B00F0A7
S315000207E01D81022B9DED0AAA00F01881032B9DEDB7
S315000207F00B9A00F013810329DDF830A040F30E8135
S31500020800129B534540F00A812868002840F306816E
S31500020810012305EB800055F8042FA84202FB03F3DF
S31500020820F9D1022B40F0FA8019EE103A22680AFB3F
S3150002083003F300921AEE102A039302FB03F3002F2E
S315000208406568069340F3C7805846DFED758AB3465E
S3150002085000244646A8460AFB05F307970493009B25
S31500020860002B40F3B1804FF0000C1AEE103AD94635
S31500020870B6EE008AD3466246C246013B029305940F
S3150002088099F8001099F80130002900F0A980009C1F
S31500020890012C00F0BD80013C07EE904A9DED027AE4
S315000208A0F8EEE77AB8EEC77AC7EE276A002B08FE9B
S315000208B0886A07EE902AF8EEE77A77EE867A67EE8E
S315000208C0A67AF8FE677AFDEEE77A17EE90EA029CC0
S315000208D0A645A8BFA6460BB12EEAEE7E039CBAF148
S315000208E0000F0EFB04F866DD054619EE107A269017
S315000208F018462B460AF1FF3409EE904A5D4600245B
S315000209009B46013F019299B3BAF1010F48D007EE17
S31500020910107AF8EEE97AB8EEC77AC7EE276A0028A7
S3150002092008FE886A07EE904AF8EEE77A77EE867A4C
S3150002093067EEA67AF8FE677AFDEEE77A17EE901A68
S31500020940B942A8BF394608B121EAE17105FB018126
S3150002095018462A46314419F0ABFC03460134A24537
S315000209602B4423D099F8001099F801000029CBD125
S3150002097007EE90AAB8EEC97AF8EEE77AC7EE276ACA
S3150002098007EE904AF8EEE77A002808FE886A77EEC4
S31500020990867A67EEA67AFBFE677AFDEEE77ACDE700
S315000209A00028F8EEC96A08FE886ABBE75846AB46D5
S315000209B0049B019A1844009B013293427FF460AF74
S315000209C0D046DA46CB46059C069B01341E44079B5D
S315000209D09C427FF444AF15B0BDEC068BBDE8F08FA8
S315000209E0DDED007AB8EECA7AF8EEE77AC7EE276A44
S315000209F007EE902AF8EEE77A002B08FE886A77EE71
S31500020A00867A67EEA67AFBFE677AFDEEE77A5CE700
S31500020A10002BF8EECA6A08FE886A4AE719F02AFA33
S31500020A20000000002DE9F04F2DED068B8E46096879
S31500020A3097B00429DDE9264700F36A81D7F80080DA
S31500020A40B8F1040F00F364811D4604230646581AC2
S31500020A5091460A930CD0002301220DF1280C02E0E4
S31500020A60042B00F05581013398424CF8042FF7D13C
S31500020A700BAB8A0003EB80000EF1040119F018FC9F
S31500020A800423B3EB080010930BD00023012110AA14
S31500020A9002E0042B00F03C810133984242F8041F25
S31500020AA0F7D111AB03EB80004FEA8802391D19F02A
S31500020AB0FFFB0A9B002B40F32B811099DDF82C805B
S31500020AC0002940F32581119A424540F02181012BEC
S31500020AD000F01E81022B9DED0CAA00F01981032B5A
S31500020AE09DED0D9A00F014810329DDF838A040F33C
S31500020AF00F81149B534540F00B812968002940F36E
S31500020B000781012305EB810155F8042F8D4202FB73
S31500020B1003F3F9D1022B40F0FB8019EE103A22685A
S31500020B200AFB03F301921AEE102AB8F1000F04939E
S31500020B30656802FB03F340F3C8805B004FEA4A078D
S31500020B40079307FB05F305934B46DFED728AB14621
S31500020B5000241E46CDE9088ADDF8A0E0019B002BA1
S31500020B6040F3AC801AEE103AB6EE008A4FF0000C53
S31500020B70013BDDF824A00393069499F8001099F836
S31500020B800120002900F0A680019B012B00F0BA800B
S31500020B90013B07EE903A9DED037AF8EEE77AB8EE5E
S31500020BA0C77AC7EE276A002A08FE886A07EE90CA45
S31500020BB0F8EEE77A77EE867A67EEA67AF8FE677A35
S31500020BC0FDEEE77A17EE900A039B9842A8BF1846F5
S31500020BD00AB120EAE070049B002D00FB03FB66DDF0
S31500020BE019EE100A6B1E09EE903A00F1FF387346B1
S31500020BF000241046CDF808C0CDF8A0E099B3012D27
S31500020C0049D007EE108AF8EEE97AB8EEC77AC7EE4F
S31500020C10276A002808FE886A07EE904AF8EEE77A05
S31500020C2077EE867A67EEA67AF8FE677AFDEEE77ABF
S31500020C3017EE901A4145A8BF414608B121EAE17173
S31500020C400AFB01B118463A4606EB410119F030FBA0
S31500020C5003460134A5423B4423D099F8001099F883
S31500020C6001000029CBD107EE905AB8EEC97AF8EE08
S31500020C70E77AC7EE276A07EE904AF8EEE77A002887
S31500020C8008FE886A77EE867A67EEA67AFBFE677AB0
S31500020C90FDEEE77ACCE70028F8EEC96A08FE886A14
S31500020CA0BAE7DDF8A0E0059BDDF808C09E44019B8B
S31500020CB00CF1010C63457FF460AF069C079B01347F
S31500020CC01E44089B9C427FF449AF17B0BDEC068BCD
S31500020CD0BDE8F08FDDED017AB8EECA7AF8EEE77A72
S31500020CE0C7EE276A07EE90CAF8EEE77A002A08FEF0
S31500020CF0886A77EE867A67EEA67AFBFE677AFDEE5B
S31500020D00E77A5FE7002AF8EECA6A08FE886A4DE7C4
S31500020D1019F0B0F8000000002DE9F0410022B0B051
S31500020D200C460746D1F81480F3F75AFC21460122F5
S31500020D3006463846F3F754FC002221460546384655
S31500020D40F3F768FC00230446007A98F8002001288D
S31500020D508DF814208DF815302FD009284AD007288F
S31500020D6020D131461EA8F3F76FFC002E5ED029462D
S31500020D7024A83768F3F768FC002D57D02E682AADF1
S31500020D8021462846F3F760FC23683A46CDE901532B
S31500020D901EA924AB009605A8FFF744FE002030B03A
S31500020DA0BDE8F08113F0D8FB227A0146204810F004
S31500020DB0A3F8012030B0BDE8F081314606A8F3F76A
S31500020DC043FC002E32D029460CA83768F3F73CFCC8
S31500020DD065B32E682AAD21462846F3F735FC23680B
S31500020DE03A46CDE9015306A90CAB009605A8FFF7D2
S31500020DF025FBD3E7314612A8F3F726FCB6B12946FE
S31500020E0018A83768F3F720FC85B12E682AAD21466B
S31500020E102846F3F719FC23683A46CDE9015312A98D
S31500020E2018AB009605A8FFF783FCB7E719F022F87E
S31500020E3074E203002DE9F041C6680446336884B0C3
S31500020E40002230469B690D46984700284CD03368ED
S31500020E500746002229463046DB6998478046002825
S31500020E604BD02B680BB31B68012B1ED16D68002D6E
S31500020E702CD02D68012D29D13878012854D198F823
S31500020E80000001283CD1D8F81830BA69934260D0E4
S31500020E90CDE902324A4E4B4965692C230091204620
S31500020EA0494A4A490196A8470CE00126484A65691B
S31500020EB0CDE90123474A204600922823424A434964
S31500020EC00396A847012004B0BDE8F0810127404BF4
S31500020ED0414A66692046CDE90135009229233A4AFC
S31500020EE03A490397B047EDE724233C496569204612
S31500020EF00091354A3A49A847E4E727233949F5E7F5
S31500020F00666913F029FB0546387813F025FB03467C
S31500020F103549364ACDE902530092019120462B23E8
S31500020F20294A3349B047CDE7666913F015FB0346F4
S31500020F3028461D4613F010FB03462E492A4ACDE9E0
S31500020F4002530092019120462A231F4A2849B0479C
S31500020F50B8E7D8F80810BA68D1F800C013689C45FB
S31500020F601BD1BCF1000FC8BF002302DC1BE09C456D
S31500020F7019D051F8040F52F8045F0133A842F6D093
S31500020F802F23CDE902051C4A1C49656920460192B8
S31500020F9000910D4A0D49A84794E7CDE902C3184AC4
S31500020FA02D231849F1E73368394630465B6A98477C
S31500020FB03368304641465B6A9847002083E700BFA4
S31500020FC00CAF03001CAF0300A0E2030058A6030007
S31500020FD0B0C00300F0A8030074A603007CA50300BA
S31500020FE064A50300E8A903001CA70300E0A603000A
S31500020FF0A8A6030094B9030054AF03006CAF030024
S315000210002CAF030040AF0300F0B500228DB00546B9
S315000210100E46F3F7E5FA3146044600222846F3F770
S31500021020F9FA214605466846F3F70EFB002C4ED028
S31500021030294606A82468F3F707FB002D47D0009F30
S31500021040069B28689F4242D1002F3EDD6A46EC4647
S31500021050002306A951F8046F5CF8045FAE4236D14C
S3150002106001339F42F6D101230DEB870552F8041F87
S31500021070AA4201FB03F3F9D1002B23DDA446014664
S315000210800022F6EE006AB7EE006AFCEC017ABBFEBD
S31500021090677A77EEC77AF4EEE67AF1EE10FA0CD4B6
S315000210A0F4EE667AF1EE10FA05D1FDEEC77A17EE86
S315000210B0900AC00701D537EE067A01329A42A1ECB0
S315000210C0017AE2DB00200DB0F0BD0123D6E718F06D
S315000210D0D1FE00BF10B504460021034B034AF3F7C5
S315000210E057FA204610BD00BF09100200350E020055
S315000210F030B50B6885B013B11B68012B0ED00F4AB1
S3150002110044690125CDE9012326230D4A00920D49A2
S315000211100D4A0395A047012005B030BD4B6813B1B7
S315000211201B68012B07D0054A44690125CDE9012335
S315000211302723064AEAE7002005B030BDB0C0030007
S31500021140F0A8030058A60300D0E2030074A6030029
S3150002115070B500220D460646F3F742FA29460446C2
S3150002116000223046F3F756FA0546007A022809D0DD
S31500021170746913F0F1F90D4902462B7A3046A047FD
S31500021180012070BD636829681A68002A0BDD0022F7
S31500021190043903EB82035B68013241F8043F63685A
S315000211A018688242F5DB002070BD00BF94AE0300D2
S315000211B010B504460021034B034AF3F7E9F920462A
S315000211C010BD00BF51110200F11002002DE9F041DD
S315000211D00B68C56884B013B11B68032B0FD03D4A58
S315000211E044690325CDE9012332233B4A00923B4958
S315000211F03B4A0395A047012004B0BDE8F0814E6842
S315000212000C46002E5BD03668012E58D12B68002280
S3150002121028469B6998470746002858D02B683246CD
S31500021220214628469B699847064600284FD02B68D8
S315000212300222214628469B6998478046002846D0C6
S315000212402B68214600222846DB6998470446002877
S315000212503DD03A7803789A4239D1337898F800200B
S315000212609A4234D1022B01D0042B30D1B3681A68CA
S31500021270012A2CD1D8F808201168012927D15268F1
S315000212805B689A4223D1BB681B68052B1FDC2B685F
S31500021290394628465B6A98472B68314628465B6A78
S315000212A098472B68414628465B6A98472B6828462A
S315000212B021465B6A9847002004B0BDE8F081094BDD
S315000212C044690125CDE90136074A33238EE718F032
S315000212D0D1FD00BFD0A90300F0A8030058A6030061
S315000212E000E30300B0C0030074A603002DE9F04F2B
S315000212F00022BBB00D460646F3F772F929460122D3
S3150002130004463046F3F76CF92946022280463046F7
S31500021310F3F766F92946002207463046F3F77AF9CB
S31500021320002301220521CDE93033CDE932332F9353
S3150002133098F808300546022BCDE93622CDE9382247
S3150002134035928DF8B8108DF8D01045D0042B36D1D1
S31500021350636818680028C0F1050321DDD8F800206B
S315000213603AA901EB830611689B0046F82C1C002F54
S3150002137000F02F81396801280F6846F8147C0FD0D7
S315000213802EAE04333344A2F1080606EBC00052F82F
S31500021390087F51F8086F43F8047F82429E61F6D1B6
S315000213A0207A431E082B45D8DFE813F059031702AB
S315000213B04400440044004400150144004C00207AD5
S315000213C0756913F0C9F8A4490246237A3046A8473C
S315000213D001203BB0BDE8F08F6368D3F80090B9F105
S315000213E0000FA1EB0906DBDDD8F800803AABD8F88E
S315000213F0002003EB860343F82C2CB600002F00F0E6
S31500021400E880396835AB4FEA89073A46981918F0E9
S315000214104FFFB9F1010FC3D04346311D2EAAA8F1E1
S3150002142004001144384453F8042F834241F8042F30
S31500021430F9D1B5E713F090F8227A014687480FF002
S315000214405BFDC5E721461CA8F3F7FEF8236829468B
S3150002145022A80B93F3F7F8F8002D00F0BA800523C3
S315000214601C9AD5F800809A42289300F3B280D2F1F2
S3150002147005000BD00023012428A902E0052B00F069
S31500021480A8800133984241F8044FF7D129AB920064
S3150002149003EB80001DA918F00BFF9DF9B870052F0C
S315000214A000F397809DF9D060052E00F392802EAB53
S315000214B003EB870503EB860205200021DDF8A0B0C9
S315000214C0103D08320DF15C0E0DF1480C0BE052F89E
S315000214D02140B4F1FF3F0FD0234401384EF8043BBC
S315000214E001F1010114D08742B4BF002355F821301F
S315000214F086424CF8043BEADA8B456ADD28AB03EBFD
S3150002150081035B6801384EF8043B01F10101EAD11F
S3150002151012981799814240F39E822A9C139B2B9E16
S3150002152004FB0032149D06FB04F706FB0252DDF8AB
S3150002153054C003942C9C049604FB02C204FB07F7D6
S31500021540019404FB06F42D9EDDF8689006FB02FE6C
S3150002155006FB04F2019C0C9206FB04F20892189A0E
S3150002156006FB07F70A92199A0D970792299ADDF850
S3150002157058A002920A461B9F0A99994240F3658235
S31500021580CDE90E2ECDF824E01C46E646079AAA427D
S3150002159040F34E822946CDE91035DDF824C0F145E7
S315000215A040F33D8265467346CDE905EC574540F367
S315000215B02F82BBF1050F0CD10B9A009502EB0A0C98
S315000215C05246AC44029D002D40F04783002800F0AD
S315000215D04B8318F04FFC21461CA8F3F735F8294631
S315000215E022A82468F3F730F8002DF2D005231C9ABE
S315000215F0D5F800809A422893EBDCD2F105000AD096
S315000216000023012528A901E0052BE2D001339842E7
S3150002161041F8045FF8D129AB920003EB80001DA9C3
S3150002162018F046FE9DF9B8C0BCF1050FD1DC9DF954
S31500021630D070052FCDDC2EAB03EB8C0503EB8703B5
S3150002164005200021DDF8A0B0103D08330DF15C093C
S315000216500DF1480E10E000BF30E303005CE3030027
S3150002166053F82160B6F1FF3F0FD03244013849F8F2
S31500021670042B01F1010114D08445B4BF002255F8B0
S31500021680212087424EF8042BEADA8B45A1DD28AAEF
S3150002169002EB81025268013849F8042B01F101017B
S315000216A0EAD1179B12980A93834240F3D4812A9D6A
S315000216B0139B2C9F05FB00322B99DDF850C0029537
S315000216C001FB02C201FB05F5039107FB01F12D9E09
S315000216D0DDF854E006FB01F10C9106FB07F1DDF89B
S315000216E058A007FB05F507FB02E2089104EB4A0145
S315000216F00B91189906FB05F50991199906FB02F259
S31500021700079129990D9501910497DDE91A9709998F
S315000217108B425BDA15461C46CDE90E32079B9C4589
S315000217204CDA2A466146CDE910C5F1453EDD15463D
S315000217307346CDE905E2574532DDBBF1050F7FF46D
S3150002174048AF0B9A009502EB450C5246019D002DBF
S3150002175040F0F98200287FF43CAF029D002D40F054
S31500021760EA82002C7FF435AF039D002D40F0DB8228
S3150002177000297FF42EAF049D002D40F0C382002B7A
S315000217807FF427AF002E40F0C782002A7FF421AFF4
S315000217903CF902EB0132974228F802EBD6D1009DC2
S315000217A0013399453544C6D1DDE905E2089B01318D
S315000217B01A44079B9942B8D1DDE910C50C9B013446
S315000217C01D44099B9C42A9D1DDE90E320D990130D7
S315000217D00A440A9981429AD13DE121461CA8F2F7B0
S315000217E033FF294622A82468F2F72EFF002D3FF484
S315000217F0F0AE05231C9A2E689A4228933FF7E9AE6B
S31500021800D2F105000BD00023012528A902E0052B01
S315000218103FF4DFAE0133984241F8045FF7D129ABBA
S31500021820920003EB80001DA918F042FD9DF9B8E075
S31500021830BEF1050F3FF7CDAE9DF9D0C0BCF1050F45
S315000218403FF7C7AE2EAB03EB8E0703EB8C020520E8
S315000218500021DDF8A0B0103F08320DF15C090DF150
S3150002186048080BE052F82150B5F1FF3F0FD02B4448
S31500021870013849F8043B01F1010115D08645B4BF90
S31500021880002357F82130844548F8043BEADA8B45B1
S315000218907FF79FAE28AB03EB81035B68013849F8FB
S315000218A0043B01F10101E9D1179B12980993984271
S315000218B080F2D180DDE91A9E2A99139B2B9D01FBAA
S315000218C0003205FB01F7DDF850C0029105FB02C2AA
S315000218D02C99DDF8548001FB07F701FB0282009187
S315000218E0039501FB05F12D9DDDF858A005FB07F7D1
S315000218F00C9705FB01F7009905FB02F205FB01F1C6
S31500021900079104EB8A010A9118990B970891199984
S31500021910069129990191089999425CDD17461C4660
S31500021920CDE90D32069B63454DDD3A466146CDE96A
S315000219300FC7C8453FDA17464346CDE90482F2454A
S3150002194033DABBF1050F7FF444AE0A9AA84602EBDE
S31500021950870C5246019D002D40F0228200287FF41A
S3150002196038AE029D002D40F00882002C7FF431AE85
S31500021970039D002D40F00C8200297FF42AAE009DC3
S31500021980002D40F0E881002B7FF423AEB8F1000F62
S3150002199040F0EC81002A7FF41CAE5CF8045B013255
S315000219A0724546F8045BD5D1454601334B452F4473
S315000219B0C5D1DDE90482079B01311A44069B8B429D
S315000219C0B7D1DDE90FC70B9B01341F44089BA34225
S315000219D0A8D1DDE90D320C9901300A4409998842F1
S315000219E099D138E0002BFFF6F4AD019D9D427FF7B9
S315000219F0F0AD002E40F04C81002A7FF4EAAD1CF9CE
S31500021A0001EB0132974208F801EB7FF4DBAD009D52
S31500021A100133994535447FF4C9ADDDE905EC089BF0
S31500021A2001319C44079B8B427FF4B9ADDDE9103549
S31500021A30099A0C9901340A4409920A9AA2427FF43D
S31500021A40A5ADF4460E9ADDF83CE00D9901308242CE
S31500021A508E447FF491AD00203BB0BDE8F08F214665
S31500021A601CA8F2F7F1FD294622A82468F2F7ECFD3C
S31500021A70002D3FF4AEAD05231C9AD5F800809A429C
S31500021A8028933FF7A6ADD2F105000BD0002301251E
S31500021A9028A902E0052B3FF49CAD0133984241F898
S31500021AA0045FF7D129AB920003EB80001DA918F061
S31500021AB0FFFB9DF9B890B9F1050F3FF78AAD9DF985
S31500021AC0D0E0BEF1050F3FF784AD2EAB03EB890CD8
S31500021AD003EB8E0205260025DDF8A0A0ACF1100C62
S31500021AE0083217A812A90BE052F82570B7F1FF3F8A
S31500021AF00FD03B44013E40F8043B05F1010515D0E9
S31500021B00B145B4BF00235CF82530B64541F8043B25
S31500021B10EADAAA457FF75DAD28AB03EB85035B687E
S31500021B20013E40F8043B05F10105E9D1179B1298E5
S31500021B30099383428FDDDDE91AE72A9D139B2B99D0
S31500021B4005FB0032DDF8B0B0149E029501FB02627D
S31500021B5001FB05F503910BFB01F10A962D9EDDF8BB
S31500021B6054C006FB01F10D9106FB0BF1DDF858900E
S31500021B700BFB05F50BFB02C2079104EB89010C91E5
S31500021B80189906FB05F50891199906FB02F20691CA
S31500021B9029990E95019108998B4257DA15461C46EA
S31500021BA0CDE90F320A99069B994247DA2A461195E0
S31500021BB0E6453CDD15466346CDE9042CB94530DAE7
S31500021BC0BAF1050F7FF405AD0C9ACDF82C9002EB15
S31500021BD0850C4A460095019D002D40F08B80002819
S31500021BE07FF4F7AC029D002D7CD1002C7FF4F1AC82
S31500021BF0039D002D6FD100297FF4EBACBBF1000FE2
S31500021C005BD1002B7FF4E5AC002E5ED1002A7FF477
S31500021C10E0ACFCEC017A0132BA42E8EC017ADAD1A4
S31500021C20009D01339E453544C8D1DDE9042C079B4E
S31500021C3001311A44069B9942BAD1119D0D9B01347A
S31500021C401D44089B9C42ADD1DDE90F320E9901304D
S31500021C500A44099981429ED1FDE60028FFF6B9ACF5
S31500021C60029D85427FF7B5AC039DFDB9002C7FF43A
S31500021C70B0AC049D9DB900297FF4ABAC019D002D4B
S31500021C807FF4B0AE002B7FF4A4AC002E3FF4B4AECA
S31500021C90002AFFF69EAC96423FF7B1AE99E40029C0
S31500021CA0FFF697AC049D8D42E8DC92E4002CFFF629
S31500021CB090AC039DA542DCDC8BE4002BFFF689ACDD
S31500021CC09B457FF786AC002EA0D0002AFFF681AC9A
S31500021CD096429EDC7DE40029FFF67BAC039D8D4295
S31500021CE08CDC76E4002CFFF674AC029DA5423FF72D
S31500021CF07FAF6EE40028FFF66CAC019D85423FF78C
S31500021D0071AF66E4002BFFF664AC049D9D427FF73B
S31500021D1060AC002E3FF439AD002AFFF65AAC96426B
S31500021D203FF736AD55E40029FFF653AC039D8D42CD
S31500021D303FF721AD4DE4002CFFF64BAC029DA542C8
S31500021D403FF712AD45E40028FFF643AC019D8542FC
S31500021D503FF703AD3DE4002BFFF63BAC009D9D42F1
S31500021D607FF737ACB8F1000F3FF414AE002AFFF646
S31500021D7030AC90453FF711AE2BE4002CFFF629ACB0
S31500021D80029DA5427FF725AC039D002D3FF4F4ADDD
S31500021D900029FFF61EAC039D8D423FF7F0AD18E415
S31500021DA00028FFF616AC019D85423FF7DAAD10E436
S31500021DB010B504460021034B034AF2F7E9FB20461D
S31500021DC010BD00BFED120200CD1102002DE9F04F49
S31500021DD00E688BB0002E40F37C81984684469E4660
S31500021DE0002058F8047B741E01F10409844209D0CC
S31500021DF0874259F8205040F36C8158F82030AB42A4
S31500021E0040F0678101308642F0D1734601250020F9
S31500021E10984601F1040E844218BF5EF8203000F1A4
S31500021E20010018BF5D438642F5D101EB8401486883
S31500021E30BC424346099503904FEA840180F24981E8
S31500021E400B445B68834240F04481002D40F32881B5
S31500021E50149903468D1E00214400284605EB4305CE
S31500021E60894629462546961E019602EB43030290B1
S31500021E70039A002A40F32381019A974E023232F9DD
S31500021E80020B8642B8BF06469A42F8D1DDE90187BF
S31500021E904FF0000ECDE904AB009337E012F1804219
S31500021EA04BF1000BD20F42EA4B021F34C0F20A81F9
S31500021EB0012303FA00F4013C4FEAD27B42FA00F016
S31500021EC022400BEB6404A242C8BF013000F5FF407A
S31500021ED07F3010F5004F3EDBB0F5004F3CDB7F2034
S31500021EE04FF4806B40F2FE34DCF82820145B32F8A3
S31500021EF00B20121B12B200FB02F2403204EBE21478
S31500021F0024B227F8024FB942A64436D0DCF80C4078
S31500021F1038F9022F24EAE470DCF808B0921B8240FA
S31500021F209345C4F1000020EAE07020D082FB0B2B1F
S31500021F30BBF1000FB2DA694BD2186BF1000BBBF1A1
S31500021F40000F04DA6FF00043D2184BF1000BD20FE8
S31500021F5042EA4B02A9E7604840F3C81404F58074CC
S31500021F60A4B2640000F07F0004F1020BBCE7BBF1EF
S31500021F70004FDBD16FF0004297E7BEFA8EF7DDE93C
S31500021F8004AB7C1EA7F121084FEAEE76A6403A463C
S31500021F900EFA08F8C7F121070EFA04F446EA080613
S31500021FA02EFA07F714F5005446EA070646F100062C
S31500021FB0A40B44EA8644A4F5C03414F5004F009BF2
S31500021FC071DBB4F5004F6FDB7F244FF4806840F27B
S31500021FD0FE36DCF82C70039837F806E037F808600E
S31500021FE00028A6EB0E0636B206FB04F404F1400402
S31500021FF00EEBE41E0FFA8EFE44DD0120C2F11F0233
S31500022000D2B202F1FF3800FA08F7029CC2F12000B0
S315000220104FEAE7780090CDF820C02646BC464046F7
S31500022020CDE90635CDF8109008E0B3F5004F1EDB7A
S3150002203047F6FF758C4226F8025F1DD0E0468146C0
S3150002204034F8023F009FC3FB8E89B2F1200528FABD
S3150002205002F309FA07F743EA07035CBF49FA05F5F3
S315000220602B43002BE24683461D46DEDA00252DB2BF
S315000220708C4226F8025FE1D1DDE90635DDF81090E3
S31500022080DDF820C0029A09F101092A440292019A56
S3150002209029442A440192099A2B4491457FF4E8AED9
S315000220A00BB0BDE8F08F0C4C44F3C81606F58076EB
S315000220B0B6B2760004F07F0406F1020889E7202210
S315000220C0054CF1E740F26711054B064A064813F044
S315000220D0D3F817F0CFFE00BF0080FFFF010000C05B
S315000220E058A4030068A40300C4A4030010B5044660
S315000220F0034B044A0449F2F74BFA204610BD00BFCF
S31500022100ED260200E12E0200D12E02002DE9F04F4B
S315000221100D68C4688BB0002DD0F808B0D0F81880CE
S31500022120019440F36E819E4600209C465EF8047B35
S315000221306C1E01F10409844209D0B84259F82060A4
S3150002214080F25F815EF82030B34240F05A8101305E
S315000221508542F0D1634600204FF0010C01F1040ED6
S31500022160844218BF5EF8206000F1010018BF06FB2A
S315000221700CFC8542F4D101EB84014868BC4205900F
S315000221804FEA840180F23D810B445B68834240F052
S315000221903881BCF1000F40F3CC8000230693430044
S315000221A00793149B029203EB400A1618CDF824C03B
S315000221B0059B002B40F3AF806FF07F04029B13F95F
S315000221C0012B9442B8BF14469E42F8D14FF0000943
S315000221D04B4640F2FF75C146029FA0461C4601E0EF
S315000221E0BE4226D017F9013BA3EB08039945F7DC5B
S315000221F0019A93409B4500F0AE8083FB0B31002988
S31500022200C0F29A8013F1804341F10001D80F40EAEF
S315000222104100F4F71FF80028ACBF2B464FF40063C9
S31500022220C0F30B0100139942C8BF0130BE420444F9
S31500022230D8D12346B3FA83F503FA05F000F100403C
S31500022240F3F7DEFE4FF0010C4446C846C5F11B0902
S315000222500CFA09FC0CF1FF3C4FEA6C030393029B58
S3150002226008965F1E079B5646AAEB0305CDF810C0DB
S31500022270C246C846A146044606E048F200030235B5
S3150002228025F8023CB54243D017F9010FA0EB09002D
S315000222908245F2DC019B9840834500F0A4808BFBCB
S315000222A0000CBCF1000FC0F2828010F180404CF1AC
S315000222B0000CC00F40EA4C00F3F7CCFFA04200F03E
S315000222C08B8084FB000CBCF1000F4BDB10F18040CD
S315000222D04CF1000CC00F40EA4C00B8F1000FC0F2FE
S315000222E08980049B03EA000E039B03EBD07C40FA31
S315000222F008F0E645C8BF0130A0F50040B0F5004F32
S3150002230050DB47F6FF7000B228800235B542BBD1DA
S31500022310D046B246089E079A05999244029A069BAF
S315000223200A440292099A0133934206930E447FF4B9
S315000223303FAF0BB0BDE8F08F334A9B1861F1000145
S31500022340002904DA6FF000401B1841F10001D80F92
S3150002235040EA41005DE7BBF1004F7FF44EAF6FF0FC
S31500022360004056E7284BC0186CF1000CBCF1000F78
S3150002237005DA6FF0004E10EB0E004CF1000CC00FA8
S31500022380B8F1000F40EA4C0034DB049B00EA030E6E
S31500022390039B03EBD07C40FA08F0E645C8BF013048
S315000223A0A0F5004010F5004FADDA1848ACE7164B21
S315000223B0C0186CF1000CBCF1000F05DA6FF0004E8C
S315000223C010EB0E004CF1000CC00F40EA4C00F3F784
S315000223D041FFA0427FF475AFB4F1004F7FF471AFB5
S315000223E06FF0004079E7BBF1004F7FF458AF6FF012
S315000223F0004061E74FF4B371054B064A064812F0F6
S315000224003BFF17F037FD00BF010000C00080FFFF51
S3150002241090A5030068A40300C4A403002DE9F04FAD
S315000224200D688BB0002D1F46D0E90283D0F81890B4
S31500022430029340F35181BC46002092465CF8043B6D
S315000224406C1E01F1040E844209D083425EF82060BC
S3150002245040F342815CF82020B24240F03D810130D7
S315000224608542F0D152464FF0010E002601F1040CCE
S31500022470B44218BF5CF8260006F1010618BF00FB3D
S315000224800EFEB542F4D101EB840148689C420690E7
S315000224904FEA840180F220810F447B680146834221
S315000224A040F01A81BEF1000F40F3C0801498002359
S315000224B000EB010AD3460192059356180793CDF80D
S315000224C024E0069B002B40F3A1806FF07F04019B62
S315000224D013F9012B9442B8BF1446B342F8D1002730
S315000224E0019DDDF808A001E0AE4226D015F9013BB8
S315000224F01B1B9945F8DC03FA0AF3984500F0A880FD
S3150002250083FB0832002AC0F2948013F1804342F121
S315000225100002D80F40EA4200F3F79CFE002840F280
S31500022520FF73B8BF4FF40063C0F30B0200139A4265
S31500022530C8BF0130AE420744D8D1B7FA87F507FAC9
S3150002254005F000F10040F3F75BFD4FF0010C019B33
S31500022550C5F12301059A0CFA01FC5F1E149B0CF1CE
S31500022560FF3C9D184FEA6C03089682462646039363
S315000225705C46CDF810C08B4606E06FF07F0301354E
S3150002258005F8013CA5423FD017F9010F801B814592
S31500022590F3DC029B9840804500F0908080FB080C9B
S315000225A0BCF1000F70DB10F180404CF1000CC00F43
S315000225B040EA4C00F3F74EFE504579D080FB0A0CF8
S315000225C0BCF1000F4FDB10F180404CF1000CC00F44
S315000225D040EA4C00BBF11F0F77D8049B03EA000EBA
S315000225E0039B03EBD07C40FA0BF0E645C8BF0130F3
S315000225F080387F2833DC10F1800F31DA6FF07F00EC
S3150002260028700135A542BFD1A346089E069B0199B3
S31500022610079A1944019105999B4419441E44099B42
S3150002262001329A42079205917FF44BAF0BB0BDE897
S31500022630F08F2A495B1862F10002002A04DA6FF071
S3150002264000415B1842F10002D80F40EA420063E7FC
S31500022650B8F1004F7FF454AF6FF000405CE77F2083
S3150002266040B22870CDE71D4BC0186CF1000CBCF1CE
S31500022670000F05DA6FF0004E10EB0E004CF1000C65
S31500022680C00F40EA4C00A5E7144BC0186CF1000CD1
S31500022690BCF1000F05DA6FF0004E10EB0E004CF1A4
S315000226A0000CC00F40EA4C00F3F7D4FD504585D12B
S315000226B0BAF1004F82D16FF000408BE7B8F1004FBC
S315000226C07FF46CAF6FF0004074E740F26711044B81
S315000226D0044A054812F0D0FD17F0CCFB010000C0F9
S315000226E058A4030068A40300C4A403002DE9F04F14
S315000226F02DED048B0022A1B00C468046F1F770FF47
S315000227002146002206464046F1F784FF2469002C42
S3150002271000F0FF8012AD07460FCC0FC50FCC0FC5D8
S315000227200FCC0FC594E8030096F808C085E80300AD
S31500022730BCF1070F00F0CA80BCF1090F00F0B080AF
S31500022740BCF1010F40F09C80314606A8F1F77CFFF0
S31500022750336839460CA80293F1F776FF002F00F092
S31500022760D880069CD7F800C0002C04F1FF3040F355
S31500022770D08000230C9D98420ED006A901EB83015E
S315000227809D4249684FEA830240F3C3800CAE32444D
S315000227905268914240F0BD8001339C42EBD1012147
S315000227A00023984205D006AA02EB8302526802FB76
S315000227B001F101339C42F4D120AB03EB8003A84222
S315000227C053F8648C80F2A58053F84C3C984540F04F
S315000227D0A08000294EDD4FEA88030393029B0CEB8F
S315000227E0880B4FF0000A03EB88065B465746D34632
S315000227F09A46CDF814C00491B8F1000F32DD029B5F
S315000228009FED458A03EB8B0529464FEA8B04F1ECD3
S31500022810017AF4EE487AF1EE10FA37FE888AB1426E
S31500022820F5D1DDE9120116F02DF9059BDFED3B8AA4
S315000228301C4409EE100AA146B5EC010A30EE480A1C
S3150002284020EE090A13F04AFEB542A9EC010A78EE17
S31500022850808AF1D194ED007AC7EE287AE4EC017A07
S31500022860A245F7D1039B01379A441E44049BC344F5
S315000228709F42C1D1002021B0BDEC048BBDE8F08F90
S315000228806046D8F8144011F067FE25490246337AAD
S315000228904046A047012021B0BDEC048BBDE8F08F75
S315000228A03B7A3146072B0CA823D0F1F7CDFE3946E9
S315000228B006A83568F1F7C8FE3C6812A82A4606AB98
S315000228C00CA90094FFF7AAFD0020D4E731460CA814
S315000228D0F1F7BAFE394606A83568F1F7B5FEC7B173
S315000228E03C682A4606AB0CA912A80094FFF76EFABA
S315000228F0C0E7F1F7A9FE394606A83568F1F7A4FE46
S315000229003C682A4606AB0CA912A80094FFF7FEFB08
S31500022910B0E717F0AFFA00BFFFFF7FFF000000002D
S31500022920A0A50300000000002DE9F04F2DED0A8B53
S3150002293091F800808BB0B8F1070F0E460446154693
S315000229401F46DDF8789026D01078072817D08045E4
S315000229504BD1B8F1090F00F0B880B8F1010F52D18E
S315000229602878012840F02382386815F071FDC9E9FC
S31500022970000100200BB0BDEC0A8BBDE8F08FB8F168
S31500022980090F71D03123C449656920460091C34AB3
S31500022990C349A84735E040F20241836B98470028B5
S315000229A000F01982C9F8280040F202412046A36BC2
S315000229B09847002800F04082C9F82C00287896F83B
S315000229C00080072834D040450FD1B8F1090FC4D191
S315000229D02B6913F1800F00F00182B2496FF07F0676
S315000229E0CDE90113B04A612333E0CDE90280AF4A53
S315000229F0AF4965693423019200912046A74AAD4941
S31500022A00A8470120B6E74046666911F0A5FD0546CE
S31500022A10012011F0A1FD0346A749A54ACDE90253BB
S31500022A200092019120467F239C4AA449B047E8E7D9
S31500022A30B8F1090F18D0B8F1070FA3D1D5F810B025
S31500022A40BBF1000F57D09E4B0026CDE9013B39233F
S31500022A50954A6569204600929649904A0396A84788
S31500022A60CFE72878072830D12B69964A934240F05F
S31500022A70E681DFED957A95ED037AB4EEE77AF1EE2B
S31500022A8010FADFED926ACCBF77EE677A77EEC77AF5
S31500022A90F4EEE67AF1EE10FA40F3A98100228C4BAD
S31500022AA017EE100ACDE9042315F0D2FC5D230F467A
S31500022AB00646884D8848CDE90005CDE902672046DD
S31500022AC0764A86496469A0479BE7092880D06669E9
S31500022AD011F042FD0546092011F03EFD03468049EC
S31500022AE0724ACDE9025300920191204660236B4A55
S31500022AF07249B04785E707EE90BAD9F82830F8EE62
S31500022B00E7BADFED788ADFED789A9FED78BA9FED26
S31500022B10789A9FED78AADFF8AC810793A3F1020AAF
S31500022B200BE0F4EECA7AF1EE10FA45DD47F6FF7CC9
S31500022B30BBF5007F2AF802CF45D0BAEE04CAF0EE02
S31500022B404CAAEBEEA8AAB0EE6A0A13F0C7FC0BF188
S31500022B50010BB0EE408A3AEEA90A13F0BFFC07EE6B
S31500022B6090BAF0EE40AAF8EEE7BAB0EE4C0AABEE37
S31500022B70A80A13F0B3FC68EE0B7AF8FE677AB0EE99
S31500022B80677AF6EE006AA0EE0B7A6AEE8BAA27EE59
S31500022B90267AF8FE6AAAB8FE477A37EE6A7A27EEEE
S31500022BA0267AB8FE477A77EEC77AF4EEC97AF1EE5C
S31500022BB010FAB6D5C446BBE7FDEEE77A17EE903AB1
S31500022BC00FFA83FCB4E747F6FF73DFED4B7A9FED0E
S31500022BD0477AB7EE005A079A9FED483AA2F80034B0
S31500022BE0D9F82CE09FED422A9FED421ADFED441AF6
S31500022BF0F0EE673AB0EE456AF0EE474A01233148F5
S31500022C00AEF1020235E0B4EEC17AF1EE10FA7DDDE4
S31500022C1047F6FF7C40F2012101338B4222F802CFB4
S31500022C207BD007EE103A76EEA16AB8EEC75AF0EEFE
S31500022C30635A76EE866AE5EE035AB8FE677A75EE51
S31500022C40865AC6EE267AC6EE252A67EEA46AF0EE04
S31500022C50477AB6EE004AE2EEA47A67EE847AF8FE86
S31500022C60666AF8FE677A77EEE67A67EE847AF8FEA7
S31500022C70677AF0EE636A37EE677AE5EE036AB4EED8
S31500022C80C27A76EE865AF1EE10FAC6EE257A67EE2B
S31500022C90A47AB8D58446BDE7FCE3030088E30300C3
S31500022CA064A5030090E40300C8CC0300E0A6030079
S31500022CB01CA7030058A6030094B90300A8A60300A4
S31500022CC024AE03000080FFFF000080376F128332BC
S31500022CD00000F03E84E4030064E4030038E40300E9
S31500022CE004B603000000A03C0000203C00000047A0
S31500022CF0000000C700FEFF46000000000000003B87
S31500022D000000803A000000386F120333BDEEC77A26
S31500022D1017EE101A0FFA81FC7CE74FF48043AEF8E7
S31500022D2000342B69C9F81C30D5ED037AC9ED087A4F
S31500022D3096F80080B8F1090F3FF493AEB8F1070F89
S31500022D407FF40BAE2B69002B40F089801FED137ABE
S31500022D50F4EEC77AF1EE10FA5FED156ACCBF37EEE4
S31500022D60C77A37EE677AB4EEE67AF1EE10FA7DDCD0
S31500022D70F06815F06DFB044638680D4615F068FBE1
S31500022D8002460B462046294615F0BAFB4EA3D3E966
S31500022D90002315F0DFFC09F1080641EC100B304662
S31500022DA009A90FF09DFB099BC9F80C30E1E566699C
S31500022DB011F0D2FB0546404611F0CEFB03463449DC
S31500022DC0344ACDE902530092019120468023324AC9
S31500022DD03249B04715E627233149D5E5DFED317A89
S31500022DE095ED037AB4EE677AF1EE10FA34D1F06813
S31500022DF015F02EFB41EC180B386815F029FB09F18A
S31500022E00080441EC100BB0EE481AF0EE681A21469F
S31500022E10052009AA0FF0A0FB09991F22C9F80C1078
S31500022E2005200FF0E3FB15F001FB01F1004115F05F
S31500022E3001FEC9F818009CE52B231B49A4E5CDE940
S31500022E4002321A4E1A4965695C2300912046124ADB
S31500022E5018490196A847D4E56223174994E517490C
S31500022E600026CDE90113124A5623F2E54FF07C53B0
S31500022E70002217EE900ACDE9042315F0E9FA104D67
S31500022E8006460F4657230F4815E600BFAFF30080EC
S31500022E9094B90300E0A6030088E30300A8A6030092
S31500022EA0C0E303000000803BD8E303007CE4030098
S31500022EB0C8CC030058A6030098E4030024AE03001E
S31500022EC058E4030064E40300140014001400243FD1
S31500022ED0836B0BB13821184710B516F0CBFF00BF34
S31500022EE02DE9F0410B680446C66884B013B11B682D
S31500022EF0012B11D02E4A65690126CDE90123204610
S31500022F008E232C4A00922C492C4A0396A847012468
S31500022F10204604B0BDE8F0814B680D46002B2CD04C
S31500022F201B68012B29D13368002230469B699847DA
S31500022F300746002836D083681B68002B2FDD3368CE
S31500022F40002229463046DB699847804600282CD065
S31500022F502B69DBB10093424639466B692046FFF77F
S31500022F60E3FC3368394604465B6A30469847336861
S31500022F70414630465B6A9847CAE70D4A65690126AB
S31500022F80CDE9012320468F230D4ABBE796230D493F
S31500022F90656920460091094A0B49A847B7E792237B
S31500022FA00A49F5E791230A49F2E794230949EFE72B
S31500022FB0B0C00300F0A8030058A6030088E303008C
S31500022FC074A60300BCE4030064A5030040B6030034
S31500022FD07CA50300E8A90300836B0BB10421184703
S31500022FE010B516F047FF00BFF0B50B680446C66879
S31500022FF085B013B11B68032B0FD03B4A65690326C4
S31500023000CDE9012320463123384A00923849394A0C
S315000230100396A847012005B0F0BD4B680D46002B6C
S315000230202FD01B68012B2CD1336800229B693046B6
S3150002303098473368294600220546DB693046984799
S315000230400746002D2FD000282DD0AB681B68022B17
S315000230502CDD82681268022A1CDD042B29DC042A74
S315000230602ADC28783B78834229D1336829463046C0
S315000230705B6A98473368304639465B6A9847002050
S31500023080C9E71D4A65690126CDE901232046322397
S315000230901A4ABAE73B231A49656920460091154A3E
S315000230A01849A847B6E738231749F5E73A231749D7
S315000230B0F2E73C231649EFE73D231649ECE766693A
S315000230C011F04AFA0546387811F046FA03461249D3
S315000230D0124ACDE902530092019120463E23054A47
S315000230E00F49B04796E700BFD0A90300F0A8030036
S315000230F058A60300D8E40300B0C0030074A6030078
S3150002310030AA030064A50300D4A90300FCA90300A6
S3150002311068AA03009CAA0300E0A603001CA70300FA
S31500023120A8A603002DE9F04F0D69C7B0002D00F0E7
S315000231309A8200220C460646F1F752FA21460122ED
S3150002314081463046F1F74CFA214602228046304645
S31500023150F1F746FA2146002207463046F1F75AFAB7
S3150002316099F808A00446BAF1010F00F01281BAF1EB
S31500023170090F40F0008149461CA8F1F765FA41465D
S3150002318022A8D9F800B0F1F75FFAB8F1000F00F003
S315000231906A82394628A8D8F80060F1F755FA002F56
S315000231A000F0618221462EA83F68F1F74DFA002C05
S315000231B000F0598223681C9C1993022C40F3538217
S315000231C0042C00F350822E9B9C4240F04C82042C2D
S315000231D040F0DF810DF1700E0DF1D00ABEE80F004E
S315000231E0AAE80F009EE803000DF1B80C0DF1E808FD
S315000231F08AE80300BCE80F00A8E80F009CE8030079
S3150002320088E80300349B032B109340F32C82389AF0
S315000232103A9B0092379A022B0892369A0A9309929F
S31500023220359A0F9240F31F82DDE93CEA3368042C9B
S3150002323006933B68DDF8EC80184600F0FF81012317
S315000232404FF0000901932B68B8F1000F049340F385
S315000232508E800026009A089B069902FB03F3CDF89E
S3150002326060B001FB03F3CDF85480354683467146C0
S31500023270D0460793019B0AFB0EF702FB03F3169750
S3150002328002930F9A019895FBF2F393FBF0F402FB7B
S315000232901357002900FB1433119762DD32464FF0B3
S315000232A0000CC2460998A3EB090307FB004E0898D7
S315000232B0AEEB0B0E00FB0E3E17930098189B139570
S315000232C000FB0E3E1496BAF1000F3EDD0A9B042B5C
S315000232D040F0C9813E980028C0F2C581F04600261A
S315000232E0179B119D0D93199B099F00FB02330B93AC
S315000232F0089B5F444B4405930F9B03902B43129309
S315000233000D9D0B9BCDE90D2ECDE90B1CA34509DCCA
S31500023310A74207DD05EB0902914503DC05999142B7
S3150002332000F3BA811846009A049916F050FF034634
S31500023330039A01361344029AB2459044019A1544FF
S31500023340E4D1DDE90B1CDDE90D2E069B0CF1010C27
S315000233501C44079B614552449E44B4D1D046139DFA
S31500023360149E169B01351E44159BAB4289D1002043
S3150002337047B0BDE8F08F5046746911F0EDF8B249D6
S31500023380024699F808303046A047012047B0BDE80A
S31500023390F08F49461CA8F1F757F9414622A8D9F8F9
S315000233A00090F1F751F9B8F1000F00F05C8139464F
S315000233B028A8D8F80060F1F747F9002F00F05381EA
S315000233C021462EA83F68F1F73FF9002C00F04B8109
S315000233D023681C9C1A93022C40F34581042C00F3AB
S315000233E042812E9B9C4240F03E81042C40F0F980A3
S315000233F00DF1700E0DF1D00ABEE80F00AAE80F001B
S315000234009EE803000DF1B80C0DF1E8088AE8030006
S31500023410BCE80F00A8E80F009CE8030088E8030058
S31500023420349B032B119340F31E81389A3A9B0F92D9
S31500023430379A022B0892369A0A930992359A109273
S3150002344040F31181DDE93CEA3368042C3B9AD7F854
S315000234500080069300F0ED8001234FF0000B0093ED
S315000234602B68002A049382DD00260F99089B069892
S3150002347003FB01F300FB03F39B0007938B00009908
S315000234800193CDF8649001FB03F3C1463546D84655
S315000234907146D3460AFB0EF7039316921797109AB4
S315000234A0009895FBF2F393FBF0F4002902FB135EFE
S315000234B000FB143366DD099FCDF848E007FB0E4C8E
S315000234C032460020DA468E46089FA3EB0803ACEB91
S315000234D0090C07FB0C3C1893019F199BCDE9145666
S315000234E007FB0C3CBAF1000F40DD0A9B042B40F0AF
S315000234F0BA803E9B002BC0F2B680E346002603FB51
S3150002350002F19B0002931A9BCDE90BCE03EB8103DA
S3150002351009991B9301EB09070899129B41440591EE
S315000235201099CDE90D020B431393189D1B9BA145E0
S3150002353009DCA74207DD08EB0502904503DC059985
S31500023540914200F383801846019A049916F03FFED1
S315000235500346029A01361344039AB2459344009AEB
S315000235601544E4D1DDE90BCEDDE90D02069B0130FF
S315000235701C44079B864552449C44B3D1DDE914564C
S31500023580D3467146179B01351E44169BAB4286D124
S31500023590EDE60123439304230DF5807CE246409336
S315000235A01D9B0DF1D00841931E9B0DF1E80E42932F
S315000235B01F9B4493BCE80F00A8E80F009CE8030099
S315000235C02F9B88E803004193309B4293319B44939F
S315000235D0BAE80F00AEE80F009CE803008EE803008D
S315000235E010E604230DF5807CCDF80CA1E24640934B
S315000235F01D9B0DF1D00841931E9B0DF1E80E4293DF
S315000236001F9B4493BCE80F00A8E80F009CE8030048
S315000236102F9B88E803004193309B4293319B44934E
S31500023620BAE80F00AEE80F009CE803008EE803003C
S31500023630F6E67368D7F808B0009311E77368D7F80F
S3150002364008900193FFE500BFA0A50300119A042A82
S3150002365009D1139A1AB1109A12998A4203DD099A6C
S315000236601AB9A14506D016F005FC0999A4EB090280
S315000236709142F8DD089A5AB9002DF4D10F9A002A20
S31500023680F1DB18465946019A16F012FE034660E728
S31500023690089AAA42F2DCE6E7109A042AE3D1129AC1
S315000236A01AB10F9A11998A42DDDD099A7AB9A345B0
S315000236B0D9D1089A9AB9002DD5D1009A002AD2DB1F
S315000236C018464146009A16F0F3FD034630E609997C
S315000236D0A4EB0B029142C6DD089A002AEBD0089AA7
S315000236E0AA42EADCBFE700BF10B50446034B044A10
S315000236F00449F0F74DFF204610BD00BF25310200F8
S31500023700E92F0200D92F02002DE9F04F0B6805467A
S315000237104E6985B013B11B68012B11D0644A6C69DE
S315000237200126CDE9012328462723624A00926249EF
S31500023730624A0396A0470124204605B0BDE8F08FF1
S315000237404B680C464BB31B68012B26D1D0F80C9064
S315000237500022D9F8003048469B6998470746002858
S3150002376046D0D9F80030002221464846DB69984700
S31500023770804600283FD0BA681368042B16D1037816
S3150002378003F0F70101291AD036234D496C69284600
S3150002379000914A4A4B49A047CDE7454A6C69012642
S315000237A0CDE9012328462823474ABFE7474904268D
S315000237B0CDE9011328463323454A6C69B6E73878C2
S315000237C098422ED1D2E90231366893FBF6FA0AFB09
S315000237D006F29A4212D0CDE902323E4E3E496C6959
S315000237E0402300912846354A33490196A047A2E76D
S315000237F02E233A49CAE731233949C7E791FBF6FB3B
S315000238000BFB06F38B4221D0CDE90213354A364E25
S315000238106C69412301922846284A27490096A04707
S3150002382089E76E6910F098FE044698F8000010F0D9
S3150002383093FE03462D492E4ACDE902430092019199
S31500023840284638231D4A2B49B04774E721460022F1
S315000238502846F0F7DFFE414602462846F0F710FFFB
S31500023860044600287FF468AFBB6839465A68D8F820
S31500023870083048465A60D8F80830C3F808A0D8F885
S315000238800830C3F80CB0BB68D8F808201B6906FBE1
S3150002389003F306FB03F31361D9F800305B6A98471A
S315000238A0D9F80030414648465B6A984744E700BF6C
S315000238B0B0C00300F0A8030058A6030014E50300F5
S315000238C0FCB6030064A5030074A6030090CB0300B4
S315000238D030C403004CE5030068E503007CA5030041
S315000238E0E8A9030078E5030094E50300E0A60300D7
S315000238F01CA70300A8A6030010B504460021034B2B
S31500023900034AF0F745FE204610BD00BF353D0200D2
S31500023910093702002DE9F04F9DB005920A68042A84
S3150002392000F3B4801D681E46042D00F3AF80042305
S315000239300446981A10930CD000234FF0010C10AFD6
S3150002394002E0042B00F0A2800133984247F804CF2C
S31500023950F7D111AB03EB80009200043116F0A8FCFC
S315000239600423581B16930BD00023012116AA02E04A
S31500023970042B00F08B800133984242F8041FF7D1E2
S3150002398017AB03EB8000AA00311D16F091FC109BC9
S31500023990032B03937ADDDDE91112169B139E032B8B
S315000239A0DDF850800493019670DDDDE9170AD4F83C
S315000239B000B0DDE9195405FB0BF3B34266D10AFBED
S315000239C00BF3934262D108FB0BF30BFB03F3A34207
S315000239D05CD181425AD1002940F39580002306FB2F
S315000239E002F008FB00FE08FB06F00B9008F1FF3020
S315000239F0C146069088461F469446194656461846BC
S31500023A00BCF1000F79DD0023CDF828C01A468446A2
S31500023A100846CDE90D810C97CDF83CE0019B002BC1
S31500023A205FDD80464FF0000EB9F1000F6EDD92FBAE
S31500023A30FBF70BFB172A07EB0C0305FB03F30BFB48
S31500023A400AFACDE907200293CDF824C09EFBFBF0CB
S31500023A500BFB10E3039A5344042A09FB03F315D123
S31500023A60049A042A12D1029A2699024404FB0232CB
S31500023A7001EB820200920599069A01EB880102EB9C
S31500023A80030C16B1002F15DA00E0AFB116F0F2F909
S31500023A900028FBDB8542F9DDA4B9002BF6D1F1EC57
S31500023AA0017A009A6345E2EC017A00920FD0013363
S31500023AB0002EEAD0BE42E9DD002DE9D10028E5D18B
S31500023AC0002CEAD0002BE1DBA342E8DBDEE7019B18
S31500023AD00EF1010E7345C844B8D1DDE90720DDF8C1
S31500023AE024C00B9B013218440A9B9A4296D1DDE907
S31500023AF00C78DDE90E1E60469C4601374745714447
S31500023B0030447FF47DAF1DB0BDE8F08F019B0EF10E
S31500023B10010E9E45C84487D1E3E700BF2DE9F04F69
S31500023B2015460A689DB0042A00F3B9801E681F462E
S31500023B30042E00F3B48004230446981A10930DD081
S31500023B4000234FF0010E0DF1400C02E0042B00F0B1
S31500023B50A680013398424CF804EFF7D111AB03EB80
S31500023B6080009200043116F0A3FB0423981B1693DF
S31500023B700BD00023012116AA02E0042B00F08F804D
S31500023B800133984242F8041FF7D117AB03EB8000CA
S31500023B90B200391D16F08CFB109B032B04937EDDBD
S31500023BA0DDE9112C169B1398032BDDF85080059343
S31500023BB0019074DDDDE9171BD4F80090DDE919A444
S31500023BC00AFB09F383426AD10BFB09F3634566D10B
S31500023BD008FB09F309FB03F3A34260D18A425ED1D3
S31500023BE0002A40F39C8000FB0CF108FB01F708F168
S31500023BF0FF3100230691394608FB00FE02955F4617
S31500023C006546C3469C46184688465646CA46914667
S31500023C10029A002D7CDD0023CDE90B5C1946054690
S31500023C201046CDE90D92CDF83C80019B002B64DD58
S31500023C3081464FF00008BBF1000F73DD91FBFAFCE1
S31500023C400AFB1C130AFB03F302930CEB050306FBA8
S31500023C5003F3CDE90710CDE909E5039398FBFAF0E2
S31500023C600AFB1083029A1344049A0BFB03F3042AF9
S31500023C7015D1059A042A12D1039A2699024404FB05
S31500023C800232069D0A4405EB030E09F1FF311FB10C
S31500023C90BCF1000F15DA02E0BCF1000F13D016F0EA
S31500023CA0E9F80028FBDB8642F9DD94B9002BF6D150
S31500023CB011F9015F734502F8015B14D00133002F3D
S31500023CC0EAD06745EBDD002EEBD10028E7D1002CC8
S31500023CD0ECD0002BE3DBA342E1DA11F9015F734575
S31500023CE002F8015BEAD1019B08F101084345D94478
S31500023CF0B4D1DDE90710DDE909E50B9B01319942F3
S31500023D00704492D1DDE90CC9DDE90E2828461D462C
S31500023D100CF1010CCC45424438447FF47AAF1DB015
S31500023D20BDE8F08F019B08F101089845D94482D17C
S31500023D30E3E700BF70B5002290B04D690C46064617
S31500023D40F0F74EFC2146044600223046F0F762FCAC
S31500023D50237A2A68012B0546039221D0092B14D116
S31500023D60214604A8F0F770FC29460AA82468F0F751
S31500023D706BFC45B32868224600900AAB04A903A847
S31500023D80FFF7CCFE002010B070BD1846746910F023
S31500023D90E3FB0E4902463046A047012010B070BD33
S31500023DA0214604A8F0F750FC29460AA82468F0F731
S31500023DB04BFC45B12868224600900AAB04A903A829
S31500023DC0FFF7A8FDDEE716F055F800BFA0E50300F1
S31500023DD030B5C56804462B6883B0002228469B6925
S31500023DE0984788B1037D012B06D0204663690B49AB
S31500023DF09847012003B030BD2B6801465B6A28460E
S31500023E009847002003B030BD054965694A230091F1
S31500023E102046044A0449A847EBE700BF08E6030028
S31500023E205CBF0300D8E5030064A5030010B5044691
S31500023E300021034B034AF0F7ABFB204610BD00BF3F
S31500023E40C1430200D13D02002DE9F04F4D680E46F6
S31500023E5007461446994685B005B12D686368002267
S31500023E60314638460093F0F7D5FB009BB9F1000FB7
S31500023E704268D3F800C0C0F29080CC4540F39D80E2
S31500023E801168614540F0998002EB8908D8F8042050
S31500023E9003EB890105FB02F249688A4240F08D80F4
S31500023EA009F1010BB9F1000F594624687ADD0020A9
S31500023EB0CDE9003C9A464FF0010E84465AF8042F8B
S31500023EC00130D3170EFB03F302FB0C33AEFB02ECFD
S31500023ED081459C44F2D16246DDF804C0009BE3456D
S31500023EE05DDA4FF0010A03EB8B0353F8040F01313D
S31500023EF08C45AAFB00A0F8DCBEF1010F72F10003AB
S31500023F0047DB002D45DD4FF0000B5B465946CDE9F8
S31500023F1002E24FF000094246C8469146CDE9003119
S31500023F20424631463846F0F775FB002845D0D9F8A7
S31500023F30041000680AFB01FCBCF1000F0CFB0BF13C
S31500023F401FDD00EB810021464FEA8C0E04EB8C0C40
S31500023F5051F8043B614540F8043BF9D108F10108E8
S31500023F60A8457444DCD1DDE90031DDE902200133E4
S31500023F7041F10001884208BF9A42C84609D09B46D1
S31500023F80C7E708F101084FEA8C0EA8457444C7D169
S31500023F90E9E7002005B0BDE8F08FE14470E74FF095
S31500023FA0010AA9E7E34503DA4FF0010E002298E77A
S31500023FB04FF0010A0022D646A3E715F05BFF00BFC9
S31500023FC02DE9F04F4D680E4607461446994685B0D0
S31500023FD005B12D6863680022314638460093F0F732
S31500023FE019FB009BB9F1000F4268D3F800E0C0F25A
S31500023FF08180CE4540F38D801168714540F08980FD
S3150002400002EB8908D8F8042003EB890105FB02F2CA
S3150002401049688A427DD109F1010BB9F1000F584670
S3150002402024686CDD4FF0000CCDE900839A4601212D
S31500024030E0465AF8042F0CF1010CD31701FB03F3E7
S3150002404002FB0833A1FB0218E1459844F1D1DE4593
S315000240504246019BDDF800804EDD4FF0010A03EB7C
S315000240608B0C5CF8043F01308645AAFB03A3F8DCFF
S31500024070012972F1000339DB002D37DD4FF0000B09
S31500024080CDE902125B465A464FF00009CDE90032ED
S315000240904A4631463846F0F7BDFAD0B3D8F804306E
S315000240A001680AFB03FEBEF1000F0EFB0BF30BDDEC
S315000240B0013B0EF1FF3C1944A444631E13F9012F80
S315000240C0634501F8012FF9D109F10109A9457444A3
S315000240D0DED1DDE90032DDE90210013342F10002F0
S315000240E0824208BF8B4201D09B46CDE7002005B035
S315000240F0BDE8F08FF1447FE74FF0010AB8E7DE45ED
S3150002410002DD01210022A8E74FF0010A00225146F2
S31500024110B2E715F0AFFE00BF2DE9F04F4D6887B04C
S315000241200E4614469846019005B12D680022314686
S3150002413001986768F0F76EFAB8F1000F4368D7F88E
S3150002414000E0C0F28180C64540F38D801A68724550
S3150002415040F0898003EB8809D9F8043007EB88021E
S3150002416005FB03F3526893427DD108F1010BB8F1C6
S31500024170000F584624686CDD4FF0000CBA46012346
S31500024180624602975AF8047F0CF1010CF91703FBF9
S3150002419001F107FB0211A3FB0732E0450A44F1D104
S315000241A0F345029F52DA07EB8B0C4FF0010B5CF8DA
S315000241B0041F01308645ABFB01B1F8DC012B72F11D
S315000241C000013DDB002D3BDD0027CDE904326FF017
S315000241D0004839463B464FF0000ACDE902315246C5
S315000241E031460198F0F716FAE8B3D9F804300168B7
S315000241F00BFB03FEBEF1000F0EFB07F34FEA4E0E5A
S315000242000CDD4344AEF1020C01EB4301A444A31EB0
S3150002421033F9022F9C4521F8022FF9D10AF1010A3E
S31500024220AA457444DBD1DDE90231DDE9042001331C
S3150002423041F10001814208BF934201D01F46CAE7FD
S31500024240002007B0BDE8F08FF0447FE74FF0010B86
S31500024250B4E7F34502DA01230022A4E74FF0010B8B
S3150002426000225B46AEE715F005FE00BF2DE9F04FD2
S315000242704D6887B00E4614469846019005B12D68E2
S315000242800022314601986768F0F7C4F9B8F1000FC9
S315000242904368D7F800E0C0F28180C64540F38D80BE
S315000242A01A68724540F0898003EB8809D9F8043010
S315000242B007EB880205FB03F3526893427DD108F1AE
S315000242C0010BB8F1000F584624686CDD4FF0000C64
S315000242D0BA460123624602975AF8047F0CF1010C92
S315000242E0F91703FB01F107FB0211A3FB0732E045B5
S315000242F00A44F1D1F345029F52DA07EB8B0C4FF0D9
S31500024300010B5CF8041F01308645ABFB01B1F8DCFA
S31500024310012B72F100013DDB002D3BDD0027CDE9CB
S3150002432004326FF0404839463B464FF0000ACDE969
S315000243300231524631460198F0F76CF9E8B3D9F8E2
S31500024340043001680BFB03FEBEF1000F0EFB07F300
S315000243504FEA8E0E0CDD4344AEF1040C01EB8301F1
S31500024360A444231F53F8042F9C4541F8042FF9D186
S315000243700AF1010AAA457444DBD1DDE90231DDE91D
S315000243800420013341F10001814208BF934201D06A
S315000243901F46CAE7002007B0BDE8F08FF0447FE76A
S315000243A04FF0010BB4E7F34502DA01230022A4E73A
S315000243B04FF0010B00225B46AEE715F05BFD00BF36
S315000243C070B5002282B004460E46F0F709F905469A
S315000243D0012231462046F0F703F9002D42D02B6820
S315000243E041681B680246002B09680CDB8B420CDB1A
S315000243F060231D496569204600911C4A1C49A8474D
S31500024400012002B070BD5B1811D4107A411E082932
S3150002441006D8DFE801F01B0F050505051505210085
S3150002442010F09AF8014613480CF066FDE8E75F23A0
S315000244301149DFE731462046FFF718FF02B070BD8B
S3150002444031462046FFF768FE02B070BD314620466F
S31500024450FFF7FAFC02B070BD31462046FFF7B0FD09
S3150002446002B070BD15F006FD70E60300D8E5030044
S3150002447064A5030090E6030060E6030070B50B68CE
S31500024480044684B013B11B68032B0FD00326124ACD
S315000244906569CDE90123114A204600924B23104A51
S315000244A010490396A847012004B070BDC5680222D0
S315000244B02B6828469B699847037D0146012B04D049
S315000244C02046636908499847EDE72B6828465B6AE8
S315000244D09847002004B070BDD0A90300F0A80300DD
S315000244E0B4E6030058A60300E4E6030010B504464A
S315000244F00021034B034AF0F74BF8204610BD00BFDC
S31500024500BD4B02007D4402002DE9F04F90461C4649
S31500024510D8F8045087B0002207460E46CDF80C8024
S315000245200295F0F777F82A68A242019240F3C78013
S315000245304368019A1B68934240F0C1807368002B5E
S3150002454000F0A180D3F80090B9F1000F40F3B280D9
S315000245504FF0000B5D46D8464FEA840A5A4631466A
S315000245603846F0F757F843680BF1010B53445B6882
S315000245705D1948EBE378CB45F0D1029800EB0A02CD
S315000245805268D117414508BFAA4240F09880039B62
S3150002459004F10108002C42461D687DDD00214FF022
S315000245A0010E8C46C34650F8042F0131D3170EFB79
S315000245B003F302FB0C33AEFB02EC8C429C44F2D1B9
S315000245C0019B5A46434564DD029B019803EB880131
S315000245D04FF0010851F8043F01329042A8FB0383D1
S315000245E0F8DCBEF1010F7CF1000348DBB9F1000FE4
S315000245F045DD4FF0000B59465C46CDE9036ECDF81A
S3150002460014C0002601942C463546039E02912A4682
S3150002461031463846EFF7FEFF002850D0D0E90001B8
S315000246205144496808FB01FCBCF1000F0BFB0CF17D
S315000246301EDD00EB810021464FEA8C0E04EB8C0C4A
S3150002464051F8043B614540F8043BF9D10135A945CF
S315000246507444DCD1DDE904322546DDE90141013449
S3150002466041F100018A4208BFA34208D0A346C8E727
S3150002467001354FEA8C0EA9457444C8D1EAE70020F9
S3150002468007B0BDE8F08F99461D4698464FEA840A60
S3150002469073E74FF00108A4E7019B434504DD4FF0A1
S315000246A0010E4FF0000C8FE74FF001084FF0000C9F
S315000246B0C6469BE700254FEA840AA8465DE715F041
S315000246C0D9FB00BF2DE9F04F90461C46D8F804707E
S315000246D085B0002206460D46CDF808800197EFF711
S315000246E099FF3A68A242009240F3B6804368009A64
S315000246F01B68934240F0B0806B68002B00F09280FA
S31500024700D3F80090B9F1000F40F3A1804FF0000BEF
S315000247105F46D8464FEA840A5A4629463046EFF79C
S3150002472079FF43680BF1010B53445B68DF1948EBD1
S31500024730E378CB45F0D1019B03EB0A025268D1170D
S31500024740414508BFBA4240F08780029A04F1010847
S31500024750002C414617686EDD00209E464FF0010C84
S3150002476083465EF8043F0130DA170CFB02F203FBC4
S315000247700B22ACFB03CB84429344F2D1009A5B46F4
S31500024780424555DD019A009C02EB88004FF0010874
S3150002479050F8042F01318C42A8FB0282F8DCBCF1EE
S315000247A0010F73F1000239DBB9F1000F36DD4FF06C
S315000247B0000BCDE902C35A465B460024CDE900232D
S315000247C0224629463046EFF725FF002844D0D0E995
S315000247D0001353445B6808FB03FEBEF1000F0EFB99
S315000247E00BF30ADD013B19447B1E03EB0E0C13F996
S315000247F0012F634501F8012FF9D10134A145774410
S31500024800DED1DDE90023DDE90210013243F10003C6
S31500024810984208BF914201D09346CEE7002005B0E8
S31500024820BDE8F08F99461F4698464FEA840A82E70A
S315000248304FF00108B3E7009B434503DD4FF0010C3F
S3150002484000239FE74FF001080023C446ACE7002788
S315000248504FEA840AB8466EE715F00CFB2DE9F04FD5
S3150002486091461C46D9F8047085B0002206460D46CC
S31500024870CDF808900197EFF7CDFE3A68A242009272
S3150002488040F3C2804368009A1B68934240F0BC80A2
S315000248906B68002B00F09D80D3F800A0BAF1000FE0
S315000248A040F3AC800027B846B9464FEA840B3A4635
S315000248B029463046EFF7AEFE436801375B445B6834
S315000248C013EB080849EBE3795745F0D1019B03EB5B
S315000248D00B025268D117494508BF424540F0948001
S315000248E0029A04F10109002C4946D2F8008079DDCA
S315000248F000209E464FF0010C03465EF8047F01300D
S31500024900FA170CFB02F207FB0322ACFB07C3844235
S315000249101344F2D1009A4A4561DD019A009C02EBEA
S3150002492089004FF0010950F8042F01318C42A9FB8E
S315000249300292F8DCBCF1010F73F1000245DBBAF119
S31500024940000F42DD0027CDE902C339463B4600246B
S31500024950CDE90013224629463046EFF75BFE0028D2
S3150002496052D0D0E900135B445B6809FB03FCBCF13F
S31500024970000F0CFB07F321DD03F10043013B01EBC2
S315000249804301A8F102034FEA4C0E03EB4C0C33F938
S31500024990022F634521F8022FF9D10134A245F044D2
S315000249A0D8D1DDE90013DDE90220013143F100032C
S315000249B0984208BF8A4208D00F46C8E701344FEA38
S315000249C04C0EA245F044C5D1EBE7002005B0BDE888
S315000249D0F08F9A46984699464FEA840B76E74FF04F
S315000249E00109A7E7009B4B4503DD4FF0010C0023AD
S315000249F093E74FF001090023CC46A0E74FF00008E9
S31500024A004FEA840BC14661E715F034FA2DE9F04FFF
S31500024A1091461C46D9F8047085B0002206460D461A
S31500024A20CDF808900197EFF7F5FD3A68A242009299
S31500024A3040F3C2804368009A1B68934240F0BC80F0
S31500024A406B68002B00F09D80D3F800A0BAF1000F2E
S31500024A5040F3AC800027B846B9464FEA840B3A4683
S31500024A6029463046EFF7D6FD436801375B445B685B
S31500024A7013EB080849EBE3795745F0D1019B03EBA9
S31500024A800B025268D117494508BF424540F094804F
S31500024A90029A04F10109002C4946D2F8008079DD18
S31500024AA000209E464FF0010C03465EF8047F01305B
S31500024AB0FA170CFB02F207FB0322ACFB07C3844284
S31500024AC01344F2D1009A4A4561DD019A009C02EB39
S31500024AD089004FF0010950F8042F01318C42A9FBDD
S31500024AE00292F8DCBCF1010F73F1000245DBBAF168
S31500024AF0000F42DD0027CDE902C33A463B460024B9
S31500024B00CDE90032224629463046EFF783FD0028DA
S31500024B1052D0D0E900135B445B6809FB03FCBCF18D
S31500024B20000F0CFB07F321DD03F18043013B01EB90
S31500024B308301A8F104034FEA8C0E03EB8C0C53F8A5
S31500024B40042F634541F8042FF9D10134A245F044FC
S31500024B50D8D1DDE90032DDE90210013342F100026B
S31500024B60904208BF994208D01F46C8E701344FEA6F
S31500024B708C0EA245F044C5D1EBE7002005B0BDE896
S31500024B80F08F9A46984699464FEA840B76E74FF09D
S31500024B900109A7E7009B4B4503DD4FF0010C0023FB
S31500024BA093E74FF001090023CC46A0E74FF0000837
S31500024BB04FEA840BC14661E715F05CF970B5002235
S31500024BC082B004460E46EFF70BFD02220546314639
S31500024BD02046EFF705FD002846D003686A681B6881
S31500024BE01268002B0CDB93420CDB62231F496569BA
S31500024BF0204600911E4A1F49A847012002B070BDF7
S31500024C009B1812D4287A421E082A06D8DFE802F038
S31500024C101E10050505051705250065690FF09CFCA4
S31500024C20154902462046A847E7E761231349DEE70E
S31500024C302A4631462046FFF7E9FE02B070BD2A46F3
S31500024C4031462046FFF70AFE02B070BD2A463146BB
S31500024C502046FFF759FC02B070BD2A46314620466F
S31500024C60FFF730FD02B070BD15F004F970E60300DF
S31500024C70B4E6030064A5030090E6030060E60300C1
S31500024C80F0B5002287B006460C46EFF7A9FC0546AA
S31500024C90007A052826D0214600223046EFF7BAFCD4
S31500024CA004A9074628460AF03BFC044610B12046F2
S31500024CB007B0F0BD384605A90AF032FC04460028C2
S31500024CC0F5D1DDE904239A4218D0CDE902230E4D2F
S31500024CD00E4974696A23009130460D4A0D490195C1
S31500024CE0A04707E074690FF037FC0B4902462B7A9E
S31500024CF03046A0470124204607B0F0BD296838682F
S31500024D0015F0D6FAD3E700BF6CE7030080E703008D
S31500024D103CE7030058A60300A0A503002DE9F047CF
S31500024D200B68044686B013B11B68012B11D0584A92
S31500024D3065690126CDE9012320462F23554A0092B3
S31500024D405549564A0396A8470124204606B0BDE8AF
S31500024D50F0874B680D4613B11B68012B08D04C4AED
S31500024D6065690126CDE90123204630234C4AE6E750
S31500024D70C6680022336830469B69D1F8148098478A
S31500024D8033680022074629463046DB699847824641
S31500024D90BA68D8F820901068DAF808C008285ADCF1
S31500024DA000218945CDE904112FD0C8BFA8F1040816
S31500024DB010DC5AE0834213DA02EB830EDEF804E0DB
S31500024DC0BEF1010F0CD1183301316B44894503F84A
S31500024DD008EC4CD058F8043F002BEBDA1B18EBD545
S31500024DE0304B20460093D4F8148049232B4A2E498F
S31500024DF0C04701243368394630465B6A98473368B0
S31500024E00514630465B6A98479FE7002821DD1346E4
S31500024E104FEA800E04A902EB800053F8044F0131D9
S31500024E20012C08BF01F8014C8342F6D11346002239
S31500024E300DF10F0103EB0E0411F8010F30B90CEB63
S31500024E40820040685D680132A84213DB0433A34244
S31500024E50F2D10024CEE7154B20460093D4F81480F5
S31500024E603C230E4A1049C047C3E70028F1DD4FEA4A
S31500024E70800EDBE714F0FEFF3368394630465B6A84
S31500024E8098473368514630465B6A984710F006FCED
S31500024E90B0C00300F0A8030058A603003CE70300D5
S31500024EA074A60300B4E7030064A5030090E70300B9
S31500024EB010B504460021034B034AEFF769FB20466F
S31500024EC010BD00BF814C02001D4D0200836B0BB169
S31500024ED05421184710B514F0CDFF00BFF0B4CB69CA
S31500024EE05AB2002B0270027680F8302016DDD1E924
S31500024EF003654FEA830C024600234C691EB37768AA
S31500024F00FF5842F8047FE5B16F68FF589761B4B164
S31500024F106768FF58043363451763EFD1F0BC00227C
S31500024F200B68A0F84A201968A0F84E20A0F848108D
S31500024F3059681B69A0F84C10A0F8503070472746F4
S31500024F40E7E72F46E1E73746DAE700BF2DE9F04FFC
S31500024F500E468B69A9B09B68044613A80993FFF70E
S31500024F60BDFFB368002B00F0D28099680EA851F8F5
S31500024F70042B0D92920015F09BF9D6F81C90B9F10C
S31500024F80000F40F3EA800D9B01220593BDF8943091
S31500024F904FF000080893BDF8983075690A93BDF87A
S31500024FA09C300DF14C0C07930DF1340A0B940696C6
S31500024FB051E0089CDCF804E00C41E407DCF83470AC
S31500024FC05CD5002F40F39A8003F1004E002BC0F20D
S31500024FD099802EEAEE74079E46FA01FE1EF0010F34
S31500024FE05CD10A9EDCF81CB046FA01FE1EF0010FE7
S31500024FF056D0002F40F38880002BC0F283806FF0DA
S31500025000004B5B4567DA069E37683F690F41F90731
S315000250101AD41B1B07EE903AB8EEE77A07EE900A0F
S31500025020F8EEE76AC7EE267AFAFE677AFDEEE77AC7
S31500025030099B03EB8803596817EE903A23EAE37358
S3150002504099427CD108F1010891450CF1040C02F158
S3150002505001035ED01A46511E002D3FD06B6803EB4A
S31500025060820353F8040C00283FD0059B994249DA83
S315000250705AF82230002B9CD11C46C4E7BEF1000F21
S3150002508019DB002F1ADD002B3CDB9E45A1DD079EB6
S315000250901C4646FA01FE1EF0010FA2D0631CB2E7BF
S315000250A0BBF1000F12DB002FABDC013B5B45AADB39
S315000250B04BEAEB73A7E7002F9E4487DC5C1E661C57
S315000250C020DB744587DB4EEAEE7484E7002F9B44AF
S315000250D0EBDD002B16DB2BEAEB7394E72B4603EB97
S315000250E0820353F8040C0028BFD10B9C1C492046AE
S315000250F063699847012029B0BDE8F08F5C1E661CE3
S31500025100BFF669AF14F0B6FE03F1004BCDE70D937F
S3150002511033E70B9C099B1B6843450CD0CDE902384B
S31500025120104A114965697D230192009120460F4A72
S315000251300F49A847DEE7002029B0BDE8F08FCDE988
S3150002514002130B9C0B4A0C4E656979230192204689
S31500025150064A07490096A847CCE74FF00008D9E768
S3150002516000E80300BCE80300C8E8030058E80300AF
S3150002517058A6030090E803009CE803002DE9F04FCF
S315000251800D69A3B0002D00F094800B680C4606460C
S3150002519013B11B68042B11D0574A74690425CDE953
S315000251A0012330468A23554A00920395544A5549AB
S315000251B0A0470125284623B0BDE8F08F4F6817B1F6
S315000251C03F68012F08D0504B74690125CDE901379C
S315000251D030468B234D4AE7E7D0F80C804B69002214
S315000251E00593D8F8003040469B69CDF81880984759
S315000251F03A460746D8F8003021469B69404607974B
S3150002520098478246D8F80030214602229B694046DA
S31500025210CDF820A098478146D8F8003021460322CF
S315000252209B694046CDF8249098478346D8F80030CB
S315000252302146DB6900224046CDF828B09847BB6874
S3150002524004461B68042BCDE90B0323DD3046736944
S315000252502F4998470125D8F80030394640465B6AFF
S315000252609847D8F80030514640465B6A9847D8F8C6
S315000252700030494640465B6A9847D8F8003059469E
S3150002528040465B6A9847D8F80030214640465B6A3A
S3150002529098478FE70DA805A9FFF720FE014654227D
S315000252A0284615F005F8304605A9FFF74FFE0546D4
S315000252B0D1E714F0DFFDD8F80030394640465B6A84
S315000252C09847D8F80030514640465B6A9847D8F866
S315000252D00030494640465B6A9847D8F8003059463E
S315000252E040465B6A9847D8F80030214640465B6ADA
S315000252F0984710F0D3F900BF90CB0300F0A8030043
S3150002530058E8030058A60300B0C0030074A60300C1
S31500025310DCE8030010B50446034B044A0449EFF7E0
S3150002532037F9204610BD00BFA17202007D5102006E
S31500025330CD4E02002DE9F04F80468A46BFB029AF16
S315000253409146384654224146019314F0B1FFB8F80B
S315000253504830DAF800200493B8F84C30052A039353
S31500025360B8F8503098F9006098F918B098F93050AA
S31500025370029300F31F81D9F80080B8F1050F00F3FC
S3150002538019810521881A1D910ED000210123019C45
S315000253900DF1740C02E0052900F00C8101318842FE
S315000253A04CF8043FF7D101941EAB92000AF10401B6
S315000253B003EB800014F07CFF0522B2EB0800239277
S315000253C00DD000220123019C23A902E0052A00F048
S315000253D0F1800132904241F8043FF7D1019424ABA7
S315000253E04FEA880209F1040103EB800014F060FF22
S315000253F0052E00F3DF805E4540F0DC80B54240F0CA
S31500025400D980002DC5F105080FDD019C07EB850546
S3150002541007F114032A6B1A6355F8042943F8042981
S31500025420EA69AF42DA61F5D10194B8F1000F10D002
S315000254304FEA88052A4600212AA814F0C8FE01224E
S315000254402FAB019C1D4443F8042F9D429A61FAD169
S315000254500194049BDDF8749003FA08F2039BB9F1F8
S31500025460000F03FA08F1029B03FA08F39BB20393B7
S315000254704FF0010303FA08F303F1FF339BB242EA4A
S31500025480030243EA010392B29BB20592069340F3EA
S3150002549091801E9BABB105982A9AC00736993AD5D8
S315000254A0002940F3DC8203F10042002BC0F2828025
S315000254B022EAE27E039AD20740F1DB820EF1010371
S315000254C000E09E46B9F1010F74D01F9D002D3FD01A
S315000254D005982B9A8607379929D5002940F30C831C
S315000254E0002D05F1004265DB22EAE27C039A94076D
S315000254F02BD40698319A800740F13182002940F375
S315000255002682002DA8BF6FF0004253DB954280F23F
S315000255101B82A8461EE0002AC0F2DF82002940F361
S31500025520E082002B46DB9A42C2DD9E469DE2002ABD
S31500025530C0F28E82002940F3AE82002D3ADBAA42E7
S31500025540D2DD039AAC469407D3D50CF1010801E0EB
S31500025550AC46A846B9F1020F2CD0209898B1059C0A
S315000255602C9A6707389927D5002940F36C820028C0
S3150002557000F100421EDB22EAE277039A520729D59E
S3150002558007F1010A01E007468246B9F1030F11D07D
S315000255902199002954D0059C2D9A2407DDF8E4B000
S315000255A02AD5BBF1000F40F34982002901F10042DE
S315000255B080F2E68114F05EFC002AC0F238820029ED
S315000255C040F320820028F5DB8242D4DD0746039AA7
S315000255D05207D5D4069C329A660740F10982002901
S315000255E040F3FE810028A8BF6FF00042E2DB904242
S315000255F080F2F3818246C8E7002AC0F2BA81BBF183
S31500025600000F40F3C6810029D4DB8A4240F3B881F9
S315000256100E46039A120700F1B981069C339A2407B3
S3150002562040F1FA81BBF1000F40F3C8810029A8BFFF
S315000256306FF00042BEDB8A4240F3BC81049101E076
S315000256400E460491B9F1040FB4D0229A8AB13A9C5B
S31500025650DDF8B8900294059CE40640F10E81029CA6
S31500025660002C40F36581002A02F1004980F22D8167
S31500025670A0E7934603920EFB05F4A44400FB0CFC40
S31500025680A044029400FB08F405FB03F36744069466
S3150002569001FB07F41093049B264423440E9402FB59
S315000256A003F40D9402FB06F40C94369CDDF8E080BC
S315000256B0159405FB04F4379DE24405FB00F61795A5
S315000256C000FB04F501FB0AF701FB08F0189401FB45
S315000256D006F405FB01F1DDF8E4A0099702FB0AF9DD
S315000256E002FB00F7059002FB04F001FB02F21B929B
S315000256F0159A6346002ABC461A941690109A3A984E
S315000257001996DDE9014740F3B3809742B4BF002200
S315000257100122002A40F091800C9E179A0A960D9E4D
S31500025720DDF824E00B960E9E0793002A0896CDF824
S315000257303CE0DDE906266FDD9642B4BF002601266F
S31500025740002E7DD1CDF81080089A1493049B029204
S31500025750002BCDE91175DDE90A2E13910F9F114633
S31500025760029B3ADDBB423ADA039BBAF1000F03EB26
S3150002577001052B460A460D46194659DD7245B4BF48
S3150002578000230123F3B9002802EB0B03CDF804A092
S3150002579013DD8B42B4BF00260126002E41D1D4E987
S315000257A0006808F1040A06EB8306C4F804A036680A
S315000257B000280344C8F80060EBDC8B42CCBF00260D
S315000257C00126EAE72946029B059AE6441344029318
S315000257D0049B6144002B029BC4DCBB42C4DCDDE9B2
S315000257E01175DDE91313199A079EDDF81080164428
S315000257F007961A9A0F9E16440F96089E1644089606
S315000258000B9A169E32440B920A9A32440A92179ABD
S31500025810002ADDE906268FDC9642CCBF0026012649
S315000258208EE7DDF804A04A44BAF1000F4944A5DC2C
S315000258307245CCBF00230123A4E73FB0BDE8F08F39
S31500025840189A1B9E1744069A2B442A440692099AD2
S315000258500A4409920E9A0A440E920D9A32440D9205
S315000258600C9A32440C92159A002A109A3FF74DAFC1
S315000258709742CCBF002201224BE7B9F1000F1DDB94
S31500025880029C002C2ADD002AFFF694AE91451CDD0F
S315000258909346039CE4061DD4069CDDF8D090E406EC
S315000258A027D5029C002C3EDD002AA8BF6FF00049D6
S315000258B0FFF680AE4A4532DA0392DCE6029C914458
S315000258C0002C0BDD002AFFF675AE039C29EAE97B64
S315000258D0E406E1D50BF101040394CCE602F1FF3BA9
S315000258E0BBF1FF3FFFF666AED945D2DC49EAE97B5A
S315000258F0CFE7B9F1000F0BDB029C002CDADC541E59
S31500025900A14503943FF7B7AE49EAE9740394B2E6B8
S31500025910029C9144002CF2DD002AFFF64BAE29EAE6
S31500025920E9740394A7E6002A02F10049ECDA41E69B
S3150002593002F1FF3BBBF1FF3FABDA3BE600292A440B
S3150002594012DD002DFFF636AE22EAE27802E6002DDF
S3150002595005F10042FFF62EAE42EAE278FAE5002AA7
S31500025960ECDB00293FF7D2AD05F1FF389045F3DABB
S31500025970F0E5BBF1000F0A440BDD0029FFF61AAE73
S3150002598022EAE276039A12077FF547AE721C049268
S3150002599058E64E1E741CFFF60DAEB2423FF739AE04
S315000259A042EAE27635E6BBF1000F0A443ADD002907
S315000259B0FFF600AE22EAE272049243E6002901F102
S315000259C00042FFF6F7AD42EAE27204923AE6002995
S315000259D0024412DD0028FFF6EDAD22EAE27AD4E5B2
S315000259E0002800F10042FFF6E5AD42EAE27ACCE594
S315000259F0002AECDB00293FF7FAAD00F1FF3A9245A7
S31500025A00F3DAC2E5471E7C1CFFF6D4AD9742FFF6D9
S31500025A10DEAD42EAE277DAE5002AC4DBBBF1000F2B
S31500025A203FF709AE4C1EA2420494CCDD0AE60029D9
S31500025A300244E7DD0028BFF69EADBBE54E1E721C92
S31500025A40BFF6E7ADB6E5471E7E1CBFF6C0ADB1E5B3
S31500025A5000292A441FDD002DBFF646ADAAE503F153
S31500025A60FF3EBEF1FF3FFFF6A5AD039AD2073FF513
S31500025A7025AD0698309AC70721D5002917DD002BD8
S31500025A80A8BF6FF00042FFF695AD9342FFF61AAD3E
S31500025A9022EAE27316E505F1FF3CBCF1FF3FFFF691
S31500025AA089AD9445FFF622AD42EAE27C1EE5002B63
S31500025AB003F10042FFF67EAD42EAE27302E5002AF6
S31500025AC005DB0029E1DC013B9342F5DAFAE4002921
S31500025AD01A44F8DD002BDBDA6CE500291A443FF79D
S31500025AE0E4AC03F1FF3EBEF1FF3FFFF663AD964520
S31500025AF0BBDB42EAE27EB8E705F1FF3CBCF1FF3FC1
S31500025B00BFF6F4AC56E500BF2DE9F04F80468A4653
S31500025B10BFB029AF9146384654224146029314F04B
S31500025B20C7FBB8F84830DAF800200493B8F84C30CE
S31500025B30052A0393B8F8503098F9006098F918B01E
S31500025B4098F93050019300F31F81D9F80080B8F11B
S31500025B50050F00F319810521881A1D910ED0002127
S31500025B600123029C0DF1740C02E0052900F00C8160
S31500025B70013188424CF8043FF7D102941EAB9200E1
S31500025B800AF1040103EB800014F092FB0522B2EB4A
S31500025B90080023920DD000220123029C23A902E0D1
S31500025BA0052A00F0F1800132904241F8043FF7D114
S31500025BB0029424AB4FEA880209F1040103EB800048
S31500025BC014F076FB052E00F3DF805E4540F0DC80A4
S31500025BD0B54240F0D980002DC5F105080FDD029CC3
S31500025BE007EB850507F114032A6B1A6355F8042996
S31500025BF043F80429EA69AF42DA61F5D10294B8F1B1
S31500025C00000F10D04FEA88052A4600212AA814F070
S31500025C10DEFA01222FAB029C1D4443F8042F9D425B
S31500025C209A61FAD10294049BDDF8749003FA08F2A1
S31500025C30039BB9F1000F03FA08F1019B03FA08F37B
S31500025C409BB204934FF0010303FA08F303F1FF3307
S31500025C509BB242EA030243EA010392B29BB2059265
S31500025C60069340F391801E9BABB105982A9AC00712
S31500025C7036993AD5002940F3E58203F10042002B1A
S31500025C80C0F2828022EAE27E049AD20740F1E482DE
S31500025C900EF1010300E09E46B9F1010F74D01F9D7B
S31500025CA0002D3FD005982B9A8607379929D50029CA
S31500025CB040F31583002D05F1004265DB22EAE27C02
S31500025CC0049A94072BD40698319A800740F13A82B7
S31500025CD0002940F32F82002DA8BF6FF0004253DB4C
S31500025CE0954280F22482A8461EE0002AC0F2E8828B
S31500025CF0002940F3E982002B46DB9A42C2DD9E462A
S31500025D00A6E2002AC0F29782002940F3B782002D4C
S31500025D103ADBAA42D2DD049AAC469407D3D50CF1FB
S31500025D20010801E0AC46A846B9F1020F2CD0209832
S31500025D3098B1059C2C9A6707389927D5002940F314
S31500025D407582002800F100421EDB22EAE277049AFD
S31500025D50520729D507F1010A01E007468246B9F141
S31500025D60030F11D02199002954D0059C2D9A24079E
S31500025D70DDF8E4B02AD5BBF1000F40F352820029C8
S31500025D8001F1004280F2EF8114F074F8002AC0F2A9
S31500025D904182002940F329820028F5DB8242D4DDC4
S31500025DA00746049A5207D5D4069C329A660740F1F2
S31500025DB01282002940F307820028A8BF6FF0004232
S31500025DC0E2DB904280F2FC818246C8E7002AC0F2FA
S31500025DD0C381BBF1000F40F3CF810029D4DB8A4295
S31500025DE040F3C1810E46049A120700F1C281069C55
S31500025DF0339A240740F10382BBF1000F40F3D181AD
S31500025E000029A8BF6FF00042BEDB8A4240F3C5817B
S31500025E10039101E00E460391B9F1040FB4D0229A20
S31500025E208AB13A9CDDF8B8900194059CE40640F1EB
S31500025E301781019C002C40F36E81002A02F1004971
S31500025E4080F23681A0E7934604920EFB05FE05FB1F
S31500025E5003F3F44400FB0CFCF044109300FB08F33C
S31500025E60E244089301FB0AF3674401FB07F70A932E
S31500025E70039B3E443B4402FB03F302FB06F40393FB
S31500025E80369B0E94159305FB03F3379C389D1893A6
S31500025E90169404FB00F403FB00F02B46199401FB55
S31500025EA005F501FB04F401FB00F1DDF8E4A00D9712
S31500025EB002FB0AF902FB05F71A941B9102FB04F492
S31500025EC001FB02F23A999846019115990646002974
S31500025ED01046179462467346BC46DDE9024710999E
S31500025EE0069540F3AF808B42B4BF00250125002DF5
S31500025EF040F0AD800E9903901698CDE90B17DDF8A8
S31500025F0028E00D99079200280991CDF83CE0019905
S31500025F10DDE907056CDDA842B4BF00250125002D89
S31500025F2078D1DDE90B0ECDF81480CDE91132059B4F
S31500025F30CDE91367002B0246099D0F9F39DDBD424D
S31500025F4080F28880049BBAF1000F03EB0206334607
S31500025F50104616461A4658DD7045B4BF0023012383
S31500025F60FBB90029CDF804A000EB0B03AA46029068
S31500025F7012DD9342B4BF00250125002D3DD165688F
S31500025F80206805F10108C4F8048010F9038000298D
S31500025F9085F800800B44ECDC9342CCBF002501253A
S31500025FA0EBE73246069BE6441D44059B6244002B02
S31500025FB0C5DCBD42C6DCDDE91132DDE91367DDF879
S31500025FC01480079D1998054407951A980F9D054454
S31500025FD00F95099D054409950C98179D28440C9028
S31500025FE00B9828440B9016980028DDE9070592DCE9
S31500025FF0A842CCBF0025012591E75546DDE901A05F
S31500026000BAF1000F48444A44A6DC7045CCBF0023CF
S315000260100123A5E7089D0191189935440B4408957B
S315000260201B990A9D03980D440A950D9D32440D4411
S315000260300E990D9501440E91159907440029109960
S315000260403FF751AF8B42CCBF002501254FE73FB04A
S31500026050BDE8F08F9846DDE91367DDE91132B0E756
S31500026060B9F1000F1DDB019C002C2ADD002AFFF688
S315000260708BAE91451CDD9346049CE4061DD4069C1A
S31500026080DDF8D090E40627D5019C002C3EDD002ADF
S31500026090A8BF6FF00049FFF677AE4A4532DA04929E
S315000260A0D3E6019C9144002C0BDD002AFFF66CAE70
S315000260B0049C29EAE97BE406E1D50BF10104049488
S315000260C0C3E602F1FF3BBBF1FF3FFFF65DAED945EA
S315000260D0D2DC49EAE97BCFE7B9F1000F0BDB019C81
S315000260E0002CDADC541EA14504943FF7AEAE49EA11
S315000260F0E9740494A9E6019C9144002CF2DD002A7D
S31500026100FFF642AE29EAE97404949EE6002A02F1F9
S315000261100049ECDA38E602F1FF3BBBF1FF3FABDAAE
S3150002612032E600292A4412DD002DFFF62DAE22EAC0
S31500026130E278F9E5002D05F10042FFF625AE42EAC6
S31500026140E278F1E5002AECDB00293FF7C9AD05F15B
S31500026150FF389045F3DAE7E5BBF1000F0A440BDDA1
S315000261600029FFF611AE22EAE276049A12077FF5BB
S315000261703EAE721C03924FE64E1E741CFFF604AE30
S31500026180B2423FF730AE42EAE2762CE6BBF1000FAE
S315000261900A443ADD0029FFF6F7AD22EAE2720392DB
S315000261A03AE6002901F10042FFF6EEAD42EAE2725A
S315000261B0039231E60029024412DD0028FFF6E4AD1F
S315000261C022EAE27ACBE5002800F10042FFF6DCADD6
S315000261D042EAE27AC3E5002AECDB00293FF7F1AD99
S315000261E000F1FF3A9245F3DAB9E5471E7C1CFFF649
S315000261F0CBAD9742FFF6D5AD42EAE277D1E5002A6A
S31500026200C4DBBBF1000F3FF700AE4C1EA242039463
S31500026210CCDD01E600290244E7DD0028BFF695AD94
S31500026220B2E54E1E721CBFF6DEADADE5471E7E1C04
S31500026230BFF6B7ADA8E500292A441FDD002DBFF63B
S315000262403DADA1E503F1FF3EBEF1FF3FFFF69CAD7A
S31500026250049AD2073FF51CAD0698309AC70721D596
S31500026260002917DD002BA8BF6FF00042FFF68CADA8
S315000262709342FFF611AD22EAE2730DE505F1FF3C0A
S31500026280BCF1FF3FFFF680AD9445FFF619AD42EA39
S31500026290E27C15E5002B03F10042FFF675AD42EAFA
S315000262A0E273F9E4002A05DB0029E1DC013B9342B3
S315000262B0F5DAF1E400291A44F8DD002BDBDA63E5AE
S315000262C000291A443FF7DBAC03F1FF3EBEF1FF3F64
S315000262D0FFF65AAD9645BBDB42EAE27EB8E705F128
S315000262E0FF3CBCF1FF3FBFF6EBAC4DE52DE9F04FAD
S315000262F080468A46BFB029AF914638465422414667
S31500026300019313F0D5FFB8F84830DAF80020049369
S31500026310B8F84C30052A0393B8F8503098F9006063
S3150002632098F918B098F93050029300F31F81D9F802
S315000263300080B8F1050F00F319810521881A1D9115
S315000263400ED000210123019C0DF1740C02E00529F7
S3150002635000F00C81013188424CF8043FF7D10194D8
S315000263601EAB92000AF1040103EB800013F0A0FFBA
S315000263700522B2EB080023920DD000220123019CD4
S3150002638023A902E0052A00F0F1800132904241F889
S31500026390043FF7D1019424AB4FEA880209F10401C4
S315000263A003EB800013F084FF052E00F3DF805E45C9
S315000263B040F0DC80B54240F0D980002DC5F10508D9
S315000263C00FDD019C07EB850507F114032A6B1A639F
S315000263D055F8042943F80429EA69AF42DA61F5D18E
S315000263E00194B8F1000F10D04FEA88052A46002121
S315000263F02AA813F0ECFE01222FAB019C1D4443F8A0
S31500026400042F9D429A61FAD10194049BDDF874909F
S3150002641003FA08F2039BB9F1000F03FA08F1029B93
S3150002642003FA08F39BB203934FF0010303FA08F34E
S3150002643003F1FF339BB242EA030243EA010392B23B
S315000264409BB20592069340F391801E9BABB10598D1
S315000264502A9AC00736993AD5002940F3E58203F114
S315000264600042002BC0F2828022EAE27E039AD20721
S3150002647040F1E4820EF1010300E09E46B9F1010FFC
S3150002648074D01F9D002D3FD005982B9A8607379909
S3150002649029D5002940F31583002D05F1004265DB5D
S315000264A022EAE27C039A94072BD40698319A800753
S315000264B040F13A82002940F32F82002DA8BF6FF0E7
S315000264C0004253DB954280F22482A8461EE0002A4F
S315000264D0C0F2E882002940F3E982002B46DB9A42A9
S315000264E0C2DD9E46A6E2002AC0F29782002940F348
S315000264F0B782002D3ADBAA42D2DD039AAC46940754
S31500026500D3D50CF1010801E0AC46A846B9F1020F59
S315000265102CD0209898B1059C2C9A6707389927D5D4
S31500026520002940F37582002800F100421EDB22EAB0
S31500026530E277039A520729D507F1010A01E00746D5
S315000265408246B9F1030F11D02199002954D0059C36
S315000265502D9A2407DDF8E4B02AD5BBF1000F40F3EB
S315000265605282002901F1004280F2EF8113F082FC8F
S31500026570002AC0F24182002940F329820028F5DB75
S315000265808242D4DD0746039A5207D5D4069C329A34
S31500026590660740F11282002940F307820028A8BF4D
S315000265A06FF00042E2DB904280F2FC818246C8E74D
S315000265B0002AC0F2C381BBF1000F40F3CF8100294C
S315000265C0D4DB8A4240F3C1810E46039A120700F1D8
S315000265D0C281069C339A240740F10382BBF1000F65
S315000265E040F3D1810029A8BF6FF00042BEDB8A4288
S315000265F040F3C581049101E00E460491B9F1040FFE
S31500026600B4D0229A8AB13A9CDDF8B8900294059CDD
S31500026610E40640F11781029C002C40F36E81002AA9
S3150002662002F1004980F23681A0E7934603920EFBFF
S3150002663005FE05FB03F3F44400FB0CFCF0440F9348
S3150002664000FB08F3E244079301FB0AF3674401FBEC
S3150002665007F70993049B3E443B4402FB03F30D9365
S3150002666002FB06F30C93369B379C159305FB03F34B
S31500026670389D1893179404FB00F403FB00F02B4695
S31500026680199401FB05F501FB04F401FB00F1DDF8A9
S31500026690E4A0049702FB0AF902FB05F71B941A9180
S315000266A002FB04F401FB02F23A999846029115990B
S315000266B0064600291046169462467346BC46019C5D
S315000266C0049F0F99059540F3B3808B42B4BF002512
S315000266D00125002D40F0B1800C990194179CDDF83C
S315000266E024E00A910D990692002C0B9108970299C3
S315000266F0CDF838E0DDE9064570DDAC42B4BF0025D1
S315000267000125002D7CD1DDE90A4ECDF81080CDE9B8
S315000267101036049BCDE91302002B22461297089DE0
S315000267200E9F019C39DDBD4280F28A80039BBAF13D
S31500026730000F03EB02063346104616461A465ADD8A
S315000267407045B4BF00230123FBB90029CDF804A08C
S3150002675000EB0B03AA46029012DD9342B4BF00255A
S315000267600125002D3FD16568206805F10208C4F8AD
S31500026770048030F913800029A5F800800B44ECDC74
S315000267809342CCBF00250125EBE73246059BE64442
S315000267901D44049B6244002BC5DCBD42C6DCDDF809
S315000267A01080069D0194199C149A254406951B9CFB
S315000267B00E9DDDE9103625440E95089DDDE9127021
S315000267C0254408950B9C169D2C440B940A9C2C443C
S315000267D00A94179C002CDDE906458EDCAC42CCBF40
S315000267E0002501258DE75546DDE901A0BAF1000F26
S315000267F048444A44A4DC7045CCBF00230123A3E7E6
S31500026800079D0291189935440B4407951A99099DDB
S315000268100F440D440D99019C01440D910C9932448B
S3150002682001440C911599099500290F993FF74DAF2F
S315000268308B42CCBF002501254BE73FB0BDE8F08F68
S315000268409846AEE7B9F1000F1DDB029C002C2ADD4B
S31500026850002AFFF68BAE91451CDD9346039CE406A7
S315000268601DD4069CDDF8D090E40627D5029C002CA8
S315000268703EDD002AA8BF6FF00049FFF677AE4A4513
S3150002688032DA0392D3E6029C9144002C0BDD002AF5
S31500026890FFF66CAE039C29EAE97BE406E1D50BF12F
S315000268A001040394C3E602F1FF3BBBF1FF3FFFF68F
S315000268B05DAED945D2DC49EAE97BCFE7B9F1000FF3
S315000268C00BDB029C002CDADC541EA14503943FF735
S315000268D0AEAE49EAE9740394A9E6029C9144002CFF
S315000268E0F2DD002AFFF642AE29EAE97403949EE637
S315000268F0002A02F10049ECDA38E602F1FF3BBBF16D
S31500026900FF3FABDA32E600292A4412DD002DFFF6FC
S315000269102DAE22EAE278F9E5002D05F10042FFF6F6
S3150002692025AE42EAE278F1E5002AECDB00293FF7E0
S31500026930C9AD05F1FF389045F3DAE7E5BBF1000F83
S315000269400A440BDD0029FFF611AE22EAE276039A2B
S3150002695012077FF53EAE721C04924FE64E1E741C61
S31500026960FFF604AEB2423FF730AE42EAE2762CE6DA
S31500026970BBF1000F0A443ADD0029FFF6F7AD22EA21
S31500026980E27204923AE6002901F10042FFF6EEAD08
S3150002699042EAE272049231E60029024412DD00283C
S315000269A0FFF6E4AD22EAE27ACBE5002800F10042E6
S315000269B0FFF6DCAD42EAE27AC3E5002AECDB002907
S315000269C03FF7F1AD00F1FF3A9245F3DAB9E5471E1A
S315000269D07C1CFFF6CBAD9742FFF6D5AD42EAE277D5
S315000269E0D1E5002AC4DBBBF1000F3FF700AE4C1E17
S315000269F0A2420494CCDD01E600290244E7DD002828
S31500026A00BFF695ADB2E54E1E721CBFF6DEADADE524
S31500026A10471E7E1CBFF6B7ADA8E500292A441FDD36
S31500026A20002DBFF63DADA1E503F1FF3EBEF1FF3FEE
S31500026A30FFF69CAD039AD2073FF51CAD0698309A35
S31500026A40C70721D5002917DD002BA8BF6FF000422A
S31500026A50FFF68CAD9342FFF611AD22EAE2730DE525
S31500026A6005F1FF3CBCF1FF3FFFF680AD9445FFF612
S31500026A7019AD42EAE27C15E5002B03F10042FFF66E
S31500026A8075AD42EAE273F9E4002A05DB0029E1DC8E
S31500026A90013B9342F5DAF1E400291A44F8DD002BB2
S31500026AA0DBDA63E500291A443FF7DBAC03F1FF3E6C
S31500026AB0BEF1FF3FFFF65AAD9645BBDB42EAE27EE8
S31500026AC0B8E705F1FF3CBCF1FF3FBFF6EBAC4DE585
S31500026AD02DE9F04F80468A46BFB029AF9146384627
S31500026AE054224146029313F0E3FBB8F84830DAF831
S31500026AF000200493B8F84C30052A0393B8F85030B6
S31500026B0098F9006098F918B098F93050019300F39B
S31500026B101F81D9F80080B8F1050F00F3198105210C
S31500026B20881A1D910ED000210123029C0DF1740CCE
S31500026B3002E0052900F00C81013188424CF8043F3D
S31500026B40F7D102941EAB92000AF1040103EB800016
S31500026B5013F0AEFB0522B2EB080023920DD0002201
S31500026B600123029C23A902E0052A00F0F1800132EA
S31500026B70904241F8043FF7D1029424AB4FEA8802CF
S31500026B8009F1040103EB800013F092FB052E00F3DA
S31500026B90DF805E4540F0DC80B54240F0D980002DB2
S31500026BA0C5F105080FDD029C07EB850507F1140305
S31500026BB02A6B1A6355F8042943F80429EA69AF4295
S31500026BC0DA61F5D10294B8F1000F10D04FEA8805C8
S31500026BD02A4600212AA813F0FAFA01222FAB029CB8
S31500026BE01D4443F8042F9D429A61FAD10294049BF4
S31500026BF0DDF8749003FA08F2039BB9F1000F03FA69
S31500026C0008F1019B03FA08F39BB204934FF00103C8
S31500026C1003FA08F303F1FF339BB242EA030243EAA3
S31500026C20010392B29BB20592069340F391801E9B9A
S31500026C30ABB105982A9AC00736993AD5002940F38E
S31500026C40DB8203F10042002BC0F2828022EAE27E5E
S31500026C50049AD20740F1DA820EF1010300E09E4661
S31500026C60B9F1010F74D01F9D002D3FD005982B9AC4
S31500026C708607379929D5002940F30B83002D05F1A4
S31500026C80004265DB22EAE27C049A94072BD406983A
S31500026C90319A800740F13082002940F32582002D87
S31500026CA0A8BF6FF0004253DB954280F21A82A846D3
S31500026CB01EE0002AC0F2DE82002940F3DF82002BAA
S31500026CC046DB9A42C2DD9E469CE2002AC0F28D82D3
S31500026CD0002940F3AD82002D3ADBAA42D2DD049AA6
S31500026CE0AC469407D3D50CF1010801E0AC46A846A0
S31500026CF0B9F1020F2CD0209898B1059C2C9A6707FF
S31500026D00389927D5002940F36B82002800F100420A
S31500026D101EDB22EAE277049A520729D507F1010A15
S31500026D2001E007468246B9F1030F11D021990029E5
S31500026D3054D0059C2D9A2407DDF8E4B02AD5BBF180
S31500026D40000F40F34882002901F1004280F2E581FA
S31500026D5013F090F8002AC0F23782002940F31F820E
S31500026D600028F5DB8242D4DD0746049A5207D5D4C1
S31500026D70069C329A660740F10882002940F3FD819B
S31500026D800028A8BF6FF00042E2DB904280F2F28157
S31500026D908246C8E7002AC0F2B981BBF1000F40F370
S31500026DA0C5810029D4DB8A4240F3B7810E46049A94
S31500026DB0120700F1B881069C339A240740F1F98143
S31500026DC0BBF1000F40F3C7810029A8BF6FF0004254
S31500026DD0BEDB8A4240F3BB81039101E00E4603917A
S31500026DE0B9F1040FB4D0229A8AB13A9CDDF8B89070
S31500026DF00194059CE40640F10D81019C002C40F3B0
S31500026E006481002A02F1004980F22C81A0E79346B0
S31500026E1005920EFB05FE05FB03F3F44400FB0CFC96
S31500026E20F044109300FB08F3E244089301FB0AF3D3
S31500026E30674401FB07F70A93039B3E443B4402FB6C
S31500026E4003F30E9302FB06F30D93369B379C1593C1
S31500026E5005FB03F3389D1893179404FB00F403FB18
S31500026E6000F02B46199401FB05F501FB04F401FB26
S31500026E7000F1DDF8E4A0039702FB0AF902FB05F72D
S31500026E801B941A9102FB04F401FB02F23A9998460A
S31500026E9001911599064600291046169462467346D4
S31500026EA0BC46DDE902471099069540F3AB808B425A
S31500026EB0B4BF00250125002D40F0A9800D9903934A
S31500026EC0179BDDF828E00B910E990792002B0C9187
S31500026ED009970199CDF83CE0DDE9073569DDAB425A
S31500026EE0B4BF00250125002D74D1099BB8F1000F0E
S31500026EF00493CDE91167DDE90B3ECDE913020F9F3D
S31500026F001A46049B38DDBB4238DA059BBAF1000FFC
S31500026F1003EB02063346104616461A4655DD7645FB
S31500026F20B4BF00230123E3B90029CDE901A006EB92
S31500026F300B0311DD9342B4BF00250125002D3DD17F
S31500026F406568206805F1040AC4F804A050F8230015
S31500026F50002928600B44EDDC9342CCBF00250125B5
S31500026F60ECE70246049B0698B8F1000F034404932B
S31500026F70049BE6446244C6DCBB42C6DCDDE911671B
S31500026F80DDE91302079D199B1D4407951B9B0F9D67
S31500026F901D440F95099D1D4409950C9B169D2B4476
S31500026FA00C930B9B2B440B93179B002BDDE90735A8
S31500026FB095DCAB42CCBF0025012594E7DDE901A0B3
S31500026FC0BAF1000F4E444A44A9DC7645CCBF0023F1
S31500026FD00123A8E7089D039B0191189935440B44A8
S31500026FE008951A990A9D0F440D440E99324401449C
S31500026FF00E910D990A9501440D9115990029109942
S315000270003FF755AF8B42CCBF0025012553E73FB072
S31500027010BDE8F08FB9F1000F1DDB019C002C2ADDC3
S31500027020002AFFF695AE91451CDD9346049CE406C4
S315000270301DD4069CDDF8D090E40627D5019C002CD1
S315000270403EDD002AA8BF6FF00049FFF681AE4A4531
S3150002705032DA0592DDE6019C9144002C0BDD002A12
S31500027060FFF676AE049C29EAE97BE406E1D50BF14C
S3150002707001040594CDE602F1FF3BBBF1FF3FFFF6AB
S3150002708067AED945D2DC49EAE97BCFE7B9F1000F11
S315000270900BDB019C002CDADC541EA14505943FF75C
S315000270A0B8AE49EAE9740594B3E6019C9144002C12
S315000270B0F2DD002AFFF64CAE29EAE9740594A8E649
S315000270C0002A02F10049ECDA42E602F1FF3BBBF18B
S315000270D0FF3FABDA3CE600292A4412DD002DFFF61B
S315000270E037AE22EAE27803E6002D05F10042FFF60A
S315000270F02FAE42EAE278FBE5002AECDB00293FF7F5
S31500027100D3AD05F1FF389045F3DAF1E5BBF1000F97
S315000271100A440BDD0029FFF61BAE22EAE276049A48
S3150002712012077FF548AE721C039259E64E1E741C76
S31500027130FFF60EAEB2423FF73AAE42EAE27636E6E4
S31500027140BBF1000F0A443ADD0029FFF601AE22EA3E
S31500027150E272039244E6002901F10042FFF6F8AD1D
S3150002716042EAE27203923BE60029024412DD00285B
S31500027170FFF6EEAD22EAE27AD5E5002800F10042FA
S31500027180FFF6E6AD42EAE27ACDE5002AECDB00291B
S315000271903FF7FBAD00F1FF3A9245F3DAC3E5471E2E
S315000271A07C1CFFF6D5AD9742FFF6DFAD42EAE277E9
S315000271B0DBE5002AC4DBBBF1000F3FF70AAE4C1E2B
S315000271C0A2420394CCDD0BE600290244E7DD002847
S315000271D0BFF69FADBCE54E1E721CBFF6E8ADB7E525
S315000271E0471E7E1CBFF6C1ADB2E500292A441FDD4B
S315000271F0002DBFF647ADABE503F1FF3EBEF1FF3F03
S31500027200FFF6A6AD049AD2073FF526AD0698309A48
S31500027210C70721D5002917DD002BA8BF6FF0004252
S31500027220FFF696AD9342FFF61BAD22EAE27317E52F
S3150002723005F1FF3CBCF1FF3FFFF68AAD9445FFF630
S3150002724023AD42EAE27C1FE5002B03F10042FFF682
S315000272507FAD42EAE27303E5002A05DB0029E1DCA1
S31500027260013B9342F5DAFBE400291A44F8DD002BD0
S31500027270DBDA6DE500291A443FF7E5AC03F1FF3E80
S31500027280BEF1FF3FFFF664AD9645BBDB42EAE27E06
S31500027290B8E705F1FF3CBCF1FF3FBFF6F5AC57E599
S315000272A0F0B50F699FB0002F76D000220D46064634
S315000272B0EDF796F92946002204463046EDF7AAF97B
S315000272C0037A0546013B082B06D8DFE803F0513D59
S315000272D00505050528051100207A75690DF03CF9AA
S315000272E02E490246237A3046A84701201FB0F0BD38
S315000272F0214606A8EDF7A8F9002C4DD0294618A874
S315000273002668EDF7A1F92C68384618AA06A912AB29
S3150002731012961394FEF7F8FB00201FB0F0BD21462B
S315000273200CA8EDF791F9002C36D0294618A8266844
S31500027330EDF78AF92C68384618AA0CA912AB1296F0
S315000273401394FEF7D3FFE7E7214612A8EDF77CF97F
S3150002735014B3294618A82668EDF776F92C6838463C
S3150002736018AA12A90CAB0C960D94FFF7B1FBD3E742
S3150002737021466846EDF768F974B1294618A82668C9
S31500027380EDF762F92C686946384618AA12AB1296CE
S315000273901394FDF7CFFFBFE712F06CFDA0A5030023
S315000273A0836B0BB13421184710B512F063FD00BF91
S315000273B010B50446034B044A0449EDF7E9F82046A2
S315000273C010BD00BFE585020095870200A173020089
S315000273D000232DE9F04F83B01360924602680190B4
S315000273E09A4240F37C818E469C460023019ACAF853
S315000273F0043052689A4240F369819B46CDF800C038
S315000274000023CAF80830019B9B68002B40F3538186
S315000274104FF0000C0023CAF80C30019BDB68002BEE
S3150002742040F3408100260023CAF81030019B1B69F5
S31500027430002B40F32F81E0460023B4465E4699E0D6
S3150002744014F1804441F10001E40F44EA4104002DA5
S31500027450C5F1000100F3E0801F35C0F2438101252A
S315000274608D40013D4FEA650944FA01F1254009EBD9
S31500027470D4794D45C8BF0131D2E90945A04200F091
S31500027480F68080FB0404002CC0F2CD8010F180400F
S3150002749044F10004C00F40EA4400002DC5F1000487
S315000274A000F3BA801F35C0F21D810125A540013DBA
S315000274B04FEAD07940FA04F409EB650928404845B9
S315000274C0C8BF0134091BD2E90454A94200F0D68090
S315000274D081FB0515002DC0F2B58011F1804145F101
S315000274E00005C80F40EA4500002CC4F1000100F374
S315000274F093801F34C0F2F68001248C40013CC50FF4
S3150002750005EB640540FA01F104EA0009A945D4BF76
S315000275100846481CD1680844D16A126B8142B8BF3A
S3150002752001469142A8BF1146DEE905241568A26903
S31500027530606906FB02F2009E00FB0622E06900FB80
S315000275400822206A00FB0C22606A00FB032325F84E
S315000275501310DAF81030019A0133CAF810301269A2
S31500027560934280F29280DAE90168DAF80020DAF8CA
S315000275700CC00092DEF80840DEF81000A1696569C9
S3150002758001FB06F98169DEF8002001FB06FB009982
S3150002759005FB0199456905FB01BBE569616A05FBC6
S315000275A00899C56905FB08BB256A046A05FB0C999F
S315000275B004FB0CBB01FB0399416A956901FB03BB02
S315000275C0DEF80410096831F91940DEF80C10096872
S315000275D031F91B0051680C449168AC400844A8403C
S315000275E0D2E907158C423CD084FB01410029BFF643
S315000275F027AF404FE41961F10001002904DA6FF068
S315000276000047E41941F10001E40F002D44EA410468
S31500027610C5F100017FF720AF4FF4B371364B374AFD
S3150002762037480DF029FE334FC01964F10004002CCF
S3150002763004DA6FF00047C01944F10004C00F40EAB3
S3150002764044002AE72B48091865F10005002D04DAE3
S315000276506FF00040091845F10005C90F41EA4500DF
S3150002766042E7B4F1004FBFD16FF00044EFE6B0F14C
S31500027670004F7FF406AF6FF000400EE7B1F1004F06
S315000276807FF426AF6FF000402EE7DAE9003B009365
S31500027690DAE902C60136019BCAF80C60DB689E4233
S315000276A0FFF6C1AE0CF1010C019BCAF808C09B683B
S315000276B09C45FFF6AFAE0BF1010B019BCAF804B075
S315000276C05B689B45FFF69CAEDDF800C00CF1010C31
S315000276D0019BCAF800C01B689C45FFF686AE03B044
S315000276E0BDE8F08F40F26711064B044A04480DF0DC
S315000276F0C3FD00BF010000C090A5030068A40300FB
S31500027700C4A4030058A4030000232DE9F04F83B05C
S3150002771053601746426801909A4240F368818E464A
S315000277204FF0010C9B460023BB60019B9B68002B1C
S3150002773040F354814FF000080023FB60019BDB6895
S31500027740002B40F342810026C24600233B61019B87
S315000277501B69002B40F331810022CDF800B09AE07C
S3150002776014F1804448F10008E40F44EA4804002971
S31500027770C1F1000900F3E2801F31C0F23B810CFA2D
S3150002778009F808F1FF3844FA09F14FEA680909EBEA
S31500027790D47908EA0408C845C8BF0131D3E9098487
S315000277A0404500F0F88080FB0808B8F1000FC0F2EF
S315000277B0CC8010F1804048F10008C00F40EA480032
S315000277C0002CC4F1000900F3B9801F34C0F2128103
S315000277D00CFA09F840FA09F408F1FF384FEAD079B1
S315000277E009EB680908EA00004845C8BF0134091BCD
S315000277F0D3E90404814200F0D58081FB0018B8F178
S31500027800000FC0F2B28011F1804148F10008C80FA2
S3150002781040EA4800002CC4F1000100F38F801F34B7
S31500027820C0F2E8800CFA01F4013C4FEAD07840FA43
S3150002783001F104EA000908EB6408C145D4BF084611
S31500027840481CD968009D0844D96A1B6B8142B8BF9F
S3150002785001469942A8BF1946DEE905301C6843690C
S3150002786003FB0B44836903FB0544C36903FB0A4319
S31500027870046A406A04FB063300FB02F299543A6931
S31500027880019B01323A611B699A4280F29280D7E9E2
S3150002789002A67B680093DEF80800DEE9003145693E
S315000278A0D7F800B0D1F80090DEE9034105FB0B9949
S315000278B024684D6905FB0B488469009D04FB059904
S315000278C08C6904FB0588C4699D6804FB0A99CC6926
S315000278D004FB0A88046A406A04FB069902FB00F06C
S315000278E019F90040086A496A00FB068802FB01F1A1
S315000278F018F90100596828440C4499698C4088405B
S31500027900D3E90781444540D084FB0848B8F1000F0B
S31500027910BFF626AF3B4D641968F10008B8F1000FB7
S3150002792004DA6FF00045641948F10008E40F0029F3
S3150002793044EA4804C1F100097FF71EAF4FF4B37160
S31500027940314B324A32480DF097FC2E4D401968F100
S315000279500008B8F1000F04DA6FF00045401948F14B
S315000279600008C00F40EA48002AE72648091868F1CD
S315000279700008B8F1000F04DA6FF00040091848F168
S315000279800008C90F41EA480044E7B4F1004FBBD1F1
S315000279906FF00044EBE6B0F1004F7FF404AF6FF0F6
S315000279A000400DE7B1F1004F7FF427AF6FF00040C2
S315000279B030E7D7F804B0D7E902A60136019BFE608C
S315000279C0DB689E42FFF6C1AED04608F10108019B74
S315000279D0C7F808809B689845FFF6AEAE0BF1010B1F
S315000279E0019BC7F804B05B689B45FFF69CAE03B0EB
S315000279F0BDE8F08F40F26711064B044A04480DF0C9
S31500027A003BFC00BF010000C090A5030068A4030070
S31500027A10C4A4030058A403002DE9F0435A68ADF547
S31500027A20317D9E929A68DDE9B854A092DA682946B9
S31500027A30A1921A6982A8A2925A69BA9E9D929A69DD
S31500027A409F92DA699A921A6A9B925A6A9C92DA6AA7
S31500027A5098921A6B9B6A99929793ECF7F5FD2146D9
S31500027A608CA8ECF7F1FD96AA8CA982A8D9F708FC96
S31500027A70337A072B00F09480092B0BD018460CF0B2
S31500027A806BFD0146B54809F037FA01200DF5317D47
S31500027A90BDE8F0832946002800F00D8206A8ECF71F
S31500027AA0D3FD002D00F08E8321460CA82F68ECF73B
S31500027AB0CBFD002C00F08683314612A82568ECF730
S31500027AC0C3FD069B32680195052B01AC02AD0097FA
S31500027AD02A6000F377830C9B052B00F37383129BBA
S31500027AE0052B00F36F8364AE5AAF33463A460CA9B0
S31500027AF006A8EFF7BFFB0523DDF848C04E939C4569
S31500027B0000F36083B3EB0C000BD0002301224EA9D5
S31500027B1002E0052B00F056830133984241F8042F08
S31500027B20F7D14FAB4FEA8C0203EB800013A912F098
S31500027B30BFFB01210423DDF838E10DF5A87C73AA09
S31500027B409E4540F33F835CF8040D013B42F8040D69
S31500027B50516100FB01F1581CF2D196AB8C930023C4
S31500027B60CDE98E746E9A6EAC9A42CDE99065CDE9F6
S31500027B708233CDE98433CDF834D2929486930ADDEA
S31500027B8082AA20468CA9FFF7BFFD829B2268013399
S31500027B9093428293F4DB00200DF5317DBDE8F0833C
S31500027BA02946002875D02AA8ECF74EFD002D00F0D4
S31500027BB00983214630A82F68ECF746FD002C00F019
S31500027BC00183314636A82468ECF73EFD2A9B3268CB
S31500027BD00397052B03AD04AF05AE3C60326000F39C
S31500027BE0F182309B052B00F3ED82369B052B00F3C9
S31500027BF0E98278AC82AB224630A92AA8EFF73AFB93
S31500027C000523DDF8D8C054939C4500F3DB82B3EB21
S31500027C100C000BD00023012254A902E0052B00F030
S31500027C20D1820133984241F8042FF7D155AB4FEA7E
S31500027C308C0203EB800037A912F03AFB01210423E0
S31500027C40DDF850E10DF5B47C91AA9E4540F3BA8267
S31500027C505CF8040D013B42F8040D516100FB01F191
S31500027C60581CF2D182ABCDE972368CAB18467493AE
S31500027C70002396AACDE96E256EA964AACDE96433DE
S31500027C80CDE96633719770946893FFF7A1FB0020E4
S31500027C9082E73CA8ECF7D8FC002D00F0938221463F
S31500027CA042A82F68ECF7D0FC002C00F08B823146FC
S31500027CB048A82468ECF7C8FCDDE9A1239A42D6F865
S31500027CC000C000F37F823C98002840F358820122CC
S31500027CD03CAB03EB800053F8041F984201FB02F20F
S31500027CE0F9D14298DDF820E1002840F36F8201269F
S31500027CF042AB03EB800053F8041F834201FB06F6F6
S31500027D00F9D1BEF1000F40F35F820120002348A99A
S31500027D1051F8045F0133734505FB00F0F8DBB2420C
S31500027D2040F05082824240F04D82979B002B40F0F9
S31500027D304982989B002B40F04582002A7FF72BAFA1
S31500027D404FF00008B91EACF1020501206FF0004C9D
S31500027D504346034E023C01EB420287E030E9030050
S31500027D60010000C017F1804748F10008FF0F47EAFB
S31500027D704807BEF1000FCEF1000800F338821EF16B
S31500027D801F0FC0F23B8200FA08F947FA08FE09F112
S31500027D90FF394FEAD77808EB690809EA070747452A
S31500027DA0C8BF0EF1010EDDE99F87434500F0D2817F
S31500027DB083FB0838B8F1000FC0F2908113F18043BB
S31500027DC048F10008DB0F43EA4803002FC7F1000819
S31500027DD000F30D821F37C0F2118200FA08F7013F45
S31500027DE04FEAD37943FA08F83B4009EB6707BB42EF
S31500027DF0C8BF08F10108DDE99A37AEEB080E9E45C9
S31500027E0000F0AF8183FB0E3EBEF1000FC0F274811B
S31500027E1013F180434EF1000EDB0F43EA4E03002FAF
S31500027E20C7F1000E00F3E3811F37C0F2E78100FAC3
S31500027E300EF7013F4FEAD37843FA0EFE3B4008EBBA
S31500027E406707BB42C8BF0EF1010E999B9E44A19BD8
S31500027E509E45B8BF9E46A29B9E45A8BF9E4691429E
S31500027E6025F802EF3FF497AEDDE9973831F9027F44
S31500027E70DDF870E21F4434F9023F07FA0EF7434475
S31500027E8003FA0EF3DDE99D8E474500F0558187FB27
S31500027E900878B8F1000FBFF665AFBF1968F10008A0
S31500027EA0B8F1000F03DA17EB0C0748F10008FF0FD1
S31500027EB047EA48075DE718A8ECF7C6FB002D00F075
S31500027EC0818121461EA82D68ECF7BEFB002C00F02E
S31500027ED07981314624A82468ECF7B6FBDDE9A123B3
S31500027EE09A42376800F36E811898002840F355814C
S31500027EF0012218AB03EB800053F8041F984201FBE2
S31500027F0002F2F9D11E98DDF890E0002840F3548180
S31500027F1001261EAB03EB800053F8041F834201FBCC
S31500027F2006F6F9D1BEF1000F40F344810120002389
S31500027F3024A951F804CF01339E450CFB00F0F8DC6E
S31500027F40B24240F03F81824240F03C81979E16F158
S31500027F50800FC0F23781DDF8609209F18003B3F534
S31500027F60807F00F22F81802E00F32C81002A7FF77A
S31500027F7012AE691E04F1FF3C6FF000450120A34CCE
S31500027F8007F1FF3E0A447BE013F1804348F1000803
S31500027F90DB0F43EA4808002FC7F1000300F32781ED
S31500027FA01F37C0F22B8100FA03F7013F4FEA670938
S31500027FB048FA03F307EA080709EBD8784745C8BF2A
S31500027FC00133DDE99F87464500F0BD8086FB0868E0
S31500027FD0B8F1000F75DB16F1804648F10008F60F7E
S31500027FE046EA4806002FC7F1000800F300811F3752
S31500027FF0C0F2048100FA08F7013F4FEAD67946FA41
S3150002800008F83E4009EB6707BE42C8BF08F10108FF
S31500028010DDE99A76A3EB0803BB4200F0A98083FB55
S315000280200737002F76DB13F1804347F10007DB0F9A
S3150002803043EA4703002EC6F1000700F3D8801F3635
S31500028040C0F2DC8000FA07F6013E4FEAD37843FA23
S3150002805007F7334008EB6606B342C8BF0137999B60
S315000280601F44A19B9F42B8BF1F46A29B9F42A8BF27
S315000280701F4691420EF8017F3FF48DADDDE9976907
S3150002808011F9013F9C9F33441CF9016F03FA07F86B
S315000280904E44BE40DDE99D37984547D088FB0338FC
S315000280A0B8F1000FBFF670AF1B1968F10008B8F1FE
S315000280B0000F02DA5B1948F10008DB0F43EA4808B1
S315000280C069E7361968F10008B8F1000F02DA761985
S315000280D048F10008F60F46EA480683E79B1968F15D
S315000280E00008B8F1000F03DA13EB0C0348F100089D
S315000280F0DB0F43EA480368E69B196EF1000EBEF1F8
S31500028100000F03DA13EB0C034EF1000EDB0F43EA0A
S315000281104E0384E61B1967F10007002F02DA5B198A
S3150002812047F10007DB0F43EA470383E7B8F1004F45
S31500028130B4D16FF000482EE7B7F1004F7FF4A7AE37
S315000281406FF0004715E6B6F1004F7FF43FAF6FF0D0
S31500028150004647E7B3F1004F7FF42AAE6FF00043C3
S3150002816033E6BEF1004F7FF44DAE6FF0004356E6A4
S31500028170B3F1004F7FF453AF6FF000435AE74298D2
S31500028180DDF820E10028C8BF01223FF7B0ADBEF1FD
S31500028190000F23DD01221646B7E51E9801220028AC
S315000281A0DDF890E03FF7B4AEBEF1000F7FF7CEAE3A
S315000281B00126BBE60120C3E6BEF1000FF8DC012A68
S315000281C03FF4C4AE11F056FE0120A8E5BEF1000F41
S315000281D0C8BF01263FF799AD012AF3D1979B002B21
S315000281E0F0D1989B0122002B3FF4AAADEAE74FF4A7
S315000281F0B371074B074A08480DF03EF840F2671183
S31500028200064B044A04480DF037F800BF010000C0CF
S3150002821090A5030068A40300C4A4030058A40300A5
S315000282202DE9F04F002683B0D6609446C268B2426A
S315000282307EDD834637460023CCF81030DBF810305B
S31500028240002B6EDD0023CC684E69DCF80420A5699C
S31500028250B06902FB05F5DCF800E000FB02F9606993
S31500028260D6F8248000FB0E5A756905FB0E99D6E9ED
S315000282700750DCF8086005FB069900FB07900D69BC
S3150002828008FB0300D5F800908D6909EB8009D5ED4E
S315000282900D6A95ED0E7A4D6899ED006AD5E905905D
S315000282A000FB02F2D5E907808E6809FB0E223668CA
S315000282B06D6A0196DCF8086008FB062E00FB07E0F3
S315000282C00A6805FB0300126802EB8000D4E9072561
S315000282D002FB06A205FB0722646A04FB0323019A3A
S315000282E002EB8306D6ED007A77EEC67AF4EE667A6C
S315000282F0F1EE10FA48BFF0EE667AB4EEE77AF1EEE6
S3150002830010FA58BFB0EE677A80ED007ADCF81030CA
S31500028310DCF80C700133CCF81030DBF810209342F5
S3150002832091DB0137CCF80C70DBF80C309F4282DB14
S3150002833003B0BDE8F08F00BF2DE9F0431278E7B035
S31500028340012A709FDDE96E5400F02281032A00F0B3
S31500028350AB80DFEDA17AB7EE006A9FEDA07AFFEE61
S31500028360006A022A46FE277A06FE877A1B788DED78
S31500028370597ACDED5A7A2946002B00F0A28003A83D
S31500028380ECF762F9002D00F02581214609A82D6837
S31500028390ECF75AF9002C00F01D8139460FA8246823
S315000283A0ECF752F9002F00F01581039B3A6801940D
S315000283B0052B0DF1040802AC0095226000F30A8138
S315000283C0099B052B00F306810F9B052B00F3028107
S315000283D038AF0DF1B8093B464A4609A903A8EEF79C
S315000283E049FF05230F9A27939A4200F3F380981ABE
S315000283F00BD00023012527A902E0052B00F0EA8015
S315000284000133984241F8045FF7D128AB920003EB9F
S31500028410800010A911F04CFF01210423279E2DADE7
S3150002842047AA9E4240F3D68055F8040D013B42F816
S31500028430040D516100FB01F1581CF2D1002642994C
S31500028440279442AD21AC4CABB142CDE92A98C4E99E
S315000284500066C4E902662895CDF8A4D02D932C9720
S3150002846026611EDD439A002A666015DD44990029BD
S31500028470A6600BDD27A922462846FFF7D1FEA36890
S31500028480449901338B42A360F4DB439A6368013358
S3150002849093426360EBDB4299236801338B4223608C
S315000284A0E1DB67B0BDE8F083F1EE087A9FED4C7A26
S315000284B01B788DED597ACDED5A7A2946002B7FF439
S315000284C05EAF15A8ECF7C0F8002D00F083802146B8
S315000284D01BA82D68ECF7B8F8002C7BD0266821ACD7
S315000284E039462046ECF7B0F8002F73D01598D7F826
S315000284F000C0002851DD012315AA02EB800052F8C4
S31500028500041F824201FB03F3F9D11B9FD4F800E05A
S31500028510002F51DD01211BAA02EB870752F8040F37
S31500028520974200FB01F1F9D1BEF1000F42DD0120B5
S31500028530002254F8047F0132724507FB00F0F8DB93
S31500028540994247D1984245D1002BDDED596A9DEDFE
S315000285505A7AA6DD2A46614605EB8303F2EC017AD6
S31500028560B6EC016A77EEC67AF4EE667AF1EE10FAA6
S3150002857048BFF0EE667AF4EE477AF1EE10FA77FE2D
S31500028580277A9342E1EC017AE8D167B0BDE8F0833D
S31500028590DFED117A9FED127AE8E61B9FD4F800E030
S315000285A0002FC8BF0123B5DCBEF1000F10DD012389
S315000285B01946BCE70120C3E7BEF1000FC8BF01217F
S315000285C0B5DC012B06D1DDED596A9DED5A7AC1E77C
S315000285D00123F8E711F04EFCFFFF7F7FFFFF7FFFCD
S315000285E0000000002DE9F043224B85B01A680C46C4
S315000285F00546D1F81490EBF7F3FF1F4B21461A6894
S3150002860007462846EBF7ECFF1C4B80461A682146C4
S315000286102846EBF7FFFF23694BB30646007A01288B
S3150002862019D0092801D007280AD14A4621462846E8
S31500028630CDE901860097FFF7EFF905B0BDE8F083B3
S315000286400BF08AFF327A01460D4808F055FC0120EC
S3150002865005B0BDE8F08328464A462146CDE90186A3
S315000286600097FFF769FE002005B0BDE8F08311F020
S3150002867001FC00BF681304006413040060130400C5
S31500028680A0A503002DE9F0472DED088B8146DDE913
S3150002869010748846104619461E4615460AF08CFA8C
S315000286A080F0010323703B78092B06D0072B04D0F8
S315000286B0BDEC088B0020BDE8F0872B699FED337A6D
S315000286C05B42A3623369DFED327A5B42E3623B6966
S315000286D023633B78072B14BF14230F23636247FEE1
S315000286E0278A95ED03BAD6ED037AB4EEE7BAF1EE30
S315000286F010FA54BFB0EE4B8AB0EE678A38EE088A9B
S31500028700C7EE887A17EE900A0FF0A2FED7ED037A2B
S3150002871068EEA77AC8EE277A41EC1A0B17EE900A92
S315000287200FF096FECBEE087A41EC190B17EE900A83
S315000287300FF08EFE261D04F1140541EC100B314696
S31500028740284609F0E5FEB0EE4A0AF0EE6A0A04F19E
S31500028750080104F1180009F0DBFE04F1200104F11E
S315000287601C00B0EE490AF0EE690A09F0D1FE04F1E6
S31500028770100398F800103A4610934846BDEC088B51
S3150002878004F10C03BDE8F0470AF012B800000047F6
S31500028790000080492DE9F047D1F810A082B0BAF165
S315000287A0000F51D0D1F814900D46B9F1000F4BD0FD
S315000287B0C46806462368002220469B6998470746F6
S315000287C000283BD023680122294620469B69984708
S315000287D08046002835D02368294600222046DB69D8
S315000287E098470546E8B13046494643463A46CDF8EB
S315000287F004A00095FFF746FF064670B9236839467E
S3150002880020465B6A98472368414620465B6A98473A
S315000288102368294620465B6A9847304602B0BDE87F
S31500028820F087602309497469304601260091084A97
S315000288300849A047304602B0BDE8F0875A230649E8
S31500028840F1E75D230549EEE711F014FBE8A9030001
S315000288505CE9030064A50300F0A5030004A6030077
S31500028860836B0BB12421184710B511F003FB00BF2F
S315000288702DE9F04F4B69D1F810A089B00793BAF1F0
S31500028880000F7BD03E4B0C461A680546EBF7A8FE56
S315000288903C4B21461A6880462846EBF7A1FE3A4B26
S315000288A00646214628461A68EBF79AFED4F800B027
S315000288B00746BBF1000F05D0DBF80030052B46D08A
S315000288C04FF0000B314A214612682846EBF76EFE3E
S315000288D02F4A8146126821462846EBF79BFE327ADA
S315000288E0012A20D0092A0AD010460BF035FE01468D
S315000288F0284808F001FB012009B0BDE8F08F3A7A5A
S31500028900072A2CD0092AEFD1079BCDE9040ACDE923
S3150002891001B34246334621462846CDF80C900097CD
S3150002892000F062FA0FE0CDE90490079BDAF8102016
S315000289302146CDE90232284633464246CDF804B0F6
S31500028940009700F053FC002009B0BDE8F08F124BEF
S31500028950214628461A68EBF743FE8346B2E7079B91
S31500028960CDE9040ACDE901B34246334621462846FB
S31500028970CDF80C90009700F021F8E4E711F07AFAAE
S31500028980801304007C13040078130400701304009F
S315000289906C1304004CD103007413040010B5044692
S315000289A0034B044A0449EBF7F3FD204610BD00BF12
S315000289B071880200A9950200618802002DE9F04F34
S315000289C08FB01A999B465B680D68D3F804801746E8
S315000289D0536898FBF5F218990A9249685A688968A9
S315000289E0DDF86C901D9CD3F808A00D950B910492AE
S315000289F0002800F0F081436C0646002B00F0EB8164
S31500028A0021699847736C0C906169304698470690C5
S31500028A10B9F1000F00F0DF81049B0B9A08FB03F308
S31500028A2002FB03F3D9F8000000EB4303811C9942D1
S31500028A3005D01B1A9A1E11F0B0FBD9F800006FF090
S31500028A4000420B9B04991344002900EB430E3F6836
S31500028A50DBF800604FEA430340F3908103F1020B17
S31500028A600023DC461846BB4607920996CDF86C9061
S31500028A70B8F1000F65DD0AEB0B0308936346002588
S31500028A80DC469B46099E0590A068BAF1000FC0F12C
S31500028A900002216822EAE27240F34E81B1460023C7
S31500028AA0A769CDF808C003970192029A12F9017BD1
S31500028AB00292039ABF1A19F9012B02FB0733089A8D
S31500028AC0029F9742F1D120EAE077BB408B42019A9E
S31500028AD0564400F03B8181FB0331002980F22E814E
S31500028AE0B74FDB1961F10001002903DA079FDB1991
S31500028AF041F10001DB0F43EA41031F30C0F26481FA
S31500028B00012191400139D80F43FA02F200EB6100CC
S31500028B100B408342C8BF013247F6FF718A42A8BFA3
S31500028B200A46236AA74901358A42ACBF9B185B18DD
S31500028B30A845AEF80030DE44A6D15B46E3469C4625
S31500028B400598049B01308342D34491D1DDE90B2E73
S31500028B500020DDF86C90E346754607468446964645
S31500028B604E4602FB08F35B0007934FEA880A1D9400
S31500028B703268189BB8F1000F1C68024424DD0023FA
S31500028B80B146CDE90275291F0590BEF1000F41F8E5
S31500028B9004CF12DD002004EB0B070192019D35F98B
S31500028BA0026B01951D9D2D6A761B34F9025B05FB4E
S31500028BB00600BC420860F1D15A4401339845E4D11B
S31500028BC0DDE902754E460598079B01371844049B5A
S31500028BD05544BB42CCD1199B1D9C002B00F0D98079
S31500028BE00A9D199B002DD3F800C0069F4FEA850EF9
S31500028BF010DD0026DDF81080614600233A1F51F889
S31500028C00040B01339D4242F8040FF8D10136B045F8
S31500028C107744F1D1049B0A9A02FB03F64FF0000E49
S31500028C200D9B77469846A3460C9D0A984FEA830CFD
S31500028C3002960028294618DD0023069A019502EBC2
S31500028C408E02B8F1000F0ADD0E460025146856F8AA
S31500028C50049B01354C44A8451460F8D161440133A4
S31500028C60984202F10402ECD1019D049B0137BB42FA
S31500028C7055448644DDDC5C46029E002E40F3868027
S31500028C80069BB646002201256FF0004C6FF07F006E
S31500028C904B4F1C9E191F2CE013F180434AF1000A28
S31500028CA0DB0F43EA4A0319F11F0FC0F28D8005FA62
S31500028CB008F909F1FF394FEA690A0AEBD37A09EA98
S31500028CC0030943FA08F8D145C8BF08F10108E36968
S31500028CD09844B8F17F0FA8BF4FF07F088045B8BF10
S31500028CE08046002E77D0336803F80280013296451B
S31500028CF04CD0D4F80C9051F8043FD4F804A029EAD9
S31500028D00E97B03FA0BF3C9F100089A4528EAE878E9
S31500028D1025D083FB0A3ABAF1000FBDDADB196AF1F4
S31500028D20000ABAF1000F03DA13EB0C034AF1000A48
S31500028D30DB0F43EA4A03B6E70023194613F18043E1
S31500028D4041F10001DB0F43EA4103D6E6B1F1004FE0
S31500028D5002D081FB0131C0E66FF00043CDE6BAF1E5
S31500028D60004FD6D119F11F0F2EDB05FA08F909F1CA
S31500028D70FF396FF000434FEA690AA2E7199B049E86
S31500028D80A3B90A9B03FB06F6002E13DC0FB0BDE85F
S31500028D90F08F049B0A9A02FB03F6002E7FF73EAF82
S31500028DA019990698B20011F012FA37E70A9B03FBEB
S31500028DB006F662E719990698B20011F008FA5FE71B
S31500028DC0010000C00080FFFF40F26711034B044A16
S31500028DD004480CF051FA11F04DF800BF58A40300F4
S31500028DE068A40300C4A403002DE9F04F8DB01899BE
S31500028DF0169C09681D460A915B686168D3F804905F
S31500028E00D1F808B00A995368174699FBF1F209920C
S31500028E105A681B9CD3F808A00492002800F0DB8154
S31500028E20436C0646002B00F0D68121699847736C85
S31500028E300B90616930469847199B0690002B00F00B
S31500028E40CA81049B09FB03F2199B0BFB02F2186809
S31500028E50411C8318994204D0013A11F09EF9199BDC
S31500028E601868049B0BF1FF32002B3F68296800EB60
S31500028E70020E40F387810023CDF804B04FF00108BB
S31500028E80D346BC4618460891B9F1000F60DD0025AD
S31500028E900BEB0C03089E07930590A068BBF1000F2D
S31500028EA0C0F10002216822EAE27240F34981B24629
S31500028EB00023A769CDF808C003970092029A12F917
S31500028EC0017B0292039ABF1A1AF9012B02FB07339E
S31500028ED0079A029F9742F1D120EAE077BB408B4284
S31500028EE0009A5E4400F0368181FB0331002980F24C
S31500028EF02981BA4FDB1961F10001002904DA6FF00A
S31500028F000047DB1941F10001DB0F43EA41031F3041
S31500028F10C0F25A8108FA02F10139D80F43FA02F275
S31500028F2000EB61000B408342C8BF01327F2AA8BF13
S31500028F307F226FF07F01236A01358A42ACBF9B18FC
S31500028F405B188EF80030019BA9459E44A5D1059871
S31500028F50049B01308342DC4496D1002007468446B6
S31500028F60DDF804B0DDF82CE00BFB09F50395199D3D
S31500028F704FEA890A1B942A68169BB9F1000F1C68EE
S31500028F80024423DD00238046CDE9017EAEF10401D1
S31500028F90BBF1000F41F804CF12DD002004EB0B0EEB
S31500028FA00092009E16F9017B00961B9E366ABF1B35
S31500028FB014F9016B06FB070074450860F1D15A44A7
S31500028FC001339945E4D1DDE9017E4046039B013731
S31500028FD01844049BD644BB42CDD1179B1B9C002B45
S31500028FE000F0DB80099D179B002DD3F800C0069F79
S31500028FF04FEA850E10DD0026DDF81080614600235B
S315000290003A1F51F8040B01339D4242F8040FF8D17E
S315000290100136B0457744F1D1049B099A02FB03F667
S315000290204FF0000E0A9B019677461E46A346DDF8D0
S315000290302C8009984FEA830C0028414619DD00234B
S31500029040069ACDF8008002EB8E02002E0ADD8846D3
S315000290500025146858F8049B01354C44AE4214604E
S31500029060F8D161440133984202F10402EDD1DDF8F0
S315000290700080049B0137BB42D0448644DCDC5C465C
S31500029080019E002E40F38680069BB64600220125ED
S315000290906FF0004C6FF07F00504F1A9E191F2CE0A4
S315000290A013F180434AF1000ADB0F43EA4A0319F13E
S315000290B01F0FC0F2898005FA08F909F1FF394FEA54
S315000290C0690A0AEBD37A09EA030943FA08F8D14591
S315000290D0C8BF08F10108E3699844B8F17F0FA8BF39
S315000290E04FF07F088045B8BF8046002E73D03368A4
S315000290F003F80280013272454CD0D4F80C9051F834
S31500029100043FD4F804A029EAE97B03FA0BF3C9F178
S3150002911000089A4528EAE87825D083FB0A3ABAF18C
S31500029120000FBDDADB196AF1000ABAF1000F03DAA1
S3150002913013EB0C034AF1000ADB0F43EA4A03B6E7D4
S315000291400023194613F1804341F10001DB0F43EA84
S315000291504103DCE6B1F1004F02D081FB0131C5E6E5
S315000291606FF00043D3E6BAF1004FD6D119F11F0FC3
S315000291702ADB05FA08F909F1FF396FF000434FEAD5
S31500029180690AA2E7179B049EA3B9099B03FB06F68D
S31500029190002E13DC0DB0BDE8F08F049B099A02FB8A
S315000291A003F6002E7FF73CAF17990698B20011F02E
S315000291B00EF835E7099B03FB06F662E71799069850
S315000291C0B20011F004F85FE740F26711044B054A5A
S315000291D005480CF051F810F04DFE00BF010000C02A
S315000291E058A4030068A40300C4A403002DE9F04FA9
S315000291F02DED048B1E468DB01A9CD6E90067D4E984
S3150002920000431C999B68029656680D68D7F804803D
S315000292100693DDF86C907368039498FBF5F7DDE925
S315000292201DEC1F9CB66808910193B9F1000F00F07E
S31500029230AD81D9F80030D2F800A00993BCF1000F35
S3150002924000F0A481DCF800300593002800F09E812E
S31500029250426C002A00F09A81714690470790002CD2
S3150002926000F09481226806990492019A059B08FBF4
S3150002927002F201FB02F2191D03EB82029142099BE3
S3150002928006D005980993121A043A10F086FF099B34
S31500029290069A059902F18042013A4FEA820E01EBE3
S315000292A08201019A002A40F35E8100220EF1040E29
S315000292B008FB0EF9CDE909574FEA860B0B93B8F175
S315000292C0000F1BDD0F460025DDF808C0002EDFED7E
S315000292D0B57A0CDD544660460023F0EC016AB4EC24
S315000292E0017A01339E42E6EE877AF6D1DC440135F5
S315000292F0A845C7ED007A7744E8D14944019B01327B
S315000293009342DA44DBD1DDE9095708999FEDA56A54
S3150002931091F804900021069E0B9B06FB08F0059A25
S31500029320CDE90873CDE90595DDF81CA080004FEA6A
S31500029330880BB8F1000F94461EDD55460027DDF86E
S315000293400C900292002EA5EC016A11DDDFED957AF2
S3150002935064464A460023F2EC016AB4EC017AE6EE70
S31500029360877A01339E4245ED017AF4D1F144F44401
S315000293700137B845E6D1029A019B01318B42DA44A4
S315000293800244D6D1DDE90595DDE90873002B00F02C
S31500029390DE80002FDDF810C04FEA870410DD0026BC
S315000293A0DDF8048060461946002251F804EB0132CA
S315000293B0974240F804EBF8D10136B045A444F1D106
S315000293C04FF0000EA246F446CDF80890079ADDF853
S315000293D01090AE00002F904617DD002409EB8E0098
S315000293E0002D0DDDD0ED007A41460023B1EC017A65
S315000293F077EE877A01339D42C0ED007AF6D1B0440A
S315000294000134A74200F10400EAD1019B0CF1010CE0
S3150002941063455A44BE44DDD1002F5446DDF8089018
S31500029420049E22DDB7EE008AB1EE089ADFED5D8A70
S3150002943000259B46B0464FF0000AB8EC010AB9F186
S31500029440060F00F2A580DFE809F006606D4F402C9A
S315000294501700B8EC010A0AF1010A574508ED010A9C
S31500029460F7D10135AB452644E4D10DB0BDEC048BF2
S31500029470BDE8F08FB8EC010AB1EE400A0DF02EF805
S3150002948070EE087A88EE277A0AF1010A574508ED46
S31500029490017AEFD10135AB452644CBD1E5E7B8ECED
S315000294A0010A10EE103ADB0F07EE903AF8EE677AF1
S315000294B00AF1010A574548ED017AF0D10135AB456B
S315000294C02644B7D1D1E7B8EC010A0DF043F90AF107
S315000294D0010A574508ED010AF5D10135AB45264487
S315000294E0A8D1C2E7B8EC010AC0FE497AC7FEA87A3B
S315000294F00AF1010A574548ED017AF3D10135AB4528
S31500029500264497D1B1E7B8EC010A80FE280A0AF18F
S31500029510010A574508ED010AF5D10135AB45264446
S3150002952088D1A2E7BFEE007A01E0B8EC010AC0FEDC
S31500029530487AC7FE877A0AF1010A574548ED017A49
S31500029540F3D10135AB4526447FF474AF8DE7019A1A
S3150002955007FB02F2002A04DD19460498920010F075
S3150002956036FEBC002CE7002B7FF47FAF019A07FB87
S3150002957002F2002A7FF779AF1946049892000DB0DD
S31500029580BDEC048BBDE8F04F10F021BE10F072FC6A
S3150002959000230AF1010A574548F8043C7FF44DAF0F
S315000295A05FE700BF000000002DE9F04F2DED068BAE
S315000295B0D1F814B08DB0BBF1000F00F0E182C4689F
S315000295C006462368002220469B690D4698470746B1
S315000295D0002861D023680122294620469B699847C4
S315000295E0804600286BD023680222294620469B69C2
S315000295F098478146002866D02368032229469B693C
S3150002960020469847236805900422294620469B69EE
S315000296109847824600283BD0D8F80830DBF800206D
S31500029620D3F804B0BB689BFBF2F1986802FB11B257
S315000296300890586807910690002A31D13878D9F8EF
S31500029640081000F0F700896801280A910ED040F24E
S3150002965091139B497469304600919A4A9A49A047E8
S3150002966001200DB0BDEC068BBDE8F08F1B68022B06
S315000296702DD096490225CDE9011340F29313944A5F
S3150002968074693046009293498E4A0395A047E7E7EC
S3150002969040F285139049DDE74FF4BD738F49D9E750
S315000296A08F4B0025CDE901324FF4C6738D4974699B
S315000296B030460091834A87490395A047D0E740F296
S315000296C07D138949C6E74FF4C0738849C2E76B68C0
S315000296D01B68012B14D1236829462046DB6998476B
S315000296E00B90002837D00B9B9B681A68022A15D06C
S315000296F0764B0225CDE901327D4940F29B13D6E72E
S31500029700CDE9023040F297137A4A7B4974693046B2
S31500029710019200916B4A6F49A047A1E759680698E2
S3150002972081420DD04FF4CE73CDE90210734A744DC7
S315000297307469304601926749624A0095A0478FE7ED
S315000297409B68079883420AD0CDE902306D4A40F2FF
S315000297509D136D49DAE74FF4CD736C497AE7D8F871
S3150002976008100B68022B0DD0CDE902324FF4D073EC
S31500029770564D6749746930460091524A55490195DA
S31500029780A0476DE78A680898824206D040F2A11384
S31500029790CDE902205F4D6049ECE7D9F8082011684F
S315000297A0022906D0CDE90213484A4FF4D2735B4D23
S315000297B0BEE753685B4506D0CDE9023B584A40F204
S315000297C0A5135849A2E793680A98834206D0CDE9C1
S315000297D00230554A4FF4D373544997E7059B5BB160
S315000297E09B6807985B68834206D0CDE90230454AFA
S315000297F04FF4D5734E4989E7DAF808201368022B2D
S3150002980007D032490225CDE901134A4A4FF4D773EC
S3150002981036E753680698834206D0CDE90230374AC6
S3150002982040F2AF13444971E70A9B926803FB0BF3BC
S315000298309A4206D0CDE90223404D4FF4D8734049EF
S3150002984098E79AF82D305BB12B681B68052B0FD071
S315000298503C490525CDE901133B4A40F2B5130FE712
S315000298603A490125CDE90113394A40F2B31307E714
S315000298702D69002D00F084813A7898F80030092A83
S3150002988009D0012B10D033490125CDE90113324A03
S315000298904FF4F573F4E6092B64D0CDE902322F4D6D
S315000298A040F2BB132C4965E799F80020012A63D0E0
S315000298B0CDE90223274D40F2EB1329495AE700BFAF
S315000298C0D4B5030090E9030064A50300500C04001C
S315000298D030C4030058A60300F8E903007CA5030080
S315000298E024AE030014EA0300C4E90300E0E903001E
S315000298F09CAB0300B0C00300C8B4030028EA03000F
S31500029900C4AF030034EA030040EA0300E8A90300F7
S3150002991058EA030078EA030084EA0300A4EA030093
S31500029920C0EA0300CCEA0300E8EA0300F4EA030013
S3150002993010EB030024EB030044EB030064EB03008B
S3150002994080EB03001408040098D40300A0EB030084
S31500029950A8EB030094B90300C8EB030004B60300A6
S3150002996018ED030099F80030072B11D0092B0FD000
S315000299704FF4DE7386496DE69AF80030012B11D05A
S3150002998084490125CDE90113834A4FF4F67377E63C
S315000299909AF80030072B12D0092B10D04FF4DF7340
S315000299A07E4957E6059BC3B11B78012B15D0794931
S315000299B00125CDE901137A4A4FF4F77360E6059B58
S315000299C0002B3DD01B78022B3AD076490225CDE9F1
S315000299D00113734A40F2C11352E60B9B1878012811
S315000299E05CD1336C002B00F0CB80069A30460BFB21
S315000299F002F105F110028900984700287FF431AE82
S31500029A002368394620465B6A9847236841462046C2
S31500029A105B6A98472368494620465B6A98472368EB
S31500029A20514620465B6A9847236820460B995B6A33
S31500029A3098472368204605995B6A9847002010E6F6
S31500029A400B9B1878092840F08680D9ED037ADAED67
S31500029A50038A0B9B28EEA7AA93ED039A059B97ED23
S31500029A60038AD8680EF0F4FCCDE908011AEE100A52
S31500029A700EF0EEFC02460B46DDE908010EF088FB0D
S31500029A8041A3D3E9002321F00041D8ED039A0EF059
S31500029A90A9FFC0B94FF4E7734349DBE575690AF0DC
S31500029AA05BFD044601200AF057FD034639493F4A49
S31500029AB0CDE902430092019130464FF4F8733C4AD5
S31500029AC03C49A847CCE568EE297AC7EEA87A05F1A3
S31500029AD0080317EE900A08930EF0BAFC089B41ECB5
S31500029AE0100B1946284608F0FBFCCAEE097A05F166
S31500029AF00C022B1D17EE900A0A9208930EF0A8FC90
S31500029B00089B0A9A41EC100B1846114608F0E8FC2D
S31500029B103B69AB610B9B1B69EB61DAF810302B6278
S31500029B20336C6BB3069930460BFB01F105F110025B
S31500029B308900984700287FF494ADDDE9061303FBFC
S31500029B4001F13046336C05F114028900984700286A
S31500029B503FF456AF85E575690AF0FEFC0446092016
S31500029B600AF0FAFC03461449104ACDE90243009270
S31500029B70019130464FF4E2730D4A0E49A8476FE54C
S31500029B8010F078F9AFF30080F168E388B5F8E43EA7
S31500029B90E0EB030094B903002CED03002CEC030068
S31500029BA080EC030010B603008CEC0300E0A6030071
S31500029BB090E90300A8A6030004B60300836B0BB169
S31500029BC01021184710B510F055F900BF000000002B
S31500029BD02DE9F04FD1F810808BB0B8F1000F00F0EC
S31500029BE03881C66804463368002230469B698A4635
S31500029BF098470546002851D00369C8F80030DAF8BC
S31500029C000030E768002B38D01B68012B35D1DAF813
S31500029C100430002B4BD01B68012B48D13B68002235
S31500029C20514638469B699847814600285DD03B6875
S31500029C30514600223846DB699847824600286DD095
S31500029C4099F800009AF80030834239D1092868D081
S31500029C5007284DD03B68494638465B6A98473B68B9
S31500029C60514638465B6A98473368304629465B6AEE
S31500029C70984700200BB0BDE8F08F794A6569012646
S31500029C80CDE9012320463423764A00927649774A63
S31500029C900396A84701200BB0BDE8F08F8E237449C6
S31500029CA0656920460091714A7249A847F2E76C4AF3
S31500029CB065690126CDE90123204635236E4AE4E78C
S31500029CC066690AF049FC05469AF800000AF044FC67
S31500029CD003466A496A4ACDE9025300920191204637
S31500029CE03D23624A6749B047D4E738236049D7E73C
S31500029CF0D9F81030002B3ED1DAF810B0BBF1000FC4
S31500029D0042D0CDE902B3604A604965695A2301929D
S31500029D1000912046554A5449A847BBE73B235C4974
S31500029D20BEE7D9F80C000EF093FB0022594B0EF059
S31500029D30E7FB08F10C0B41EC100B58460CF09CFBB0
S31500029D400022554B51EC100B0EF0DAFB41EC100BD6
S31500029D500CF086FF51EC100B0EF06CFE1F22C8F8B9
S31500029D600800D8F80C10042008F040FCC8F80400DB
S31500029D7099F800006CE744490026CDE90113204614
S31500029D805923464A656980E799ED030A08A808F04F
S31500029D906DFC089B0C33012BC8F80C3018D8B8B1EF
S31500029DA0C8F808B09AED030A09A808F05FFC002873
S31500029DB04CD0099B13F10F0F3FF44CAF38496FF0AB
S31500029DC00E06CDE9011320467D23364A65695CE716
S31500029DD0D9F80C000EF03CFB0022334B0EF090FB40
S31500029DE00022324B0EF08CFB4FF0000C02460B4663
S31500029DF0C8F80CC0CDE9042317A3D3E900230EF05B
S31500029E00FBFDE8B1CDE906655D46BB46DDE90467C3
S31500029E10013532463B4630463946C8F80C500EF0FC
S31500029E20B9F90DA3D3E9002306460F460EF0E4FD69
S31500029E3008B11F2DECD1CDE904675F46079D069E4A
S31500029E40DDE904010EF0F6FD8346A9E77B231849F6
S31500029E5026E710F00FF800BF00000000C0FFCF4059
S31500029E60B0C00300F0A8030058A6030044ED0300A7
S31500029E707CA5030064A5030074A60300E0A6030004
S31500029E801CA70300A8A6030024AE0300C8CC030047
S31500029E90E8A903000000A0410000E041E4CC030071
S31500029EA040CD030058CD03000000B040000008403A
S31500029EB000CD030010B50446034B044A0449EAF7F1
S31500029EC067FB204610BD00BF01A20200D19B020023
S31500029ED0BD9B0200C317B3F1FF3F08BFB0F1004FAD
S31500029EE070B57CD010F1004043F10003410841EA0D
S31500029EF0C3714FEA630C51EA630376D03F4A4B4281
S31500029F0002FB0C33A1FB022003443D48121863F105
S31500029F100003002B04DA6FF00040121843F100032D
S31500029F20D20F42EA430202F15A320320344C0DE0C8
S31500029F3013F180434EF1000EDB0F43EA4E03B3F1F9
S31500029F40005F55DA9B0001381A443BD002FB0CFE37
S31500029F50D517A2FB013601FB05EE1EEB060E22D437
S31500029F6013F180434EF1000EDB0F43EA4E03C3F1B9
S31500029F70005383FB023EBEF1000FD9DA1B196EF1C4
S31500029F80000EBEF1000F04DA6FF000455B194EF1C8
S31500029F90000EDB0F43EA4E03B3F1604FD8BF4FF01A
S31500029FA00043CFDCCFE71B196EF1000EBEF1000FA6
S31500029FB004DA6FF000455B194EF1000EDB0F43EA3F
S31500029FC04E03D4E702F16042B2F1005F13DAB2F156
S31500029FD0604F4FEA8200D8BF4FF0004070BD4FF08D
S31500029FE0FF314FF05A328C469FE74FF05A329CE7C8
S31500029FF06FF00043A7E76FF0004070BDC4C3C3C350
S3150002A000010000C02DE9F04F89B0129E149C3768FA
S3150002A0102568CDE90023AF42DDF84C9040F0E3809D
S3150002A020002F8046D8BF4FF0010B1BDD20460022D1
S3150002A0303446B44650F8043F54F8045FAB4240F04D
S3150002A040D28001329742F5D163464FF0010B06EBFF
S3150002A050870653F8042FB34202FB0BFBF9D1BBF17F
S3150002A060000F35DD0120019C4B42C4F1000E2EEAA1
S3150002A070EE7E00FA0EF000F1FF3C24EAE4744FEAA9
S3150002A0806C009A4609F1FF370B46CDE906EC4946C4
S3150002A090159EC1460594049008E06FF07F02327067
S3150002A0A002356D1AAB4506F1010611DD3D4617F97B
S3150002A0B0010FA0EB09005045EFDD98420BDB4FF094
S3150002A0C07F0202356D1AAB45327006F10106EDDCF0
S3150002A0D009B0BDE8F08F059CA040009C844258D090
S3150002A0E0009C80FB0404002C41DB10F1804044F10B
S3150002A0F00004C00F40EA4400019C1F346CDB079C3D
S3150002A10004EA000E049C04EBD07C069C2041E64542
S3150002A110D4BF0446441C002CC4F100024DDBB4FA41
S3150002A12084F44FF0FF38002064090390444410463B
S3150002A13013910293ECF78EF8FFF7CCFE039B00EA2D
S3150002A14008084042184080EA08002040274B0028B1
S3150002A150ACBF1C464FF4000420F07F4CA445029B82
S3150002A16013994FEA20602FDC40B2307098E7DFF88F
S3150002A1708CC010EB0C0064F10004002C05DA6FF0C1
S3150002A180004C10EB0C0044F10004C00F40EA4400FE
S3150002A190B2E7B4F1004FA3D1019A1F321CDB6FF074
S3150002A1A00044079800EA0402069804411046049AFD
S3150002A1B08242B8BF01346242B1E722464FF0FF3411
S3150002A1C04FF000080394B2E77F2800F101040CBFA8
S3150002A1D07F2060B2307063E740F26711044B054A94
S3150002A1E005480BF049F80FF045FE00BFFFFF7F0060
S3150002A1F058A4030068A40300C4A40300010000C01D
S3150002A2002DE9F04F002291B00C460546EAF7E8F92F
S3150002A2100022214607462846EAF7FCF92369002B65
S3150002A22000F0F5803C7A8046072C64D0092C3FD09A
S3150002A230012C40F0D480394604A8EAF705FA4146D3
S3150002A2400AA83F68EAF700FAB8F1000F00F0DF80CB
S3150002A250DDF810C00A9BD8F800609C4540F0D78014
S3150002A260BCF1000F19DD04AB184600220AA950F80A
S3150002A270045F51F8044FA54240F0C980013294456B
S3150002A280F5D1012404AA02EB8C0153F8042F99425A
S3150002A29002FB04F4F9D1002C29DD0025B7EC010AF2
S3150002A2A00CF058FA0135A542A6EC010AF6DB1EE0CF
S3150002A2B004AC3946D3E90069D3E902AB20460AADBC
S3150002A2C0EAF7C2F9414628463F68EAF7BDF9B8F10E
S3150002A2D0000F00F09C80D8F800305246CDE90253B8
S3150002A2E049465B46304601970094FFF78BFE0020F5
S3150002A2F011B0BDE8F08F3946D3E9025604A8EAF751
S3150002A300A3F941460AA83F68EAF79EF9B8F1000F99
S3150002A3107DD0D8F80040002D73D0002EC9BF4FF073
S3150002A320010C4FF0000C06F1FF330CFA03FCDDF8CA
S3150002A33010900A9B99456AD1B9F1000FD8BF012244
S3150002A34018DD04AB184600220AA950F8048F51F80A
S3150002A35004EFF0455BD101329145F6D104AA02EB36
S3150002A3608900012253F8041F834201FB02F2F9D14C
S3150002A370002ABCDDB81E0021DFF8A0E0254FDFF879
S3150002A380A0801BE003F1010B37F81BB037F813303E
S3150002A3905FFA8AFAABEB030B1B020AFB0B33B9F12A
S3150002A3A0000FA6BF03F17F4303F18013A8EB03035B
S3150002A3B001311B128A4224F8023B98DD30F9029FD2
S3150002A3C005FB09C949FA06F989EAE97AAAEBE97AA3
S3150002A3D0BAF57F4F4FEA1A23D4D37346DFE72046F6
S3150002A3E06E690AF0B9F8044698F808000AF0B4F85B
S3150002A3F02246034608492846B047012011B0BDE867
S3150002A400F08F0323B340AC462E461D468FE70FF06E
S3150002A41031FD00BF84130400C8B8030000FFFF002B
S3150002A4207F0080002DE9F0470B68044684B013B123
S3150002A4301B68022B11D002265B4A6569CDE901230E
S3150002A4405A4A204600923123594A5A490396A84746
S3150002A4500124204604B0BDE8F0874E680D4616B1C9
S3150002A4603668012E0DD00127534B544A65692046A2
S3150002A470CDE90136009232234D4A4E490397A84749
S3150002A480E6E7C76800223B6838469B6998473B68FF
S3150002A4903246294606469B69384698473B6800225B
S3150002A4A02946DB69054638469847B36880461A68E6
S3150002A4B0052A40DC307898F80030834224D1002DFA
S3150002A4C05CD06B68A9680868012839D00123039318
S3150002A4D0394B029001933A4B009340232046344A6B
S3150002A4E064693449A04701243B68314638465B6AB1
S3150002A4F098473B68294638465B6A98473B68414617
S3150002A50038465B6A9847A4E7D4F814A00AF024F800
S3150002A510814698F800000AF01FF803460393294B78
S3150002A52020460193284B224A009328493923CDF825
S3150002A5300890D047D7E72046636925499847D2E76E
S3150002A5404968914212D1002AC8BF03EB820004DC9B
S3150002A55016E0914205DA984212D053F8041B0029FC
S3150002A560F7DA204663691B499847BCE71A4BCDE9DF
S3150002A57002120193194B00934123AFE72B46A1E741
S3150002A5800024B1E73B68314638465B6A98473B6828
S3150002A590294638465B6A98473B68414638465B6AB5
S3150002A5A098470BF07BF800BF500C0400F0A803009C
S3150002A5B074ED030058A60300B0C0030074A603009E
S3150002A5C03CEE03000CEE030024EE0300A8A60300F3
S3150002A5D0A8ED030084EE03005CEE030064EE0300C4
S3150002A5E010B504460021034B034AE9F7D1FF204682
S3150002A5F010BD00BFD1AA020025A402002DE9F04F2A
S3150002A600002757604368BB426CDD94468E46B946C6
S3150002A6108046CCF80890D8F80830002B5BDD002580
S3150002A620CCF80C90D8F80C30002B4DDD0020CCF87D
S3150002A6301090D8F81030002B3FDD002303E0DCF841
S3150002A6400C00DCE90175DEE90241DEF804204E6900
S3150002A650D4F800B0DCF800A0DEF8004006FB0ABB26
S3150002A6602468566906FB0A4A8C69CE6904FB07BB55
S3150002A670946906FB05BB04FB07AAD1E90871D469F4
S3150002A68003FB01F104FB05AAD2E9084207FB00BB62
S3150002A69002FB03F304FB00AA1BF901200AF80320BC
S3150002A6A0DCF810300133CCF81030D8F81020934281
S3150002A6B0C5DBDCE90250DCF804700130CCF80C0092
S3150002A6C0D8F80C309842B2DB0135CCF80850D8F8ED
S3150002A6D008309D42A4DB0137CCF80470D8F8043068
S3150002A6E09F4296DBBDE8F08F2DE9F043B3B00192AD
S3150002A6F00A681F68052A00F3B280052F00F3AF80AF
S3150002A700984690F900300646BB4240F0A8800523E1
S3150002A7109C1A0893A3EB07050FD04FF0000C0123F8
S3150002A7200DF1200E03E0BCF1050F00F098800CF14C
S3150002A730010C64454EF8043FF5D109AB9200043191
S3150002A74003EB84000FF0B4FD01210422DDF820E0C2
S3150002A7500DF1380C19AB724580F281805CF8040D5C
S3150002A760013A43F8040D596100FB01F1501CF2D184
S3150002A7700523A9460E936DB10EAA01214FEA85095A
S3150002A78002EB850313A801E0824268D042F8041F57
S3150002A7909A42F9D10FABBA0008F1040103EB0900A2
S3150002A7A00FF086FD01210423DDF838C014AF23AA79
S3150002A7B09C4554DD57F8040D013B42F8040D5161E6
S3150002A7C000FB01F1581CF3D103AA10460023C9F17C
S3150002A7D004094E449D42CCBF194656F8231003F194
S3150002A7E00103D8BF0919052B40F8041BF2D11EAC90
S3150002A7F028A902F1140652F8043B32A800EB8300A2
S3150002A80054F8045B50F8780CA84228D132AD05EB17
S3150002A810830353F8643C41F8040B96420B61EAD178
S3150002A820002301A91E9A0A913AA908911EA9099123
S3150002A8309A4228A9CDE90E33CDE910330B91129332
S3150002A8400ADD0EAA08A91EA8FFF7D8FE0E9B1E9ABD
S3150002A850013393420E93F4DB33B0BDE8F0830FF07D
S3150002A86009FB00BF00235360944642689A4270DD9A
S3150002A8702DE9F04781468E469846CCF80880D9F8ED
S3150002A8800820002A5CDD0026CCF80C80D9F80C20C2
S3150002A890002A4EDD0025CCF81080D9F81020002AB7
S3150002A8A040DD002103E0DCF80C50DCE90136DEF87D
S3150002A8B00C40DEF80400A269876903FB02F2DCF8A9
S3150002A8C000A007FB03F3676907FB0A22476907FB38
S3150002A8D00A33E76907FB0622C76907FB0633276ABD
S3150002A8E0066A07FB0522646A06FB053304FB01229E
S3150002A8F0456ADEF8086005FB01333468DEF80000BD
S3150002A90054F82210026842F82310DCF810100131C4
S3150002A910CCF81010D9F810309942C4DBDCE9026594
S3150002A920DCF804300135CCF80C50D9F80C209542ED
S3150002A930B1DB0136CCF80860D9F808209642A3DBD1
S3150002A9400133CCF80430D9F80420934295DBBDE8F4
S3150002A950F08770472DE9F043B3B001920A681F6889
S3150002A960052A00F3B280052F00F3AF80984690F9CE
S3150002A97000300646BB4240F0A88005239C1A089385
S3150002A980A3EB07050FD04FF0000C01230DF1200EAB
S3150002A99003E0BCF1050F00F098800CF1010C644550
S3150002A9A04EF8043FF5D109AB9200043103EB840063
S3150002A9B00FF07EFC01210422DDF820E00DF1380CB7
S3150002A9C019AB724580F281805CF8040D013A43F8B6
S3150002A9D0040D596100FB01F1501CF2D10523A94671
S3150002A9E00E936DB10EAA01214FEA850902EB85038A
S3150002A9F013A801E0824268D042F8041F9A42F9D1B4
S3150002AA000FABBA0008F1040103EB09000FF050FC8A
S3150002AA1001210423DDF838C014AF23AA9C4554DD76
S3150002AA2057F8040D013B42F8040D516100FB01F198
S3150002AA30581CF3D103AA10460023C9F104094E4457
S3150002AA409D42CCBF194656F8231003F10103D8BF25
S3150002AA500919052B40F8041BF2D11EAC28A902F1F4
S3150002AA60140652F8043B32A800EB830054F8045B48
S3150002AA7050F8780CA84228D132AD05EB830353F87F
S3150002AA80643C41F8040B96420B61EAD1002301A90A
S3150002AA901E9A0A913AA908911EA909919A4228A9D1
S3150002AAA0CDE90E33CDE910330B9112930ADD0EAACE
S3150002AAB008A91EA8FFF7D6FE0E9B1E9A01339342E3
S3150002AAC00E93F4DB33B0BDE8F0830FF0D3F900BF89
S3150002AAD070B5012294B00E460446E9F781FDD0E92D
S3150002AAE000135A68002A8DF8082003DD920003A895
S3150002AAF00FF0DEFB314600222046E9F771FD0546DE
S3150002AB00314600222046E9F785FD2B7A0646012BBF
S3150002AB1021D0092B14D1294608A8E9F795FD31461B
S3150002AB200EA82C68E9F790FD46B3306822460090DD
S3150002AB300EAB08A902A8FFF7D7FD002014B070BD1E
S3150002AB401846656909F008FD0D4902462046A847E0
S3150002AB50012014B070BD294608A8E9F775FD3146F3
S3150002AB600EA82C68E9F770FD46B1306822460090BF
S3150002AB700EAB08A902A8FFF7EDFEDEE70FF07AF9A1
S3150002AB80E8EE0300836B0BB14821184710B50FF0AE
S3150002AB9071F900BF2DE9F04FD1F8108099B0B8F1E4
S3150002ABA0000F00F0B7824B690D460A93002B00F0A6
S3150002ABB0B182C6680446336800223046DB6998478C
S3150002ABC00746002800F0E88033680222294630460C
S3150002ABD09B6998478146002800F0F280336801227B
S3150002ABE0294630469B6998478246002800F0EB804A
S3150002ABF0BB68D0F808C0DA689B68DCF804100B93CF
S3150002AC00DCF80C304FEA810B0D93DCF8083059461C
S3150002AC100E932046A36B0C929847C8F84000A36B8C
S3150002AC20594620469847C8F8440099F80030092B3F
S3150002AC3012D0072B65D02A681268033A012A4CD92A
S3150002AC404D236249656920460091614A6149A847D8
S3150002AC50012019B0BDE8F08F236C0F93002B00F092
S3150002AC605982B96813A851F804BB4FEA8B02CDF892
S3150002AC7048B010920FF01CFBBBF1000F0F9B40F384
S3150002AC80A2810121109A12A800EB020C50F8042F9F
S3150002AC90844502FB01F1F9D18900204608F1380208
S3150002ACA09847002840F0368299F80030072B28D0C2
S3150002ACB0092BC0D19AF830200923012A54D0012643
S3150002ACC0454B4649CDE9013220466569CB230091C1
S3150002ACD03F4A43490396A847BAE76A6811680129B9
S3150002ACE00F9100F08F8001263E4B3F4ACDE901319C
S3150002ACF0204665694E2300923949354A0396A8478C
S3150002AD00A6E7236C0F93002B00F00482B96813A800
S3150002AD1051F804BB4FEA8B02CDF848B010920FF0FF
S3150002AD20C7FABBF1000F0F9B40F34F810121109A26
S3150002AD3012A800EB020C50F8042F844502FB01F125
S3150002AD40F9D1C900204608F138029847002840F098
S3150002AD50E18199F80030092BACD0072B7FF46BAF59
S3150002AD609AF83020012AAAD1DAF83420002A00F013
S3150002AD7024811168002900F023815068002800F020
S3150002AD8026810A68012A0AD0DAF8081049688A4236
S3150002AD9005D0D423154955E7A023154952E7016882
S3150002ADA08A423FF448AFCDE90221124F124E65693D
S3150002ADB0D8232046064A0A4901970096A84747E73C
S3150002ADC0A3230E493EE7A6230D493BE794EF030072
S3150002ADD03CEF030064A50300F0B403000CB50300C6
S3150002ADE058A60300B0C00300C8B4030028B5030088
S3150002ADF0E8A903007CB80300A4B803007CA50300FD
S3150002AE00DCB403000A994A680878D1F808C0002A17
S3150002AE1000F0C980012800F0EE80022840F0DA80B6
S3150002AE200C990D981144091A91FBF2F101F1FF3EBA
S3150002AE30BCF1000F00F029810B9901EB0C000E9971
S3150002AE40401A90FBFCF001380E9900FB0C100D998C
S3150002AE500EFB02110B9A821A0C9822EAE272081A67
S3150002AE6020EAE070511042100220012B88F80000FF
S3150002AE70A8F80220A8F804106ED0D4F80CB002226A
S3150002AE80DBF80030294658469B6998470B90002804
S3150002AE9000F0D780DBF800300122294658469B692C
S3150002AEA098470C90002800F0E780DBF8003029462E
S3150002AEB003229B6958469847DBF8003029460D90D5
S3150002AEC000225846DB6998470546002800F0B680FE
S3150002AED000230C998A6852688DF848300892D8F88F
S3150002AEE044300A460793D8F840300B99069308F186
S3150002AEF02C03059308F12803049308F12403039312
S3150002AF0008F12003029312AB0090019320460D9B99
S3150002AF1007F020FD00287FF49CAE0B9B1B78072BC5
S3150002AF2000F0B680DBF8003058460B995B6A98470A
S3150002AF30DBF8003058460C995B6A9847DBF800301C
S3150002AF4029465B6A584698470D9B2BB1DBF80030C1
S3150002AF5058460D995B6A9847D9F810300A9A5B42AF
S3150002AF60C8F81430DAF8103039465B42C8F818309F
S3150002AF703B693046C8F81C305368A8F80A30936813
S3150002AF80A8F80C3033685B6A9847336849463046FE
S3150002AF905B6A98473368304651465B6A9847002099
S3150002AFA019B0BDE8F08FBCF1000F4DD0012866D074
S3150002AFB002280FD14FF0FF3E3EE7D023564941E625
S3150002AFC0D12356493EE6042167E60821BAE6D22392
S3150002AFD0534937E60D980E99821A0B98A1EB0C018C
S3150002AFE0091A0C9821EAE171121A22EAE272002089
S3150002AFF04910521039E70C991144013991FBF2F1CB
S3150002B00001F1FF3EBCF1000F3CD00B9901EB0C00A5
S3150002B010013890FBFCF001380E9900FB0C100D99DB
S3150002B0200EFB02110B9A821A0C9822EAE272081A95
S3150002B03020EAE07051104210012016E76D233949CB
S3150002B04000E665233849FDE50E9A0B990128A2EB25
S3150002B050010EDDE90C12A2EB010222EAE2722EEAED
S3150002B060EE714FEA61014FEA62023FF4FEAE022838
S3150002B0703FF4FAAE6046F8E668232C49E2E54FF063
S3150002B080FF3EC2E74FF0FF30C6E74FF0FF30DBE688
S3150002B0900C9B1B78092B3DD12B78072B3AD10D9BA4
S3150002B0A01B78072B12D0DBF8003058460B995B6AE7
S3150002B0B09847DBF8003058460C995B6A9847DBF8EC
S3150002B0C00030294658465B6A98473FE70D9B13A80E
S3150002B0D0996851F8043B9A00CDE910231293236C28
S3150002B0E00E930FF0E5F8119B002B0ADD109A12ABB6
S3150002B0F00F991A4453F8040F934200FB01F1F9D158
S3150002B1000F910F9B2046D90008F13C020E9B9847EF
S3150002B1100028C8D00EF0AEFE84D2030098D20300F7
S3150002B12074EF0300E8A903007CA50300DCB4030066
S3150002B1302DE9F04F15469DB0289ACDE918051468F9
S3150002B1402E9F042C2C9A40F0128199462A9B1B684A
S3150002B150042B40F00C813B68042B40F00881289BAD
S3150002B1605E687B68B34240F002818B4628990C697F
S3150002B1702A9909698C4240F0FA802A993D69D1F8E8
S3150002B18004A0554540F0F3802D9971B11068012154
S3150002B190002807DD02EB800052F804CF90420CFB38
S3150002B1A001F1F9D18A4540F0E280BA6800210192A4
S3150002B1B002FB03F2FB68309803FB02F21393289B0F
S3150002B1C005FB02F29B68D2001293289BDB6814935C
S3150002B1D02A9BD3E902580EF0FAFF002E40F3BB80F9
S3150002B1E0129B002B40F3B3804FF0000CCDF808C041
S3150002B1F0D446CBF10003CDF86890D946DDF84CB0C1
S3150002B2000022E2460692BC461A464946CDF86C90A2
S3150002B210DDF8A8E0DDF868900D93149B002B7FDD26
S3150002B220189B002CC3F100007ADD009151460023E1
S3150002B230DA468B4605930D9B6746EB18DDF8A0C0F0
S3150002B2400493002103910099002D06DC039B013330
S3150002B250A3420393F8D1009155E015964E46B9469E
S3150002B260049BCDF824801194169517920D9D099A88
S3150002B270002A40F329816A18039C0A922B9ABBF191
S3150002B280000F2244F0460B92B64628DD04460026FD
S3150002B2900D9ACDE90E10AA1A0C921093002344EAD5
S3150002B2A005020096002A04DBA24502DD01998D42C1
S3150002B2B054DB01335B45F5D1009E099B0136B3424F
S3150002B2C004F10104EAD1DDE90E10109B01359D421D
S3150002B2D000F006814A19BBF1000F0A92D6DC01354D
S3150002B2E0AB42F7D1039A119C0132A24276460392EF
S3150002B2F0C646BBD14F46DDF82480B146169D159E43
S3150002B300179A00910493199B05991844149B0131CD
S3150002B3109942059195D15B46BC46D3469A46009919
S3150002B3200D98069B48440D90129801339842069355
S3150002B330A1EB09017FF471AF1346029A6746013207
S3150002B340B242D446DDF86C9002927FF459AF019B6B
S3150002B350002B00F3C8801DB0BDE8F08FDCF80010AA
S3150002B360042904D1DCF8041019B9029921B10EF0AE
S3150002B37081FD02988142FADDDCF808100698002960
S3150002B38040F09E800028F2D1DCF80C600598002E71
S3150002B39040F092800028EAD1DCF8100004900028E0
S3150002B3A040F0848003980028E1D10298069F00FBB2
S3150002B3B00171059806FB0101DDE9030606FB0101A1
S3150002B3C0299830F911100491D8F800100429CED129
S3150002B3D0D8F80410002966D1002BC8D1D8F8081075
S3150002B3E000295CD10D98A842C1D1D8F80C6000980A
S3150002B3F0002E51D10028BAD1D8F81000039F002898
S3150002B40047D1002FB3D10A9F01FB0371009F06FBB0
S3150002B410017100FB01F10B9841560791D9F8001012
S3150002B4200429A4D1D9F8041079BB029900299ED126
S3150002B430D9F8081031BB002D99D1D9F80C60F6B9AC
S3150002B440002C94D1D9F81000B0B9002B8FD1029FED
S3150002B45007FB015106FB014100FB01313098049FB5
S3150002B46000EBC106D6E900010896079EC7FB8601D6
S3150002B470089EC6E900011CE78342E8DB77E7B4428F
S3150002B480E0DB74E78D42D8DB71E702988142CFDCBC
S3150002B4906DE78742B7DB6AE7B042ADDB67E70C9838
S3150002B4A08842A2DB63E78B4298DB60E7DDE90307AC
S3150002B4B0B842FFF67AAF5AE7B042FFF66DAF56E7EB
S3150002B4C08842FFF661AF52E701359D427FF4CFAE67
S3150002B4D0039A119C0132944203927FF4C7AE09E7A4
S3150002B4E07646C646F4E74FF00009B846139DCDF8F6
S3150002B4F014A0002D40F3EA804FF0000CC646E04649
S3150002B500059B002B40F3DB80269BCB46191F279B0E
S3150002B5100027181FC14602460020CDE90312CDE9D5
S3150002B5200856CDE90A12DDF8B4C0DEF80030042B65
S3150002B5307FF41DAFDEF804300093002B40F0E98063
S3150002B540BBF1000F7FF413AFDEF80860002E40F067
S3150002B550DC80B9F1000F7FF40AAFDEF80C50002D43
S3150002B56040F0CF80002F7FF402AFDEF81040002CAF
S3150002B57040F0C38000287FF4FAAE0BFB069305FB6E
S3150002B580037304FB0302309B069203EBC203596862
S3150002B590309B029153F832202D9B43B1DCF80030E8
S3150002B5A0D3181A46DCF8043041EB030302930399DD
S3150002B5B051F8043F03910499002B51F804AF04910A
S3150002B5C0C0F2BE800AF11F08B8F1260F00F2B18060
S3150002B5D0029901F500484FF0FF3191424FF6FF7193
S3150002B5E071EB0808C0F09E8059498B4200F39680A1
S3150002B5F003F500434FEA2348DB17029908FB01F1E2
S3150002B60002FB0311A8FB023801EB08024FF0010806
S3150002B61041460793CAF10E030292A3F1200208FAE9
S3150002B62002F2C3F1200821FA08F842EA0808079A4A
S3150002B63001FA03F39B18029A0AF1110142EB080878
S3150002B640CAF10F02D34008FA01F1203A43EA010394
S3150002B6505CBF48FA02F2134347F6FF729342A8BF51
S3150002B66013463C4A9342B8BF1346009A002A40D179
S3150002B670BBF1000F7FF47BAE002E37D1B9F1000F7C
S3150002B6807FF475AE55BB002F7FF471AE5CBB00280C
S3150002B6907FF46DAE2F9A0699013022F81130059B80
S3150002B6A00CF1080C98427FF440AFDDE90856DDE95B
S3150002B6B00A120137BD427FF42FAFC846D946019B15
S3150002B6C008F1010898457FF41BAFF04609F101091C
S3150002B6D0B1457FF40EAF1DB0BDE8F08FBD427FF7D6
S3150002B6E046AE002CD3D0A042D4DB40E64E45C9DCA0
S3150002B6F03DE6009A5A45BFDC39E6A042FFF63DAF69
S3150002B70035E6BD423FF731AF31E64E453FF725AF4D
S3150002B7102DE6009B5B453FF717AF28E647F6FF7815
S3150002B72000236AE74FF48A710B4B0C4A0C4809F066
S3150002B730A3FD40F213110B4B084A094809F09CFD80
S3150002B7404FF48971084B054A054809F095FD00BF7B
S3150002B750FFFFFE7F0080FFFFFCB3030038B3030048
S3150002B76080B30300E0B303001CB303002DE9F04FDE
S3150002B7700222C7B00C460646E8F732FF01222146EE
S3150002B78080463046E8F72CFF236883460C932BB19C
S3150002B7901B68042B00F0818000230C9321460022B3
S3150002B7A03046E8F737FF24690546002C00F003828D
S3150002B7B098F808002B7A98420FD0CDE902033A4A4C
S3150002B7C03A497469FE23019200913046384A394952
S3150002B7D0A047012047B0BDE8F08F9BF80830984299
S3150002B7E06CD0072854D1092B52D1736C3046A16B09
S3150002B7F098470C9B0D901BB11B7A072B00F0868590
S3150002B800236C28AE414630460E93D4F844902EAFB0
S3150002B810E8F71AFFD8F80030594638460F93E8F78A
S3150002B82013FFDDF830800DF1D00A41465046DBF8B1
S3150002B83000B0E8F709FF434613B1D8F800300C937D
S3150002B8400DF1E80829464046E8F7FEFE002140A829
S3150002B8502D68E8F7F9FEB4F90C30B4F90A20B4F908
S3150002B8600410B4F902000D9CCDE9047BCDE909541C
S3150002B8700C9CCDF82080CDE906A40F9CCDF804904F
S3150002B880CDE902640E9C0094FFF752FC0020A1E76A
S3150002B89030467369084998479BE70322214630469A
S3150002B8A0E8F79EFE0C9079E7E0A603001CA70300CA
S3150002B8B03CEF030058A60300B8EF0300072894D014
S3150002B8C0092800F02182012840F05C81414628A81F
S3150002B8D0E8F7BAFED8F8003059462EA81593E8F7CD
S3150002B8E0B3FE0C9EDBF800300DF1D00A314650460D
S3150002B8F01493E8F7A9FE0EB133680C9329463AA8C9
S3150002B900E8F7A2FE2B68002140A81093E8F79CFEF8
S3150002B910289BB4F90A20042BB4F902B0B4F90470D6
S3150002B920B4F90C600F9240F046812E9B042B40F036
S3150002B93042813A9B042B40F03E81299C3B9B9C42D0
S3150002B94040F039812C9A11461292329A914240F075
S3150002B95032812F9A11460E923E9A8A4240F02B81EC
S3150002B960DDE92A9830991691319913913C990D91F6
S3150002B9703D9911910C9989B13498002840F3EF84CE
S3150002B980554601210AEB800055F804CFA8420CFB6C
S3150002B99001F1F9D10E98884240F00D810D9901FB13
S3150002B9A003F3119901FB03F303FB02F2002A04DD00
S3150002B9B00021109892000EF00AFC002C7FF766AF69
S3150002B9C0B9F1000F40F38280CBF100004FF0000B7B
S3150002B9D035460146DDF83CE05846DDF858B07A4275
S3150002B9E0B8F1000F92466EDD43462F46A04600266A
S3150002B9F094460D461C4662462946BC460023174617
S3150002BA00129A002A4EDDBBF1000F40F3C580CDE944
S3150002BA1017EC0022BE46CDE91984139C002C37DDB3
S3150002BA20CDE91BA954460027F046A9460E9D002DD6
S3150002BA3023DD0D464FF0000CCDE91D1B4FF0000E25
S3150002BA4044EA0501169171460F93169B002B06DBFD
S3150002BA50119BAB4203DD0D9BA34200F3A3800E9B19
S3150002BA6001319942F1D113990CF1010C8C450F9BCE
S3150002BA7005F10105E2D1DDE91D1B01375F4504F140
S3150002BA800104D3D1C6464D46DDF86CA0DDF87090B0
S3150002BA90129C01329442C0D1DDE918C877461A9C3D
S3150002BAA0DDF85CE00133A3427144A9D13B46674607
S3150002BAB001364E459C46BA449DD123462946444604
S3150002BAC062463D4698460130844289D10C9B002B42
S3150002BAD03FF4DCAE0D9B002B7FF7D8AE0022DDF8DB
S3150002BAE044E0DDF838C0BEF1000FC8BF002140F3C4
S3150002BAF00584BCF1000FC8BF002040F3FA8300257D
S3150002BB000C9E25E0002A56D13C9B63BB002952D1EC
S3150002BB10DDF8F480B8F1000F2CD100284BD13E9FFE
S3150002BB206FBB002D47D103FB021308FB030307FB80
S3150002BB300353109FB6EC017A07EB8303D3ED007A29
S3150002BB4077EE877A01356545C3ED007A00F0CD833D
S3150002BB503A9B042B2FD13B9B002BD3D09A422ADA55
S3150002BB603C9B002BD2D08B4225DDDDF8F480B8F168
S3150002BB70000FD2D080451EDD3E9F002FD1D0AF42AE
S3150002BB80D1DC18E0746908F0E7FC5E49024698F8D1
S3150002BB9008303046A0471CE601339C4271447FF4CC
S3150002BBA032AF83E7289B042B05D1DDF8A4E0BEF172
S3150002BBB0000F02D118B10EF05DF98645FBDDDDF806
S3150002BBC0A8E0BEF1000F40F09880002EF3D1DDF818
S3150002BBD0ACB00F9BBBF1000F40F08B80002BEAD17B
S3150002BBE0DDF8B0A0BAF1000F7FD1002AE3D100FB45
S3150002BBF00E6E0F9B0BFB0E3E0AFB0E2E159B03EBE6
S3150002BC008E0E2E9BDEED006A042BD4D1DDF8BCE04D
S3150002BC10BEF1000F66D10029CDD1DDF8C0E0BEF13C
S3150002BC20000F5CD1002FC6D1DDF8C4B0BBF1000F06
S3150002BC3052D1BCF1000FBED1DDF8C8A0BAF1000F97
S3150002BC4047D1002AB7D101FB0E7E0BFB0ECE0AFBB3
S3150002BC500E2E149B03EB8E0E3A9B9EED007A042B5E
S3150002BC60A9D1DDF8ECE0BEF1000F2FD10028A2D158
S3150002BC70DDF8F0E0BEF1000F25D1002C9BD1DDF8F6
S3150002BC80F4B0BBF1000F1BD1002D94D1DDF8F8A062
S3150002BC90BAF1000F11D100298DD100FB0E4E0BFB1C
S3150002BCA00E5E0AFB0E1E109B03EB8E0EDEED007A75
S3150002BCB0E6EE877ACEED007AD1E68A45EDDC7AE7C2
S3150002BCC05D45E3DB77E7A645D9DC74E78645CFDC3D
S3150002BCD071E79245B7DC6EE7E345ADDC6BE7774586
S3150002BCE0A2DB68E78E4598DC65E792453FF77FAFB2
S3150002BCF061E79B453FF774AF5DE77645FFF667AFB1
S3150002BD0059E700BFA0A50300736C3046A16B9847A4
S3150002BD10236C41461693636C0D9028A81793E8F797
S3150002BD2093FCD8F8003059462EA81893E8F78CFCF5
S3150002BD300C9EDBF800300DF1D00A314650461993BD
S3150002BD40E8F782FC0EB133680C9329463AA8E8F765
S3150002BD507BFC2B68002140A81A93E8F775FCB4F91E
S3150002BD600A20289B1B92B4F90220042B0E92B4F9E6
S3150002BD700420B4F90C800F927FF41DAF2E9B042B86
S3150002BD807FF419AF3A9B042B7FF415AF299D3B9B99
S3150002BD90AB427FF410AF2C9F329A97427FF40BAFDF
S3150002BDA0DDF8BCB03E9E5E457FF405AF0C9A82B1CB
S3150002BDB03499002940F3A882504601220AEB8101F8
S3150002BDC050F804CF81420CFB02F2F9D15A457FF4B6
S3150002BDD0F2AE3C9A0021109202FB03F23D9B0D98B3
S3150002BDE003FB02F206FB02F2DDE92A961293DDE973
S3150002BDF030A31193636992001C93E3691D930EF0BD
S3150002BE00E6F9002D7FF742ADB9F1000F40F39080BD
S3150002BE1000240E9AA6465142084639460F9B3246E0
S3150002BE204646DDF844805B42002A1C467BDD1F46FF
S3150002BE304FF0000C2B463D46CDF844B00029834610
S3150002BE4067DD229600271E46CDF838E0E646DDF885
S3150002BE5038C00023BAF1000F40F31382CDE913294B
S3150002BE60B14602461595B8F1000F40DD2046002581
S3150002BE70189ECDE923411E442096199E1E44219602
S3150002BE80119900292CDD5C46CDE925BA0026CB4660
S3150002BE90914644EA00021F92002162460E96CDF8B0
S3150002BEA09C800F951F9D002D06DB129DA54203DD8A
S3150002BEB0109D854200F34881119D0131A942F1D1BD
S3150002BEC00E9EDDF89C800136464594460F9D04F190
S3150002BED00104DED14A46DDF898A0D946DDF894B0D1
S3150002BEE00135AA4500F10100CAD1DDE9234101333A
S3150002BEF09942B8D11046139A4E46DDE914951B9B1A
S3150002BF00013797429B44A4D16746F446BE46334660
S3150002BF10229E0CF1010CCC4534448FD12C461D4691
S3150002BF202346DDF844B00EF1010EAE457FF47CAF38
S3150002BF30109B002B7FF7AAAC4FF000082B46C64693
S3150002BF40D8461298002840F3B6804FF000090546FD
S3150002BF504846C146F046B9F1000F40F3A480169A4E
S3150002BF601293141F179A2F46161F334600210646B0
S3150002BF70CB46254618460022CDE9137511950F903A
S3150002BF8015903A9B042B7FF416AE3B9B0E93002B27
S3150002BF9040F0B380B8F1000F7FF40DAE3C9F002F46
S3150002BFA040F0A780002E7FF406AE3D9D002D40F0A6
S3150002BFB09C8000297FF4FFAD3E9C002C40F09180CE
S3150002BFC0002A7FF4F8AD08FB076305FB031304FBA5
S3150002BFD0032E0D9B53F82EC00C9B13B153F822303F
S3150002BFE09C440F9B53F8049F0F93119B53F804AF85
S3150002BFF0119329EAE9730CFA03F39A45C9F1000C85
S3150002C0002CEAEC7C00F08E808AFB033ABAF1000F30
S3150002C01078DB13F180434AF1000ADB0F43EA4A0355
S3150002C02019F11F0FC0F25A81012000FA0CF909F129
S3150002C030FF394FEAD37A0AEB690A03EA090943FA96
S3150002C0400CF3D145C8BF01331D9803447F2B6FF013
S3150002C0507F00A8BF7F238342B8BF03460E980028FD
S3150002C0603BD1B8F1000F7FF4A6AD9FBB002E7FF443
S3150002C070A2AD3DBB00297FF49EAD44BB002A7FF4EE
S3150002C0809AAD1A9801325A4500F80E307FF479AF0C
S3150002C090DDE913750131B94215987FF46CAF3D465F
S3150002C0A03046D946129B109A013082427FF453AF32
S3150002C0B0C6462846C8460EF1010E73457FF442AFC6
S3150002C0C0FFF7E4BB8D427FF776AD002CD6D09442C3
S3150002C0D0D7DC70E5BE42CCDB6DE50E984045C4DC8C
S3150002C0E069E594423FF76FAF65E58D423FF764AF6E
S3150002C0F061E5BE42FFF659AF5DE50E9B43453FF74C
S3150002C1004DAF58E5B9481B186AF1000ABAF1000F9B
S3150002C11004DA6FF000401B184AF1000ADB0F43EA0B
S3150002C1204A037DE7BAF1004F7FF46EAF19F11F0F94
S3150002C130C0F2D480012303FA0CF909F1FF396FF03A
S3150002C14000434FEA690A7AE7289D042D7FF433AD4E
S3150002C150DDF8A4C0BCF1000F40F0BC80002A7FF4D9
S3150002C1602AADDDF8A8C0BCF1000F40F0AF80BEF1E9
S3150002C170000F7FF420ADDDF8ACA0BAF1000F40F05D
S3150002C180A180002F7FF417ADDDF8B080B8F1000F63
S3150002C19040F09480002B7FF40EAD02FB0CEC0AFB00
S3150002C1A00C7C08FB0CFC209D15F90C502E462E9D8E
S3150002C1B0042D7FF400ADDDF8BCC0BCF1000F7AD1CE
S3150002C1C000297FF4F8ACDDF8C0C00F9DBCF1000F6A
S3150002C1D06ED1002D7FF4EFACDDF8C4A00E9DBAF14E
S3150002C1E0000F62D1002D7FF4E6ACDDF8C880B8F10D
S3150002C1F0000F57D1002B7FF4DEAC0F9D01FB0C5CC8
S3150002C2000E9D0AFB0C5C08FB0CFC219D15F90C50DB
S3150002C2101E953A9D042D7FF4CEACDDF8ECC0BCF140
S3150002C220000F3CD1002A7FF4C6ACDDF8F0C0BCF1A9
S3150002C230000F31D100287FF4BEACDDF8F4A0BAF1CC
S3150002C240000F26D1002C7FF4B6ACDDF8F880B8F1E9
S3150002C250000F1BD100297FF4AEAC354602FB0C0C55
S3150002C2600AFB0C4C1C9E08FB0C1C3544A8460D9D73
S3150002C27055F82C601E9D05FB08680D9D45F82C801F
S3150002C2801AE6013399427FF4E5AD38E68845E4DCE7
S3150002C29091E45445D9DB8EE48445CEDC8BE49445A7
S3150002C2A0C3DC88E49845A8DC85E4AA459DDC82E4E3
S3150002C2B0AC4591DC7FE48C4585DC7CE498453FF710
S3150002C2C06CAF78E45745FFF65FAF74E4E645FFF6D8
S3150002C2D052AF70E494453FF744AF6CE440F2671105
S3150002C2E0434B444A444808F0C7FF013086457FF471
S3150002C2F006AC0D9B01318B427FF4FBAB01329442BB
S3150002C3007FF4F1ABFFF7C2BA01225FE53046736CE8
S3150002C310E16B984700270646DDF83090A0F1080A3F
S3150002C320494640A8E8F790F9409A002A1ADD40AB40
S3150002C330194603EB8202012351F8040F8A4200FBDD
S3150002C34003F3F9D19F420FDAD9F8003033F91730E7
S3150002C35001374AF8083FDB17CAF80430E0E7012143
S3150002C360FFF718BB0123EDE7236C626C28AF414649
S3150002C37038460E930F92E8F767F9D8F800100DF1D8
S3150002C380B808404610910DF1D0095946E8F75CF914
S3150002C3900DF1E80A48460C99DBF800B0E8F754F9C3
S3150002C3A029465046E8F750F940A800212D68E8F7DB
S3150002C3B04BF9B4F90C30B4F90A20B4F90410B4F903
S3150002C3C002000D9CCDE9076ACDE90954109E0F9D26
S3150002C3D00E9CCDE905B9CDE90276CDF8108001951E
S3150002C3E00094FEF7A5FEFFF751BA00BF010000C098
S3150002C3F058A4030068A40300C4A4030010B50446AD
S3150002C400034B044A0449E8F7C3F8204610BD00BFAF
S3150002C4106DB7020095AB020085AB02002DE9F04F25
S3150002C420002285B00D4607464C6901910090E8F757
S3150002C430D7F80646007A022800F0F880092800F0AC
S3150002C4408180012840F06681236829460022384609
S3150002C45064680293E8F7DEF87268002C4168156892
S3150002C460C0F26481AC4280F27C81002CD8BF4FF0CE
S3150002C470010B0ADD10464FF0010B002350F8047F32
S3150002C4800133A34207FB0BFBF8D1631C9D4240F329
S3150002C4905881012402EB830252F8040F01339D42B4
S3150002C4A000FB04F4F8D10BFB04F70D68002D40F3F2
S3150002C4B046810A460023012152F8040F01339D42A8
S3150002C4C000FB01F1F8D18F4240F04B81029BD6F876
S3150002C4D00080002B40F31A814FF00009CA46029BE6
S3150002C4E004FB03F608EB84030393B7005246DDE927
S3150002C4F00001E8F78FF8002800F03381BBF1000F46
S3150002C500D0F800E017DD0021039B484603EB8902C1
S3150002C5100B46002C09DD08EB80050EEB810CF5ECD1
S3150002C520017AAA42ECEC017AF9D101335B45304437
S3150002C53021443A44EDD1029B0AF1010A5345A14432
S3150002C540D4D1E3E00022DDE90001D4E90054E8F7A2
S3150002C55061F87268002C41681768C0F2EB80BC4231
S3150002C56080F2FF80002C40F3F48010464FF0010B5E
S3150002C5700023944650F8042F01339C4202FB0BFB26
S3150002C580F8D16246631C9F4240F3E080012402EB2D
S3150002C590830252F8040F01339F4200FB04F4F8D1E0
S3150002C5A00BFB04FC0F68002F40F3CE800A460023E3
S3150002C5B0012152F8040F0133BB4200FB01F1F8D10D
S3150002C5C08C4540F0CE80002D376840F39F804FF0B7
S3150002C5D00009CA4604FB05F607EB04080295524613
S3150002C5E0DDE90001E8F716F8002800F0BA80BBF191
S3150002C5F0000F016813DD4B4600200139002C09DDCE
S3150002C6000D46DA1908EB030C12F901EB624505F83F
S3150002C61001EFF9D10130584521443344EED1029B52
S3150002C6200AF1010A5345A144D9D16FE00022DDE99E
S3150002C6300001D4E900B4E7F7EDFF7268002C416807
S3150002C640156875DBAC4280F28C80002C74DD1046D6
S3150002C6504FF00109002350F8047F01339C4207FB87
S3150002C66009F9F8D1631C9D4278DD012402EB8302AD
S3150002C67052F8040F01339D4200FB04F4F8D109FB82
S3150002C68004F70D68002D67DD0A460023012152F8E2
S3150002C690040F0133AB4200FB01F1F8D18F4260D1A6
S3150002C6A0BBF1000F356831DD0027B84604FB0BF6F7
S3150002C6B0CDF808B04246DDE90001E7F7ABFF0028F6
S3150002C6C04FD0B9F1000F03681ADD0020A3F1040A66
S3150002C6D001463B46BB46002C0CDD1A1905EB8202CD
S3150002C6E005EB830C0AEB800E5CF8047B94454EF84E
S3150002C6F0047FF9D10131494533442044EBD15F46E9
S3150002C700029B08F1010843452744D3D1002005B016
S3150002C710BDE8F08F009D6C6907F01EFF12490246C4
S3150002C7202846A047012005B0BDE8F08F2C449CE6C0
S3150002C7302C448AE73C4415E74FF0010992E70121B0
S3150002C740C1E65F460124B0E6012139E7DC46012451
S3150002C75028E74FF0010B15E701219FE74F46012419
S3150002C7608FE70DF087FB00BF20F00300002210B513
S3150002C77004461146024BE7F70BFF204610BD00BFE9
S3150002C7801DC4020010B500220C69E7F743FF10B181
S3150002C7900460002010BD0DF06DFB00BF836B0BB172
S3150002C7A00421184710B50DF065FB00BF70B5C368CC
S3150002C7B005469A680E6990694B6988B10C46D3E9B9
S3150002C7C0001205F06DFB002830600CDB00222146CA
S3150002C7D02846E7F71FFF034638B11E60002070BDEA
S3150002C7E0034804F089FB012070BD0DF043FB00BF36
S3150002C7F048F0030010B50446034B044A0449E7F720
S3150002C800C7FE204610BD00BF85C70200ADC70200A5
S3150002C8109DC702002DE9F043D1E904631F6885B084
S3150002C82037605B6805467360D1E90023D3F8009050
S3150002C830C368D2F800809C6823682046DB6A984762
S3150002C84087422CDA23682046DB6A77689847874254
S3150002C8501CDA23682046DB6931689847804521D077
S3150002C86023683168DB6920466E699847034630497A
S3150002C870304ACDE9028300920191284641232E4A8D
S3150002C8802E49B047012005B0BDE8F0833E232C496E
S3150002C8906C6928460091284A2A49A047F2E73C23B8
S3150002C8A02949F5E723682046DB6971689847804580
S3150002C8B00ED1C8451FD0CDE90289244A1D496C69AB
S3150002C8C045230192009128461B4A1C49A047D9E7F5
S3150002C8D0236871682046DB696E69984703461C49DE
S3150002C8E0144ACDE902830092019128464323124A53
S3150002C8F01249B047C6E7236820465B6A71689847C3
S3150002C900804512D02368716820465B6A6E69984733
S3150002C910034610490D4ACDE9028300920191284649
S3150002C9204623054A0549B047ACE70020ABE700BFFE
S3150002C93058F1030090C80300B0F0030058A60300A4
S3150002C9401CF1030064A50300E0F00300D8C803004D
S3150002C95094F10300D0F1030000222DE9F043C368ED
S3150002C9600E699C6883B03368009222460746884661
S3150002C970E7F72CFF0546002851D1236820465B695C
S3150002C980316898470546002849D1236802469B6AC2
S3150002C9903168204698470368224693F8009041463C
S3150002C9A0736838460095E7F711FF0546002836D129
S3150002C9B041463846E7F7A2FE054600282FD1B9F1CF
S3150002C9C0000F23D12BE02368204671685B699847E4
S3150002C9D020BB2246414638467368E7F7C5FFE8B9E9
S3150002C9E02246414638463368E7F758FFB0B923680E
S3150002C9F020465B69316898470246A0B923682046FB
S3150002CA009B6A3168984703681B7843B122464146C0
S3150002CA1038467368E7F742FF0028D4D00546284611
S3150002CA2003B0BDE8F0830546F9E700BF836B0BB19F
S3150002CA300821184710B50DF01DFA00BF10B50446BF
S3150002CA40034B044A0449E7F7A3FD204610BD00BF85
S3150002CA5059C9020015C802002DCA0200F0B50B68BA
S3150002CA600446C66885B013B11B68012B0FD0244A51
S3150002CA7065690126CDE9012320461E23214A00923B
S3150002CA802149224A0396A847012005B0F0BD4B680A
S3150002CA900D46FBB11B68012B1CD1336800223046C0
S3150002CAA09B6998470746F0B133682946002230460B
S3150002CAB0DB6998470546F8B13B7839460370336817
S3150002CAC030465B6A98473368304629465B6A984720
S3150002CAD00020DAE70A4A65690126CDE901232046E4
S3150002CAE01F230B4ACBE722230A4965692046009198
S3150002CAF0064A0949A847C7E725230849F5E700BFBB
S3150002CB00B0C00300F0A8030058A603000CF203000D
S3150002CB1074A603007CA5030064A50300E8A903002C
S3150002CB20F0B500228DB00C460646E7F759FD002205
S3150002CB30214605463046E7F76DFD04462946684616
S3150002CB40E7F782FD214606A8E7F77EFD009F069BD2
S3150002CB509F4249D1002FD8BF012216DD6B46EE4611
S3150002CB6000220DF1180C5CF8040F5EF8041F8842CF
S3150002CB703AD101329742F6D101220DEB870053F8E2
S3150002CB80041F984201FB02F2F9D1297A4B1E082BA7
S3150002CB9006D8DFE803F00D0D05200505050518008A
S3150002CBA00A46304673691149984701200DB0F0BD17
S3150002CBB0D4B1002A206803DD002192000DF007FBA4
S3150002CBC000200DB0F0BD7CB1002A2068F8DD0021FE
S3150002CBD00DF0FDFAF4E73CB1002A2068F0DD0021F1
S3150002CBE0D2000DF0F4FAEBE70DF044F940F203003F
S3150002CBF010B504460021034B034AE7F7C9FC204659
S3150002CC0010BD00BF21CB02005DCA0200704700BF03
S3150002CC10D0E908235140013BC0E90813704700BF21
S3150002CC20C06870474369C269C068934234BF101A2C
S3150002CC30181A704702698069101A704710B50446BF
S3150002CC4008F028FD204610BDF8B504460F46C06818
S3150002CC501146164602F0DAFB0546216833463A4685
S3150002CC602046CC692946A04700280CBF284600204A
S3150002CC70F8BD00BF2DE9F04104460E46C0681146D4
S3150002CC80154602F0C3FB276801462046FC692B467F
S3150002CC903246A446BDE8F041604700BFF0B50446FF
S3150002CCA00E46C068194683B01D46174602F0AEFB13
S3150002CCB06169E369994201D1B04206D00E49A06882
S3150002CCC005F090FF012003B0F0BD2946E06802F0AE
S3150002CCD09DFBA36902461B1ABB4205D300203A44B8
S3150002CCE06261E26103B0F0BDF91AA0683A460091AA
S3150002CCF0024905F077FFE5E788F20300F8F2030040
S3150002CD0030B504460D46C069114683B002F07EFB7B
S3150002CD10A3691B1AAB4209D3D4E90823054442404E
S3150002CD20C4E907520133636203B030BDE91AA06851
S3150002CD302A460091024905F055FF0020F4E700BF9C
S3150002CD403CF3030030B50D4604468069114683B0B4
S3150002CD50401B02F063FB6369834298BFA06101D85E
S3150002CD6003B030BD1B1A2A46A06803490093EB1A8A
S3150002CD7005F038FF0020F3E788F3030038B50446D0
S3150002CD80C0690D4602F042FB03462946A0691C46CD
S3150002CD9002F044FB001B38BD08B5D0E9082151EA70
S3150002CDA0020301D1012008BDB2FA82F202485209F9
S3150002CDB004F0A2F8002008BDD4F30300043870473B
S3150002CDC0C2684069101A704710B5041F204608F061
S3150002CDD061FC204610BD00BF10B503680E4A1B69F0
S3150002CDE00446934213D1D0E9082151EA020303D142
S3150002CDF063690020E36110BDB2FA82F20748520964
S3150002CE0004F07AF8064804F077F8012010BD984736
S3150002CE100028EDD1F6E700BF99CD0200D4F3030056
S3150002CE2018F4030030B50D4604464069114683B036
S3150002CE30401B02F0F3FA2369984228BF606101D3CE
S3150002CE4003B030BD1B1A2A46606803490093EB1AE9
S3150002CE5005F0C8FE0020F3E788F3030070B5026808
S3150002CE60124BD5699D4211D104460E46C068012176
S3150002CE7002F0CCFA6269E3699A4201D186420BD08A
S3150002CE800B49A06805F0AEFE012070BDAC46BDE8B8
S3150002CE9070400123002260470121E06802F0B6FAE1
S3150002CEA003466361E361002070BD00BF9DCC0200B2
S3150002CEB088F2030070B582B0D0B10C46C1B18D18AC
S3150002CEC006460421A5F1280002F0A8FA844211D8E8
S3150002CED000220E49C0E90345C0E90540C46101F1DB
S3150002CEE04404C0E90014C0E90822866002B070BD9D
S3150002CEF00CF0C0FF2822231A00933046D31A0449A5
S3150002CF0005F070FE0023014A1A60FFDE34160400A3
S3150002CF1088F30300704700BF704700BF0022C0E9D4
S3150002CF2000228260704700BF0022C0E900228260B0
S3150002CF30704700BF0022C0E900228260704700BF2E
S3150002CF4001207047704700BF08B500F58053D3F83B
S3150002CF508834802B17D8A3B141F2072203EB000CC9
S3150002CF609444831801E063450BD09E4613F8012FC3
S3150002CF708A42F8D1AEEB000EAEF6655E50F82E0090
S3150002CF8008BD002008BD0CF075FF00BF2DE9F04179
S3150002CF9000F58053D3F80462EEB180460F4604468C
S3150002CFA0002504E00135B54204F1240410D0A3693A
S3150002CFB0202BF7D13946E0690DF070F90028F1D13E
S3150002CFC005EBC50508EB850808F10400BDE8F0810C
S3150002CFD00020BDE8F0813046FBE700BF10B50446ED
S3150002CFE008F058FB204610BD202919D030B400F5B0
S3150002CFF08053D3F80452ADB10246002302E0013356
S3150002D0009D420AD094692432A142F8D103EBC303AC
S3150002D01000EB8300043030BC7047002030BC704700
S3150002D020002070472846F6E70368114A1B6A9342B6
S3150002D0301BD120298C4619D010B500F5805386469F
S3150002D040D3F8040270B17246002302E0013398421B
S3150002D05009D0946924326445F8D103EBC3030EEB7D
S3150002D0608300043010BD002010BD18470020704711
S3150002D070E9CF020020292DE9F047064654D01F4683
S3150002D080036815461B6A334A0C4693421BD100F5C8
S3150002D0908058D8F80412F9B184464FF0000E01E028
S3150002D0A0714515D0DCF818300EF1010EA3420CF1D1
S3150002D0B0240CF5D1D8F88C04A0B32246BDE8F0477B
S3150002D0C0254905F08FBD984706F580580028F1D10D
S3150002D0D0D8F804127F2932D8AE4641F2082901EB6C
S3150002D0E0C10A06EB8A0A0AF1040C4D1CBEE80F00BF
S3150002D0F0ACE80F00BEE80F00ACE80F00DEF8003027
S3150002D100CCF80030CAF81840D8F88834C8F8045267
S3150002D110F21802F8094003F2A242013346F82270DD
S3150002D120C8F88834BDE8F08700F58056D6F88C0436
S3150002D1300028F7D0BDE8F047084905F053BDD8F8F6
S3150002D1408C040028EED02246BDE8F047802304492D
S3150002D15005F048BDE9CF0200A8F4030060F403001D
S3150002D160F8F403000368164A5B6A934224D12DE958
S3150002D170F04100F58053D3F804628046EEB10F46C3
S3150002D1800446002504E00135AE4204F1240410D021
S3150002D190A369202BF7D13946E0690DF07FF8002804
S3150002D1A0F1D105EBC50508EB850808F10400BDE8D9
S3150002D1B0F0810020BDE8F08118473046FAE700BF4B
S3150002D1C08DCF02002DE9F04F04460026A94B8BB005
S3150002D1D004F5805501A8C5F80462C5F88864C5F847
S3150002D1E08C642360E4F70EF865212046A24B01AA5F
S3150002D1F0FFF740FF01A8D4F76BF9D5F8040200281F
S3150002D20002F01680214602E0864201F0D3848A6942
S3150002D21001362431002AF7D1D5F88C0410B197498A
S3150002D22005F0E0FC01A8D5F749FD6A21944B01AA55
S3150002D2302046FFF71FFF01A8D6F7A8F8914B382121
S3150002D240204601AAFFF716FF01A8D6F7ABF8D5F8D4
S3150002D2500432002B01F0E8872146002002E08342D7
S3150002D26000F0D9868A6901304F2A01F12401F6D1EC
S3150002D270D5F88C0410B1814905F0B4FC01A8D6F7A3
S3150002D2806FF9D5F80402002801F0B0872146002381
S3150002D29002E0834200F0EC868A690133902A01F1AA
S3150002D2A02401F6D1D5F88C0410B1744905F09AFC24
S3150002D2B001A8EDF741FDD5F80402002801F09A878E
S3150002D2C02146002302E0834200F030878A69013357
S3150002D2D0012A01F12401F6D1D5F88C0410B167496F
S3150002D2E005F080FC01A8D6F769FC25212046664B8D
S3150002D2F001AAFFF7BFFE01A8D6F720FDD5F8040262
S3150002D300002801F06B872146002302E0834200F0E9
S3150002D3103A878A690133912A01F12401F6D1D5F8B7
S3150002D3208C0410B1554905F05DFC01A8D6F768FFDB
S3150002D330D5F80432002B01F055872146002002E081
S3150002D340834200F00E868A690130822A01F12401A5
S3150002D350F6D1D5F88C0410B1484905F043FC01A872
S3150002D360D7F72AF9D5F80432002B01F05587214662
S3150002D370002002E0834200F021868A690130812A78
S3150002D38001F12401F6D1D5F88C0410B13B4905F020
S3150002D39029FC01A8D7F742FB352120463B4B01AABF
S3150002D3A0FFF768FE01A8D7F77DFCD5F8040200282E
S3150002D3B001F036872146002302E0834200F0918580
S3150002D3C08A690133682A01F12401F6D1D5F88C0461
S3150002D3D010B12A4905F006FCD7F7DCFCD5F804B2F1
S3150002D3E08046BBF17F0F00F2B085DFF8A4A0BBF147
S3150002D3F0000F01F0A08426460027D14605E001373A
S3150002D400BB4506F1240601F09684B369202BF6D1BA
S3150002D4104946F0690CF042FF0028F0D1D5F88C0499
S3150002D42018B11B4A1B4905F0DDFB01A8DDF732FBEB
S3150002D430D5F80432002B01F01E872146002002E0B7
S3150002D440834201F08D808A690130022A01F12401AA
S3150002D450F6D1D5F88C0410B1084905F0C3FB01A832
S3150002D460DFF7F6FBD5F80432002B01F0D28621460F
S3150002D470002014E038170400392D0300A8F4030035
S3150002D480D92D0300DD2D0300212F0300912F030068
S3150002D4903CF5030090F50300834201F0B8838A69E4
S3150002D4A00130032A01F12401F6D1D5F88C0410B11A
S3150002D4B0B24905F097FB01A8E3F7C0FEB04B6C2119
S3150002D4C0204601AAFFF7D6FD01A8E0F7F5F8D5F840
S3150002D4D00432002B01F099862146002002E08342A5
S3150002D4E001F098808A690130802A01F12401F6D17F
S3150002D4F0D5F88C0410B1A14905F074FB01A8E0F738
S3150002D500FDFAD5F80432002B01F07B862146002075
S3150002D51002E0834201F0D8808A690130052A01F1CE
S3150002D5202401F6D1D5F88C0410B1944905F05AFBC2
S3150002D53001A8E1F7EBF9D5F80432002B01F05E867B
S3150002D5402146002002E0834201F08E838A6901307F
S3150002D550042A01F12401F6D1D5F88C0410B18749C9
S3150002D56005F040FB01A8E1F765FD06212046854B43
S3150002D57001AAFFF77FFDE3F73BFBD5F804B280462D
S3150002D580BBF17F0F01F2CB83DFF8FCA1BBF1000FE9
S3150002D59001F0E98326460027D14605E00137BB455F
S3150002D5A006F1240601F0DF83B369202BF6D1494642
S3150002D5B0F0690CF073FE0028F0D1D5F88C0418B18E
S3150002D5C0714A724905F00EFB01A8E4F703F8D5F893
S3150002D5D00432002B01F053862146002002E08342EA
S3150002D5E000F0EB878A6901306F2A01F12401F6D136
S3150002D5F0D5F88C0410B1614905F0F4FA01A8D7F701
S3150002D60029FED5F80432002B01F0DE8521460020E2
S3150002D61002E0834201F0DF808A690130472A01F184
S3150002D6202401F6D1D5F88C0410B1544905F0DAFA82
S3150002D630E3F7E0FF824628B3E3F7DEFFD5F804827C
S3150002D6408146B8F17F0F01F2F383B8F1000F01F0C2
S3150002D650FB832646002705E00137B84506F1240676
S3150002D66001F0F283B369202BF6D14946F0690CF03A
S3150002D67015FE0028F0D1D5F88C0418B14A46434964
S3150002D68005F0B0FA01A8E4F703F9D5F80432002B45
S3150002D69001F0FD852146002002E0834201F041802F
S3150002D6A08A6901302F2A01F12401F6D1D5F88C04BA
S3150002D6B010B1324905F096FA01A8E4F73FFAD5F817
S3150002D6C00432002B01F0DF852146002002E083426E
S3150002D6D001F035818A690130462A01F12401F6D129
S3150002D6E0D5F88C0410B1254905F07CFA01A8E4F7B7
S3150002D6F0FBFBD5F80432002B01F0D8852146002029
S3150002D70002E0834201F0C1808A6901305E2A01F19A
S3150002D7102401F6D1D5F88C0410B1184905F062FA45
S3150002D72001A8E4F75FFCD5F80432002B01F0BA85B4
S3150002D7302146002002E0834201F05B818A690130C2
S3150002D740082A01F12401F6D1D5F88C0410B10B494F
S3150002D75005F048FA01A8E4F729FD0D4B5A212046A7
S3150002D76001AAFFF787FC01A8E5F70EF8D5F80432FF
S3150002D770002B01F09385214600200EE0A8F4030059
S3150002D780C132030069340300DCF5030090F503009F
S3150002D79085340300834200F06A878A6901305F2A72
S3150002D7A001F12401F6D1D5F88C0410B1A34905F094
S3150002D7B019FA01A8E5F7B4FCD5F80402002801F02D
S3150002D7C06A852146002302E0834201F07B828A6950
S3150002D7D00133092A01F12401F6D1D5F88C0410B1DE
S3150002D7E0964905F0FFF901A8E6F790F8D5F8040284
S3150002D7F0002801F07B852146002302E0834201F0E6
S3150002D80017808A690133242A01F12401F6D1D5F859
S3150002D8108C0410B1894905F0E5F901A8E6F786FA04
S3150002D820D5F80402002801F05D852146002302E0B6
S3150002D830834201F0B1808A6901336B2A01F1240126
S3150002D840F6D1D5F88C0410B17C4905F0CBF901A8C4
S3150002D850D7F720FD3D212046794B01AAFFF70AFCA6
S3150002D86001A8D7F727FDD5F80402002801F036856E
S3150002D8702146002302E0834200F080878A69013351
S3150002D8803E2A01F12401F6D1D5F88C0410B16B4978
S3150002D89005F0A8F901A8E6F75FFAD5F80402002810
S3150002D8A001F018852146002302E0834201F0CE8072
S3150002D8B08A690133752A01F12401F6D1D5F88C045F
S3150002D8C010B15E4905F08EF901A8E6F73DFED5F8DE
S3150002D8D00402002801F0FA842146002302E0834272
S3150002D8E001F000808A690133762A01F12401F6D11A
S3150002D8F0D5F88C0410B1514905F074F901A8E7F77F
S3150002D900F7FF0B2120464F4B01AAFFF7B3FB01A8F5
S3150002D910E7F7C6FBD5F80402002801F0D3842146B6
S3150002D920002302E0834201F0BE808A6901330C2A99
S3150002D93001F12401F6D1D5F88C0410B13F4905F066
S3150002D94051F901A8E7F7ECFFD5F80402002801F027
S3150002D950B5842146002302E0834200F099848A6955
S3150002D9600133622A01F12401F6D1D5F88C0410B1F3
S3150002D970324905F037F901A8D7F7ACFCD5F804020D
S3150002D980002801F097842146002302E0834200F03A
S3150002D99033858A6901333A2A01F12401F6D1D5F891
S3150002D9A08C0410B1254905F01DF901A8D7F7A2FC90
S3150002D9B03F212046244B01AAFFF75CFB01A8E3F7AF
S3150002D9C04BFCD5F80402002801F0518421460023BD
S3150002D9D002E0834200F0B6848A690133492A01F1E2
S3150002D9E02401F6D1D5F88C0410B1144905F0FAF8E1
S3150002D9F001A8E8F7BDFD5621144B01AA2046FFF700
S3150002DA0039FB01A8E3F760FC5721114B01AA204616
S3150002DA10FFF730FB01A8E8F79FFD542120460D4B86
S3150002DA2001AAFFF727FB01A8E8F776FFD5F804025B
S3150002DA30002801F018842146002310E0A8F4030010
S3150002DA401D360300B93603008D37030095370300F0
S3150002DA50993703009D370300834200F027858A69C0
S3150002DA6001330E2A01F12401F6D1D5F88C0410B146
S3150002DA70AA4905F0B7F801A8EDF76EF91121A84BEE
S3150002DA8001AA2046FFF7F6FA01A8E9F7DBFB3721E0
S3150002DA90A44B01AA2046FFF7EDFA01A8EFF73AFCDC
S3150002DAA028212046A04B01AAFFF7E4FA01A8E9F7CC
S3150002DAB0D5FBD5F80402002801F0D18321460023C4
S3150002DAC002E0834200F011848A690133392A01F1A6
S3150002DAD02401F6D1D5F88C0410B1904905F082F8EC
S3150002DAE001A8EAF703FD6421904B01AA2046FFF73D
S3150002DAF0C1FA01A8EAF75EFD12218D4B01AA204662
S3150002DB00FFF7B8FA01A8EBF7C5FE3B212046894B81
S3150002DB1001AAFFF7AFFA01A8D7F7ACFBD5F80402C2
S3150002DB20002801F098832146002302E0834200F098
S3150002DB3090848A690133482A01F12401F6D1D5F885
S3150002DB408C0410B1754905F04DF801A8ECF7D8F828
S3150002DB505321794B01AA2046FFF78CFA01A8ECF76C
S3150002DB6027FB2221754B01AA2046FFF783FA01A85B
S3150002DB70ECF72EFB3C212046714B01AAFFF77AFAFD
S3150002DB8001A8EEF71DF8D5F80402002801F05F831C
S3150002DB902146002302E0834200F001848A690133B0
S3150002DBA0362A01F12401F6D1D5F88C0410B15B496D
S3150002DBB005F018F801A8EEF7D3FC7221614B01AA11
S3150002DBC02046FFF757FA01A8EFF782FB8F215E4B3B
S3150002DBD001AA2046FFF74EFA01A8EFF7ABFB522146
S3150002DBE02046514B01AAFFF745FA01A8D2F7A8FE33
S3150002DBF0D5F80402002801F026832146002302E01C
S3150002DC00834200F080848A690133132A01F12401D8
S3150002DC10F6D1D5F88C0410B1404904F0E3FF01A80F
S3150002DC20D2F79EFE15212046484B01AAFFF722FA9B
S3150002DC3001A8F1F7E1FCD5F80402002801F0FF8201
S3150002DC402146002302E0834200F0CA828A69013338
S3150002DC50162A01F12401F6D1D5F88C0410B12F4908
S3150002DC6004F0C0FF01A8F1F789FD17212046384BC1
S3150002DC7001AAFFF7FFF901A8F2F7D2FBD5F80402D1
S3150002DC80002801F0D8822146002302E0834200F0F8
S3150002DC90D3828A690133612A01F12401F6D1D5F8CA
S3150002DCA08C0410B11D4904F09DFF01A8F3F712FA86
S3150002DCB07421284B01AA2046FFF7DCF901A8E3F7F5
S3150002DCC0E7FA4C21244B01AA2046FFF7D3F901A813
S3150002DCD0F3F76EFA4D21214B01AA2046FFF7CAF946
S3150002DCE001A8E3F79DFA42211D4B01AA2046FFF740
S3150002DCF0C1F901A8F4F75CF841212046194B01AAA3
S3150002DD00FFF7B8F901A8F4F7F1F9D5F804020028EB
S3150002DD1001F061822146002329E000BFA8F4030036
S3150002DD202D390300A5370300413A0300AD3703003E
S3150002DD30213803008D380300953803002539030086
S3150002DD4029390300393A03003D3A0300AD3A03008C
S3150002DD50653B0300953C0300993C03009D3C030090
S3150002DD60313D0300353D0300834200F0C9868A69CE
S3150002DD700133192A01F12401F6D1D5F88C0410B128
S3150002DD80D24904F02FFF01A8F5F7AEFC2621D04BAD
S3150002DD9001AA2046FFF76EF901A8F5F7ADFD1A2193
S3150002DDA0CC4B01AA2046FFF765F901A8F6F73EF823
S3150002DDB03121C94B01AA2046FFF75CF901A8F6F703
S3150002DDC095FB6621C54B01AA2046FFF753F901A828
S3150002DDD0E3F750FA4B21C24B01AA2046FFF74AF954
S3150002DDE001A8E3F763FA5C21BE4B01AA2046FFF7BE
S3150002DDF041F901A8F7F75CF82B21BB4B01AA204693
S3150002DE00FFF738F901A8F7F785FA2D21B74B01AAD2
S3150002DE102046FFF72FF901A8F9F7CAFA2921204669
S3150002DE20B34B01AAFFF726F901A8FAF7B7FDD5F811
S3150002DE300402002801F0CC812146002302E083423D
S3150002DE4000F08B868A6901331B2A01F12401F6D17F
S3150002DE50D5F88C0410B19D4904F0C4FE01A8FCF764
S3150002DE6029F801AA1C212046A24BFFF703F901A8B3
S3150002DE70FCF7B6FB01AA272120469F4BFFF7FAF8CB
S3150002DE8001A8FEF7BBFA01AA432120469B4BFFF7E6
S3150002DE90F1F801A8FEF76AFC01AA58212046984B20
S3150002DEA0FFF7E8F801A8FEF7A5FC01AA8E21204695
S3150002DEB0944BFFF7DFF801A8FEF7C0FD01AA772110
S3150002DEC02046914BFFF7D6F801A8FEF791FE2046B1
S3150002DED05D218E4B01AAFFF7CDF820460BB0BDE8B7
S3150002DEE0F08F802800F08E8700F101084FF0680E4F
S3150002DEF041F2082A00EBC00004EB80060DF1040C87
S3150002DF00371DBCE80F000FC7BCE80F000FC7DCF8CF
S3150002DF100030DFF804923B60C6F818E0D5F8883482
S3150002DF20C5F80482E21802F80AE003F2A2420133BB
S3150002DF3044F82290C5F88834D6F72CFFD5F804B2F7
S3150002DF408046BBF17F0F7FF650AAD5F88C040028D5
S3150002DF503FF46BAA80236E4A6E4904F043FEFFF734
S3150002DF6064BA802B00F0598703F101084FF0820E44
S3150002DF7041F2082A03EBC30304EB83060DF1040CFA
S3150002DF80371DBCE80F000FC7BCE80F000FC7DCF84F
S3150002DF900030DFF888913B60C6F818E0D5F888347F
S3150002DFA0C5F80482E21802F80AE003F2A24201333B
S3150002DFB044F82290C5F88834FFF7D1B9802B00F0D7
S3150002DFC0EA8603F101084FF0810E41F2082A03EBBB
S3150002DFD0C30304EB83060DF1040C371DBCE80F00E6
S3150002DFE00FC7BCE80F000FC7DCF80030DFF830912E
S3150002DFF03B60C6F818E0D5F88834C5F80482E21802
S3150002E00002F80AE003F2A242013344F82290C5F86C
S3150002E0108834FFF7BEB9802B00F0C88603F10108E9
S3150002E0204FF04F0E41F2082A03EBC30304EB8306BB
S3150002E0300DF1040C371DBCE80F000FC7BCE80F003A
S3150002E0400FC7DCF80030DFF8DC903B60C6F818E05A
S3150002E050D5F88834C5F80482E21802F80AE003F219
S3150002E060A242013344F82290C5F88834FFF706B974
S3150002E070802800F0A68600F101084FF0900E41F2CA
S3150002E080082A00EBC00004EB80060DF1040C371DD4
S3150002E090BCE80F000FC7BCE80F000FC7DCF8003062
S3150002E0A0DFF884903B60C6F818E0D5F88834C5F8E6
S3150002E0B00482E21802F80AE003F2A242013344F8AB
S3150002E0C02290C5F88834FFF7F3B800BFA8F403001E
S3150002E0D09D3D0300A13D0300053E0300693E03008A
S3150002E0E0813F0300853F0300CD3E0300893F0300C5
S3150002E0F075400300C9410300CD410300D14103002D
S3150002E1008942030019430300A9430300394403006B
S3150002E1103CF503004CF5030061300300292F030090
S3150002E1202D2F03007D2E03001D2F0300802800F0F3
S3150002E130538600F101084FF0010E41F2082A00EB66
S3150002E140C00004EB80060DF1040C371DBCE80F007D
S3150002E1500FC7BCE80F000FC7DCF80030DFF8609E7F
S3150002E1603B60C6F818E0D5F88834C5F80482E21890
S3150002E17002F80AE003F2A242734444F82290C5F878
S3150002E1808834FFF7AFB8802800F0318600F1010825
S3150002E1904FF0910E41F2082A00EBC00004EB800614
S3150002E1A00DF1040C371DBCE80F000FC7BCE80F00C9
S3150002E1B00FC7DCF80030DFF80C9E3B60C6F818E0AB
S3150002E1C0D5F88834C5F80482E21802F80AE003F2A8
S3150002E1D0A242013344F82290C5F88834FFF7A5B865
S3150002E1E0802800F0698600F101094FF0160E41F20F
S3150002E1F0082A00EBC00004EB80060DF1040C371D63
S3150002E200BCE80F000FC7BCE80F000FC7DCF80030F0
S3150002E210DFF8B48D3B60C6F818E0D5F88834C5F847
S3150002E2200492E21802F80AE003F2A242013344F829
S3150002E2302280C5F8883415E5802800F0958600F11D
S3150002E24001094FF0610E41F2082A00EBC00004EB0F
S3150002E25080060DF1040C371DBCE80F000FC7BCE8A1
S3150002E2600F000FC7DCF80030DFF8688D3B60C6F898
S3150002E27018E0D5F88834C5F80492E21802F80AE0E4
S3150002E28003F2A242013344F82280C5F888340CE531
S3150002E290802800F03D8600F101094FF0620E41F23E
S3150002E2A0082A00EBC00004EB80060DF1040C371DB2
S3150002E2B0BCE80F000FC7BCE80F000FC7DCF8003040
S3150002E2C0DFF8188D3B60C6F818E0D5F88834C5F833
S3150002E2D00492E21802F80AE003F2A242013344F879
S3150002E2E02280C5F88834FFF746BB802800F02686D0
S3150002E2F000F101094FF0390E41F2082A00EBC00085
S3150002E30004EB80060DF1040C371DBCE80F000FC7A5
S3150002E310BCE80F000FC7DCF80030DFF8C48C3B60A6
S3150002E320C6F818E0D5F88834C5F80492E21802F85F
S3150002E3300AE003F2A242013344F82280C5F8883487
S3150002E340FFF7CEBB802800F0CD8500F101094FF022
S3150002E350490E41F2082A00EBC00004EB80060DF1DB
S3150002E360040C371DBCE80F000FC7BCE80F000FC72F
S3150002E370DCF80030DFF86C8C3B60C6F818E0D5F8A4
S3150002E3808834C5F80492E21802F80AE003F2A242BF
S3150002E390013344F82280C5F88834FFF729BB802868
S3150002E3A000F0D78500F101094FF0360E41F2082A36
S3150002E3B000EBC00004EB80060DF1040C371DBCE82F
S3150002E3C00F000FC7BCE80F000FC7DCF80030DFF8FC
S3150002E3D0188C3B60C6F818E0D5F88834C5F8049264
S3150002E3E0E21802F80AE003F2A242013344F822805C
S3150002E3F0C5F88834FFF7DEBB802800F07E8500F181
S3150002E40001094FF03A0E41F2082A00EBC00004EB74
S3150002E41080060DF1040C371DBCE80F000FC7BCE8DF
S3150002E4200F000FC7DCF80030DFF8C08B3B60C6F880
S3150002E43018E0D5F88834C5F80492E21802F80AE022
S3150002E44003F2A242013344F82280C5F88834FFF76A
S3150002E450ACBA802800F0678500F101094FF0480E3A
S3150002E46041F2082A00EBC00004EB80060DF1040C11
S3150002E470371DBCE80F000FC7BCE80F000FC7DCF85A
S3150002E4800030DFF86C8B3B60C6F818E0D5F88834AC
S3150002E490C5F80492E21802F80AE003F2A242013336
S3150002E4A044F82280C5F88834FFF74FBB802800F075
S3150002E4B00E8500F101094FF00E0E41F2082A00EB1B
S3150002E4C0C00004EB80060DF1040C371DBCE80F00FA
S3150002E4D00FC7BCE80F000FC7DCF80030DFF8148B5B
S3150002E4E03B60C6F818E0D5F88834C5F80492E218FD
S3150002E4F002F80AE003F2A242013344F82280C5F888
S3150002E5008834FFF7B8BA802800F0B58400F1010913
S3150002E5104FF0130E41F2082A00EBC00004EB80060E
S3150002E5200DF1040C371DBCE80F000FC7BCE80F0045
S3150002E5300FC7DCF80030DFF8C08A3B60C6F818E087
S3150002E540D5F88834C5F80492E21802F80AE003F214
S3150002E550A242013344F82280C5F88834FFF75FBB34
S3150002E560802B00F08B8503F101084FF0020E41F279
S3150002E570082A03EBC30304EB83060DF1040C371DD3
S3150002E580BCE80F000FC7BCE80F000FC7DCF800306D
S3150002E590DFF8689A3B60C6F818E0D5F88834C5F803
S3150002E5A00482E21802F80AE003F2A242013344F8B6
S3150002E5B02290C5F88834FEF752BF802B00F066849D
S3150002E5C003F101084FF06F0E41F2082A03EBC30371
S3150002E5D004EB83060DF1040C371DBCE80F000FC7D0
S3150002E5E0BCE80F000FC7DCF80030DFF8149A3B6076
S3150002E5F0C6F818E0D5F88834C5F80482E21802F89D
S3150002E6000AE003F2A242013344F82290C5F88834A4
S3150002E610FEF7F4BF802B00F0688503F101084FF086
S3150002E620800E41F2082A03EBC30304EB83060DF1C5
S3150002E630040C371DBCE80F000FC7BCE80F000FC75C
S3150002E640DCF80030DFF8BC993B60C6F818E0D5F874
S3150002E6508834C5F80482E21802F80AE003F2A242FC
S3150002E660013344F82290C5F88834FEF747BF802B61
S3150002E67000F0468503F101094FF05F0E41F2082AC8
S3150002E68003EBC30304EB83060DF1040C371DBCE850
S3150002E6900F000FC7BCE80F000FC7DCF80030DFF829
S3150002E6A068893B60C6F818E0D5F88834C5F8049244
S3150002E6B0E21802F80AE003F2A242013344F8228089
S3150002E6C0C5F88834FFF775B8802B00F0C18403F1D2
S3150002E6D001084FF0050E41F2082A03EBC30304EBCF
S3150002E6E083060DF1040C371DBCE80F000FC7BCE80A
S3150002E6F00F000FC7DCF80030DFF810993B60C6F850
S3150002E70018E0D5F88834C5F80482E21802F80AE05F
S3150002E71003F2A242013344F82290C5F88834FEF788
S3150002E72007BF802B00F0C08403F101094FF02F0EC2
S3150002E73041F2082A03EBC30304EB83060DF1040C32
S3150002E740371DBCE80F000FC7BCE80F000FC7DCF887
S3150002E7500030DFF8BC883B60C6F818E0D5F888348C
S3150002E760C5F80492E21802F80AE003F2A242013363
S3150002E77044F82280C5F88834FEF79EBF802800F050
S3150002E780728400F101094FF03E0E41F2082A00EBB5
S3150002E790C00004EB80060DF1040C371DBCE80F0027
S3150002E7A00FC7BCE80F000FC7DCF80030DFF864883B
S3150002E7B03B60C6F818E0D5F88834C5F80492E2182A
S3150002E7C002F80AE003F2A242013344F82280C5F8B5
S3150002E7D08834FFF75FB8802B00F07C8403F10108D0
S3150002E7E04FF0470E41F2082A03EBC30304EB8306FC
S3150002E7F00DF1040C371DBCE80F000FC7BCE80F0073
S3150002E8000FC7DCF80030DFF810983B60C6F818E056
S3150002E810D5F88834C5F80482E21802F80AE003F251
S3150002E820A242013344F82290C5F88834FEF700BFAD
S3150002E830802800F07B8400F101094FF0240E41F29A
S3150002E840082A00EBC00004EB80060DF1040C371D0C
S3150002E850BCE80F000FC7BCE80F000FC7DCF800309A
S3150002E860DFF8B8873B60C6F818E0D5F88834C5F8F3
S3150002E8700492E21802F80AE003F2A242013344F8D3
S3150002E8802280C5F88834FEF7C8BF802B00F0828349
S3150002E89003F101094FF05E0E41F2082A03EBC303AE
S3150002E8A004EB83060DF1040C371DBCE80F000FC7FD
S3150002E8B0BCE80F000FC7DCF80030DFF864873B6066
S3150002E8C0C6F818E0D5F88834C5F80492E21802F8BA
S3150002E8D00AE003F2A242013344F82280C5F88834E2
S3150002E8E0FEF71EBF802800F0608300F101094FF099
S3150002E8F0760E41F2082A00EBC00004EB80060DF109
S3150002E900040C371DBCE80F000FC7BCE80F000FC789
S3150002E910DCF80030DFF80C873B60C6F818E0D5F863
S3150002E9208834C5F80492E21802F80AE003F2A24219
S3150002E930013344F82280C5F88834FEF7DFBF802B06
S3150002E94000F0BD8303F101094FF0460E41F2082A99
S3150002E95003EBC30304EB83060DF1040C371DBCE87D
S3150002E9600F000FC7BCE80F000FC7DCF80030DFF856
S3150002E970B8863B60C6F818E0D5F88834C5F8049224
S3150002E980E21802F80AE003F2A242013344F82280B6
S3150002E990C5F88834FEF7AABE802800F0BC8300F1D1
S3150002E9A001094FF06B0E41F2082A00EBC00004EB9E
S3150002E9B080060DF1040C371DBCE80F000FC7BCE83A
S3150002E9C00F000FC7DCF80030DFF860863B60C6F840
S3150002E9D018E0D5F88834C5F80492E21802F80AE07D
S3150002E9E003F2A242013344F82280C5F88834FEF7C6
S3150002E9F02EBF802B00F04D8303F101094FF0080E64
S3150002EA0041F2082A03EBC30304EB83060DF1040C5F
S3150002EA10371DBCE80F000FC7BCE80F000FC7DCF8B4
S3150002EA200030DFF80C863B60C6F818E0D5F888346B
S3150002EA30C5F80492E21802F80AE003F2A242013390
S3150002EA4044F82280C5F88834FEF784BE802800F098
S3150002EA50968200F101094FF0750E41F2082A00EB89
S3150002EA60C00004EB80060DF1040C371DBCE80F0054
S3150002EA700FC7BCE80F000FC7DCF80030DFF8B4851B
S3150002EA803B60C6F818E0D5F88834C5F80492E21857
S3150002EA9002F80AE003F2A242013344F82280C5F8E2
S3150002EAA08834FEF711BF802800F0FB8100F10109CE
S3150002EAB04FF00C0E41F2082A00EBC00004EB800670
S3150002EAC00DF1040C371DBCE80F000FC7BCE80F00A0
S3150002EAD00FC7DCF80030DFF8E8843B60C6F818E0C0
S3150002EAE0D5F88834C5F80492E21802F80AE003F26F
S3150002EAF0A242013344F82280C5F88834FEF721BFCA
S3150002EB00802800F0568300F101094FF0190E41F2F8
S3150002EB10082A00EBC00004EB80060DF1040C371D39
S3150002EB20BCE80F000FC7BCE80F000FC7DCF80030C7
S3150002EB30DFF804853B60C6F818E0D5F88834C5F8D6
S3150002EB400492E21802F80AE003F2A242013344F800
S3150002EB502280C5F88834FFF716B9802800F01E8394
S3150002EB6000F101094FF01B0E41F2082A00EBC0002A
S3150002EB7004EB80060DF1040C371DBCE80F000FC72D
S3150002EB80BCE80F000FC7DCF80030DFF8B0843B604A
S3150002EB90C6F818E0D5F88834C5F80492E21802F8E7
S3150002EBA00AE003F2A242013344F82280C5F888340F
S3150002EBB0FFF754B9802800F0E58200F101094FF011
S3150002EBC0000E41F2082A00EBC00004EB80060DF1AC
S3150002EBD0040C371DBCE80F000FC7BCE80F000FC7B7
S3150002EBE0DCF80030DFF858843B60C6F818E0D5F848
S3150002EBF08834C5F80492E21802F80AE003F2A24247
S3150002EC00013344F82280C5F88834FEF70BBB802B0B
S3150002EC1000F0AD8203F101084FF0030E41F2082A1B
S3150002EC2003EBC30304EB83060DF1040C371DBCE8AA
S3150002EC300F000FC7BCE80F000FC7DCF80030DFF883
S3150002EC4004943B60C6F818E0D5F88834C5F8048207
S3150002EC50E21802F80AE003F2A242013344F82290D3
S3150002EC60C5F88834FEF727BC802B00F0758203F1C5
S3150002EC7001084FF0040E41F2082A03EBC30304EB2A
S3150002EC8083060DF1040C06EB0E07BCE80F000FC756
S3150002EC90BCE80F000FC7DCF80030DFF8AC933B602E
S3150002ECA0C6F818E0D5F88834C5F80482E21802F8E6
S3150002ECB00AE003F2A242013344F82290C5F88834EE
S3150002ECC0FEF750BC802800F03C8200F101094FF0AB
S3150002ECD0090E41F2082A00EBC00004EB80060DF192
S3150002ECE0040C371DBCE80F000FC7BCE80F000FC7A6
S3150002ECF0DCF80030DFF854833B60C6F818E0D5F83C
S3150002ED008834C5F80492E21802F80AE003F2A24235
S3150002ED10013344F82280C5F88834FEF764BDD5F87D
S3150002ED208C0400283EF450AC8023A84AA84903F07C
S3150002ED3059FFFEF749BC4FF0200C0BEBCB0704EB57
S3150002ED4087070BF10103C5F804323E1DB8E80F0030
S3150002ED500FC6B8E80F000FC6D8F800303360C7E90F
S3150002ED6006CAFEF762BB4FF0200C0BEBCB0704EB97
S3150002ED7087070BF10103C5F804323E1DB8E80F0000
S3150002ED800FC6B8E80F000FC6D8F800303360C7E9DF
S3150002ED9006CAFEF719BCD5F88C0400283EF4F9AA77
S3150002EDA081228D4903F01EFFFEF7F3BAD5F88C04D3
S3150002EDB000283EF463AA4F22874903F013FFFEF7A9
S3150002EDC05DBAD5F88C0400283EF472AA90228249D4
S3150002EDD003F008FFFEF76CBAD5F88C0400283EF45F
S3150002EDE081AA01227C4903F0FDFEFEF77BBAD5F823
S3150002EDF08C0400283EF499AA9122774903F0F2FE88
S3150002EE00FEF793BAD5F88C0400283EF4E5AA6822E8
S3150002EE10714903F0E7FEFEF7DFBAD5F88C04002845
S3150002EE203EF49DAA82226C4903F0DCFEFEF797BAF5
S3150002EE30D5F88C0400283EF425AC4A468023644962
S3150002EE4003F0D0FEFEF71EBC56464FF0200E08EB2E
S3150002EE50C80C04EB8C0C08F10103C5F804320CF162
S3150002EE6004070FCE0FC70FCE0FC733683B60CCE93E
S3150002EE7006E9FEF707BCD5F88C0400283EF4CFAEAF
S3150002EE801322554903F0AEFEFEF7C9BED5F88C042F
S3150002EE9000283EF4B3AB6F224F4903F0A3FEFEF700
S3150002EEA0ADBBD5F88C0400283EF44BAD0C224A4982
S3150002EEB003F098FEFEF745BDD5F88C0400283EF413
S3150002EEC0D1AE1622444903F08DFEFEF7CBBED5F82D
S3150002EED08C0400283EF4CFAD0E223F4903F082FE99
S3150002EEE0FEF7C9BDD5F88C0400283EF481AD49224F
S3150002EEF0394903F077FEFEF77BBDD5F88C0400286E
S3150002EF003EF453AD3A22344903F06CFEFEF74DBD92
S3150002EF10D5F88C0400283EF42EAD62222E4903F069
S3150002EF2061FEFEF728BDD5F88C0400283EF40DAE2E
S3150002EF304822294903F056FEFEF707BED5F88C048F
S3150002EF4000283EF4CDAD3922234903F04BFEFEF7ED
S3150002EF50C7BDD5F88C0400283EF42CAE36221E49D5
S3150002EF6003F040FEFEF726BED5F88C0400283EF4D8
S3150002EF709CAE6122184903F035FEFEF796BED5F81F
S3150002EF808C0400283EF4A0AC7522134903F02AFE35
S3150002EF90FEF79ABCD5F88C0400283EF4C1AB5E227B
S3150002EFA00D4903F01FFEFEF7BBBBD5F88C04002803
S3150002EFB03EF4A4AC7622084903F014FEFEF79EBC8A
S3150002EFC02D390300252F0300B13A0300DCF50300B7
S3150002EFD04CF50300FD3B0300F8F40300253703005C
S3150002EFE0A937030091370300353A03008937030036
S3150002EFF091380300A1370300A93A030065300300E4
S3150002F0006D3403002932030089340300C53203003C
S3150002F0107534030021360300713403008935030079
S3150002F0207D340300293603007934030019360300C0
S3150002F0308134030025360300393D030011410300E4
S3150002F0403D2D0300FD300300293303008D340300F8
S3150002F050D5F88C0400283EF46BAA0522A54903F0D4
S3150002F060C1FDFEF765BAD5F88C0400283EF412AC51
S3150002F0703E22A04903F0B6FDFEF70CBCD5F88C047F
S3150002F08000283EF4ECA902229A4903F0ABFDFEF7F2
S3150002F090E6B9D5F88C0400283EF45CAB0822954903
S3150002F0A003F0A0FDFEF756BBD5F88C0400283EF40B
S3150002F0B003AB2F228F4903F095FDFEF7FDBAD5F873
S3150002F0C08C0400283EF412AB46228A4903F08AFDDC
S3150002F0D0FEF70CBBD5F88C0400283EF4A9AA4722F9
S3150002F0E0844903F07FFDFEF7A3BAD5F88C04002805
S3150002F0F03EF404AA1A467F4903F074FDFEF7FEB9F0
S3150002F100D5F88C0400283EF454AB5F22794903F00B
S3150002F11069FDFEF74EBBD5F88C0400283EF497AB8A
S3150002F1206B22744903F05EFDFEF791BBD5F88C04A1
S3150002F13000283EF472AB24226E4903F053FDFEF71B
S3150002F1406CBBD5F88C0400283EF44DAB0922694904
S3150002F15003F048FDFEF747BBD5F88C0400283EF4C1
S3150002F16001AA0422634903F03DFDFEF7FBB9D5F877
S3150002F1708C0400283EF49FA903225E4903F032FD67
S3150002F180FEF799B9D5F88C0400283EF44BA833460D
S3150002F1900022584903F026FDFEF744B8D5F88C0440
S3150002F1A000283EF45BAE1B22524903F01BFDFEF71C
S3150002F1B055BED5F88C0400283EF4E5AD19224D491A
S3150002F1C003F010FDFEF7DFBD4FF00108FFF708BBA5
S3150002F1D04FF00109C6E44FF0010996E44FF0010829
S3150002F1E0FEF7D6BF4FF00108FEF7C0BE4FF001088A
S3150002F1F0FEF743BF4FF00108FEF79DBF4FF001082F
S3150002F20037E54FF00108FFF764BA4FF00108FFF740
S3150002F21006BA4FF00108FFE44FF00108FEF7D3BE2D
S3150002F2204FF00108FEF762BE4FF00108FEF7F8BE86
S3150002F2304FF00109C3E44FF00109FFF702B84FF09E
S3150002F2400109FEF7D2BF4FF00109FFF761B94FF08E
S3150002F2500109FFF7A9B84FF00109FFF7FFB84FF010
S3150002F2600109FFF747B84FF00109FFF724B94FF03C
S3150002F2700109FFF76CB84FF00108FFF776B94FF0B6
S3150002F2800108FFF79FB94FF00109FFF75DBB4FF089
S3150002F2900109FFF74BBA4FF0010918E54FF00109D2
S3150002F2A0FFF7EAB94FF00109FFF7A8BB4FF00109D2
S3150002F2B0FFF7F0BA4FF00109FFF7A3B84FF00109C3
S3150002F2C0FEF7EBBF4FF00109FFF7F2BB4FF0010962
S3150002F2D0FFF70DBB4FF00109FFF7BDBB4FF0010968
S3150002F2E0FFF751BA4FF00109FFF75BBB4FF0010977
S3150002F2F0FFF7A3BAF8F4030010B5114411F8022C73
S3150002F30011F801EC9308093B012B06D901220023CF
S3150002F310154902710160836010BD6FF0010CBEF1E8
S3150002F320030FACEB0E0C01EB0C0315D8BEF1010F6B
S3150002F33094BF11F80C4031F80C40012102F003028F
S3150002F34091401B1B032903600171A3EB010306D83D
S3150002F35042B11B88836010BD51F80C40EDE71B6873
S3150002F360836010BD1B78D6E765170400037902682F
S3150002F370032B03FB01F104D8012B94BF5056505EB8
S3150002F38070475058704700BF0368C31A1A880A2A82
S3150002F39005D95B89C21813B1C358D05870470020EB
S3150002F3A0704700BF08B50368C31A1A88082A20D90D
S3150002F3B01B89F3B1C258034498581344814212D2AE
S3150002F3C0013153F8210003EB81031A5803449A1AB8
S3150002F3D011880A2905D950891A1808B11B58D0581C
S3150002F3E008BD002008BDA921034B044A044805F0C4
S3150002F3F043FF00231B68FFDEFCF5030008F603004B
S3150002F400ECF60300704700BF704700BF4B1E18445E
S3150002F410B0FBF1F001FB00F0704700BFB0FBF1F06A
S3150002F42001FB00F0704700BF431E0B44B3FBF1F330
S3150002F43001FB03F0704700BF0A2811D802281AD927
S3150002F440012303FA00F010F4127F06D110F4887F2C
S3150002F45018D110F4906F18D0022300200B60704769
S3150002F4600B38C3B2052B10D805280ED8DFE800F0FA
S3150002F4700A0F0A060D060138012806D804230B6076
S3150002F4800020704708230B60FAE70120704710231B
S3150002F4900B60F5E7F0B516461A4603680F46A0EB71
S3150002F4A0030EBEF8003083B0042B28D9BEF8044000
S3150002F4B08CB305590444615904EB050C012439B196
S3150002F4C00CEB81015CF8045F8C4505FB04F4F9D171
S3150002F4D0062B22D9BEF80630DBB1C05C0DF107015E
S3150002F4E003F0D8FB98B931469DF80700FFF7A4FF51
S3150002F4F068B9336804FB03F33B6003B0F0BD002038
S3150002F50001240DF1070103F0C5FB0028EBD003B07F
S3150002F510F0BD1846F5E70124DAE70020F1E700BF5F
S3150002F520F0B583B0D9B142680F46B2B11668002E63
S3150002F53013DD0023012452F8045F0133B34205FBB5
S3150002F54004F4F8D1007A01A9FFF776FF18B9019BF6
S3150002F55004FB03F33B6003B0F0BD0124F2E70AF0BB
S3150002F56089FC00BF08B5A921024B034A034805F0EE
S3150002F57083FE00BFFCF5030008F60300ECF6030069
S3150002F580F8B502680D461368D31A1988082949D9AD
S3150002F5901B89002B46D0D118D35804464068CE5852
S3150002F5A00368B600042231469B68984760610028CA
S3150002F5B04DD04FF0000E216876460A688A1A1388E3
S3150002F5C0082B2FD913896BB3CA580B449B589E45F7
S3150002F5D02BD263694FEA8E0C43F82E6021680A68C3
S3150002F5E08A1A1388082B1DD91089D8B10F580844D6
S3150002F5F0C319C059864537D20CF1040C53F80C7066
S3150002F6006344D8593B44181A0788042F0AD98088BC
S3150002F61040B11F580344DB590EF1010E1E441388F4
S3150002F620082BCFD800231B68FFDEC4E90666A9199A
S3150002F630606821612562036801EB4101CD00042265
S3150002F64029469B689847E06040B10020F8BD3246E3
S3150002F6500849A06803F0C6FA0120F8BD2A46054902
S3150002F660A06803F0BFFAF7E7A921034B034A04484F
S3150002F67005F002FE58F70300FCF5030008F6030046
S3150002F680ECF6030010B504464068E1680368DB68DF
S3150002F6909847606861690368DB689847002010BD77
S3150002F6A02DE9F047084682B088461546FFF76CFEFC
S3150002F6B0002847D007460024D8F80030A8EB0303F9
S3150002F6C01A880A2A4FD95B89002B4CD058F8032096
S3150002F6D008EB030959F802309144A3423DD901349B
S3150002F6E059F8242009EB840959F802309144A9EB10
S3150002F6F003031A88142A23D94FF0000A4FF0FF3663
S3150002F7009A8A09EB0203DAB159F80220995813448E
S3150002F7108A4515D20AF1010A53F82A0001A900EB1B
S3150002F720400005EB80000196FFF7FAFE58B90199F1
S3150002F73061B9D9F80030A9EB03031A88142ADFD875
S3150002F740A742B9D1002002B0BDE8F087074801F010
S3150002F750D3FB012002B0BDE8F087A921044B054A7C
S3150002F760054805F089FD00231B68FFDE80F80300CB
S3150002F770FCF503009CF70300ECF603002DE9F04FBD
S3150002F78003464FF0000A4FF0FF38894685B0043A27
S3150002F7900292C26803921A681168511A08880828E8
S3150002F7A040F29F800989002900F09B8056580A443E
S3150002F7B0915916448A4570D20AF1010A56F82A204E
S3150002F7C0029906EB8A0616445A6951F83A5002EB38
S3150002F7D08A0252F8044C31462A4618460193FFF72C
S3150002F7E05FFF002871D1039B04EB44044FF0010B29
S3150002F7F003EBC4044B460834D9461F46834608E049
S3150002F80057F82B20A2600BF1010B09F101091834FC
S3150002F8100C353268B21A1188042962D99288002AF4
S3150002F8205FD0B15832445258934551D2284644F8D3
S3150002F830045CA4F10801FFF773FE002845D1C4E970
S3150002F84000882A682AB12073002FD9D14FF0FF32DF
S3150002F850D8E73268B21A1188042942D99288002A56
S3150002F8603FD0B158324450580A44834533D252F8F5
S3150002F870290002EB890211580244511A08880E28FF
S3150002F88005D9C98919B1525C0020002ADBD154F886
S3150002F890080C003818BF0120D5E7196A9A6999B190
S3150002F8A000204FF0FF310125039C02EB420204EBDC
S3150002F8B0C2020832C2E90011157391601C6A013056
S3150002F8C0844202F11802F5D8002005B0BDE8F08F97
S3150002F8D0B946019B5FE7A921034B044A044805F098
S3150002F8E0CBFC00231B68FFDEFCF50300BCF803001B
S3150002F8F0ECF603002DE9F04F05468BB0CDE9022365
S3150002F9002B6808461A6806919A1A1188082940F245
S3150002F9107C811289002A00F07881995813445A583A
S3150002F9200B44904280F06981069A6969013253F864
S3150002F930227001EB820103EB820A51F8046CEB6838
S3150002F9400AEB070B584606EB4606079303EBC60679
S3150002F950FFF71AFD5AF807300590ABEB0303198837
S3150002F960062900F21F81059B002B00F010814FF043
S3150002F9700008CDE908A76C6A01346C62DBF8003036
S3150002F980ABEB03031A880A2A40F23F815B89002BFC
S3150002F99000F03B815BF803200BEB030959F80230B8
S3150002F9A09144434540F22B8108F1010759F827A0FB
S3150002F9B009EB870959F80A3009EB0A01CA1A1088B5
S3150002F9C0082826D90020B2F808C001EB0C02BCF1C7
S3150002F9D0000F1ED051F80CE052F80EC07244844556
S3150002F9E017D9013052F8202002EB420206EBC2027E
S3150002F9F0D2F808C0A44500F30B81BCF1FF3F02D147
S3150002FA0094606C6A0B68CA1AB2F800C0BCF1080F9F
S3150002FA10D9D8149B28460093DDE90223049100F00D
S3150002FA20FFF859F80A300499CA1A1088062823D909
S3150002FA300020A1469C46D388CA18002B54D0CB5826
S3150002FA4052F803E01A4486454ED9013052F8202076
S3150002FA50002A0BDB02EB420206EBC2026B6AD46897
S3150002FA60A342C0F2D580D360D1F800C0A1EB0C024C
S3150002FA701388062BDFD84C46296AAA6900295AD070
S3150002FA80079B02EB420203EBC2024FF0000CDDE9D8
S3150002FA90023EDDF818A070460496A6460C4609E01A
S3150002FAA00CF1010C644503F10C0302F1180200F19A
S3150002FAB0040070D9D3E901614645D3F80090EFD12D
S3150002FAC08A45EDD19168C2E90090714500F3A080A4
S3150002FAD0013108BFC2F808E06C6AD1688C42C0F2F4
S3150002FAE09780D4602C6ADBE76346CB1A1A884C46A9
S3150002FAF0082AC1D90022CE4618890B18B0B1085877
S3150002FB0053F800C00344624510D2013253F8223042
S3150002FB10686A03EB430306EBC303DC68A04277DBA8
S3150002FB20D8600B68CB1A18880828E5D8296A744663
S3150002FB30AA690029A4D1059BB846BB427FF41BAF34
S3150002FB40DDE908A75AF80730ABEB03031988082941
S3150002FB501DD900211A890BEB0203C2B15BF8022000
S3150002FB6098581344814212D2013153F821306A6AFD
S3150002FB7003EB430306EBC303D868824248DBDA6031
S3150002FB80DBF80030ABEB03031A88082AE2D8002020
S3150002FB900BB0BDE8F08F059BB846BB42049E7FF4CE
S3150002FBA0EAAECDE7DA8800210BEB020302B35BF87B
S3150002FBB002209858134488421AD9013153F8213049
S3150002FBC0686A03EB430306EBC3039A6890421FDBA2
S3150002FBD0013208BF9860DBF80030ABEB03031A88EA
S3150002FBE0062A7FF6C0AEDA880BEB0203002ADED1C4
S3150002FBF0059B002B7FF4BBAEA4E7FFF7B3FCA9215C
S3150002FC00044B054A054805F037FB00231B68FFDE57
S3150002FC100AF030F9FCF503009CF70300ECF603004A
S3150002FC202DE9F04116460268984613680546D31A2E
S3150002FC30188882B00628089F25D9DC88002C00F097
S3150002FC4093801359224402EB030C0A688A1A10881D
S3150002FC5004281FD80024DCF80030A34240F2C080FA
S3150002FC6001345CF824E00CEB840C5CF80E30F444AE
S3150002FC70ACEB03031C880A2C01D95B897BB90020F3
S3150002FC8002B0BDE8F0814FF0000C0A688A1A1088AB
S3150002FC900428DFD99488002CDDD00C59DBE71CF848
S3150002FCA00330772B31D0812B60D0762BE7D10A280F
S3150002FCB040F29C805389002B00F09880CB5C5C2B31
S3150002FCC040F094800C2840F291809389002B00F03A
S3150002FCD08D80C8580B441A5803449A1A108804286F
S3150002FCE028D99188002965D1062824D9D2880AB351
S3150002FCF09C5800976B6A324601336B62284643462C
S3150002FD00FFF7F8FD00285DD0BAE70A286ED95389B5
S3150002FD10002B6BD0CB5C5D2B68D10C2866D99389FE
S3150002FD20002B63D0C85819440A580B189A1A10881F
S3150002FD300428D6D8002100976B6A324601336B62DB
S3150002FD4028464346FFF7D6FD002899D100242146CE
S3150002FD5043463246284608976C6A01346C6202B002
S3150002FD60BDE8F041FFF7C6BDA4468EE70A283DD995
S3150002FD705389002B3AD0CB5C672B37D10C2835D967
S3150002FD809389002B32D0C8580B441A5803449A1A46
S3150002FD901188042922D99188D9B900976C6A4346F9
S3150002FDA00134324628466C62FFF7A4FD00287FF430
S3150002FDB067AF64E70628595808D9D28832B19C58E9
S3150002FDC04A1C96D1631C3FF45AAFC0E74C1CBDD007
S3150002FDD0B1E75958481C3FF452AFDEE70021DCE791
S3150002FDE0A921044B044A054805F046FA00231B687C
S3150002FDF0FFDE00BFFCF503009CF90300ECF60300EE
S3150002FE002DE9F04F066883B033680191A6EB030A29
S3150002FE10BAF80030102B5ED9BAF81030002B5AD03F
S3150002FE20804600253A4FBAF80030102B6AD9BAF844
S3150002FE301030002B66D0F2583344995813448D4241
S3150002FE4049D2013553F8254003EB850319591C4461
S3150002FE50A4EB010BBBF80090B9F1040F3FD9BBF834
S3150002FE600420002A3BD0A018A258043210441722BC
S3150002FE7039460AF0B4F90028D5D1BAF80C2012B1E5
S3150002FE80B15832440A44B9F1060F2AD9BBF80630F2
S3150002FE9003B1E358116899422ED9013352F823105F
S3150002FEA002EB830253580A44D31A198804292CD91F
S3150002FEB09B8853B3D1581A4453180199DA68103300
S3150002FEC00B60D8F81C3093420DD1D8F80060336825
S3150002FED0A6EB030AA7E7002003B0BDE8F08F0420D3
S3150002FEE0C5E70023D6E70B49D8F8080002F07AFEE8
S3150002FEF0012003B0BDE8F08FA921074B074A084845
S3150002FF0005F0BAF900231B68FFDE0023DB68FFDE7B
S3150002FF106817040068FB0300FCF5030088FA030077
S3150002FF20ECF60300406803689B681847704700BFF9
S3150002FF30704700BF8068102203689B68184700BF9D
S3150002FF40406803685B691847406803681B6918477D
S3150002FF5080680422036840219B681847704700BFE7
S3150002FF6070B5F9B191F830300546012B0C460CD02C
S3150002FF700023C4E9013384F830306363686821469C
S3150002FF80BDE870400368DB6818474E6B56B140689F
S3150002FF9071680368DB689847686831460368DB68FE
S3150002FFA09847E5E709F066FF10B5044605F072FBCF
S3150002FFB0204610BD10B5044605F06CFB204610BD68
S3150002FFC008B5A921024B034A034805F055F900BFBB
S3150002FFD0FCF5030008F60300ECF6030008B5A921B8
S3150002FFE0024B034A034805F047F900BFFCF503003C
S3150002FFF0B4FB0300ECF603002DE9F04F054691B081
S315000300000691002116466A680F9107926A69E969A3
S3150003001006A81F460892FFF7B3FA044618B120460E
S3150003002011B0BDE8F08F049004A906A8FFF7E8FE17
S3150003003004460028F3D13246049906A8FFF79EFB2F
S3150003004004460028EBD10421286AFFF7DFF921468D
S3150003005002463B46009606A8FFF74CFC04460028DA
S31500030060DDD1DDE909676868102103681B6B9847D2
S31500030070044668681022036821469B6898470390E4
S31500030080002800F0A580D5F810B05A4ADBF80030F6
S31500030090DB69934240F095806B690293002F00F071
S315000300A0A4804FF00009B046DFF858A105E009F136
S315000300B001094F4508F1180831D098F81430002B80
S315000300C0F5D01021D8F80000FFF7AEF9D8F81010D4
S315000300D002464B1C09D0DBF80030DC68544511D1CD
S315000300E00124204611B0BDE8F08FDBF80010D8E9F3
S315000300F0023000908C6858460299A0470028D6D053
S3150003010004468CE7D8F808300191D8F80C10584605
S3150003011000910299A0470028C9D004467FE7686882
S315000301204FF0000B03686C695B6AD5F8109098472B
S31500030130D8460295A2465D468346337D8BB14FF082
S31500030140FF330593D9F800302A469C695146484641
S3150003015005ABA04701350028D2D1059B71685B44E6
S315000301600B6008F10108474506F11806E5D1029D23
S3150003017006A8FFF787FA686803990368DB68984758
S31500030180686803685B699847044600287FF447AFAD
S315000301906868296A03681B6A9847044600287FF43F
S315000301A03EAF286903681B699847696A1022814232
S315000301B03CBF68620146686803689B6A98470446C1
S315000301C02DE75846224603999847D5F810B063E7BA
S315000301D040F211346969084A009401920846074BB4
S315000301E0074A02F00FFD012419E7686803685B6A92
S315000301F09847BDE7C5070000A4FC030074FC030091
S3150003020064A50300C107000010B50C4659B1C369C4
S315000302103BB1114680680422036889009B689847AE
S315000302202060002010BD09F025FE00BFF0B506468C
S3150003023000240F461546086883B01DE0013453F8C1
S31500030240241003EB84035A580B449A1A11880E2977
S3150003025011D9D2897AB19B5C6BB1284601A9FFF704
S315000302605FF9B0B9B0681022036801999B68984793
S31500030270286080B138680C353B1A1A88042A12D9CB
S315000302809B8883B1FA583B44995813448C42D5D37F
S31500030290002003B0F0BD019A0449706902F0A2FC84
S315000302A0012003B0F0BD00231B68FFDEC0FC030082
S315000302B02DE9F041B2B30646884600242C27A2F165
S315000302C0080501E045F83400D8F80030A8EB03032D
S315000302D01A88082A28D91B8933B358F803204344BC
S315000302E0995813448C421AD2013453F8240003EB71
S315000302F084031844FFF748F8B36807FB00F1D3F803
S3150003030000C018460422DCF8083098470028D9D1E3
S315000303100749706902F066FC0120BDE8F081002000
S31500030320BDE8F08109F0A6FD00231B68FFDE00BFD0
S31500030330F0FC03002DE9F0431C460B681646CB1A66
S315000303401A8883B0082ADDF8289037D91B89002B31
S3150003035034D0CA580B449B580D4699452CD2804637
S3150003036040680422036840219B6898470123074697
S315000303700193CDF80090D8F80030294640461D6B0E
S315000303803A462346A84780B95EB106EBC9067368A9
S3150003039004EB4404A4001B597B60736823445B6825
S315000303A0BB60384603B0BDE8F0830649D8F81400AD
S315000303B002F018FC0027F4E7FFF702FE00231B6890
S315000303C0FFDE00BF28FD03002DE9F0471C460B683E
S315000303D01746CB1A1A8882B0082ADDF8289041D925
S315000303E01B89002B3ED0CA580B449B580E46994591
S315000303F036D203681D4ADB6A0546934227D18068D5
S315000304000422036840219B689847804631460026AC
S31500030410CDF80090D5F800C00196234642462846FB
S31500030420DCF830A0D047A8B96FB107EBC9077B68E2
S3150003043004EB4404A4001B59C8F804307B68234426
S315000304405B68C8F80830404602B0BDE8F0879847B5
S315000304508046DBE70649686902F0C4FBB046F2E76B
S31500030460FFF7AEFD00231B68FFDE00BF51FF02004E
S315000304706CFD030008B50368C31A1A88082A18D93D
S315000304801B89D3B90A689A4219D9013351F8232033
S3150003049001EB83018B581144CB1A1A88042A0AD913
S315000304A098880B1820B10A589858134400B1181DA0
S315000304B008BD0023E6E7002008BDC358E2E7A921EB
S315000304C0024B034A034804F0D7FE00BFFCF50300C2
S315000304D088FA0300ECF603002DE9F04F85B0109D72
S315000304E0002D00F05B81994606460F469046002193
S315000304F04022284609F06BFED9F80030A9EB030326
S315000305001A88062A0CD9D888002844D129460F9A76
S3150003051002F0C0FB044658B1204605B0BDE8F08F93
S31500030520002029460F9A02F0B5FB04460028F3D1B2
S31500030530D9F80030A9EB03031A880E2A03D9DC89FC
S31500030540002C40F0E4800E9985F82D404846FFF7CD
S3150003055091FF0446002C6C6014BF01240224484614
S315000305602C750F9B03AA05F11801FEF793FF0446AA
S315000305700028D1D1D9F80030A9EB03031A88042A3D
S315000305800CD99B8809EB030043B159F8033018448F
S31500030590FEF738FF03E019F80000B7E78048A860C4
S315000305A0D9F80030A9EB03031A880C2AB4D99B891E
S315000305B009EB030B002BAFD059F803A05BF80A3005
S315000305C00BEB0A09A9EB030319880829A4D91A898D
S315000305D0002AA1D059F802004A4452F800C0024446
S315000305E0BCF1000F98D00A2996D95B8909EB030160
S315000305F0002B91D059F80330CB58002B8CD053687D
S31500030600EB605BF80A30A9EB03031A880A2A7BD945
S315000306105B89002B78D059F803204B44995813442F
S31500030620002900F0B6805B682B615BF80A30A9EB02
S3150003063003031A88082A67D91B89002B64D059F843
S3150003064003204B449B580193B8F1000F79D03A68C5
S315000306500C21966838460422B047019B8046002841
S3150003066000F092803A6818469668019303F04EFFAD
S31500030670042201463846B047019BC8F80400002807
S315000306807CD05BF80A20A9EB0202118808296DD9F0
S31500030690108918B159F80020484410440193FEF715
S315000306A0B3FE019BD8F80420C8F80000002B1360A2
S315000306B0D8F8047035DD042600201EE0518919B3ED
S315000306C059F801E0B2F808C0494451F80E207144C4
S315000306D009EB0C0EBCF1000F5DD059F80CC05EF8A7
S315000306E00CC0944519D0002A53D04A68013083427E
S315000306F047F8042F06F1080613D0D9F80020A9EB12
S31500030700020211880A29D9D800231B68FFDE19F8CB
S315000307100440003C18BF012415E7844539D98A599A
S31500030720E4E75BF80A30A9EB03031A88102A1FD8FB
S3150003073000230122C8F80830C5F8348085F8302034
S31500030740EAE632680C21976830460422B847019BD3
S315000307508046C8B1326818469768019303F0D6FEFF
S31500030760042201463046B847019B86E7002095E7F9
S315000307701B8A002BDDD059F80330DAE70F980949B5
S3150003078002F030FA0124C7E60F98074902F02AFA65
S31500030790F8E7FFF723FCDCF80030FFDE09F06AFB1D
S315000307A068180400E8FD0300B8FD03002DE9F047CF
S315000307B004460D6884B04D1B2F881646082F8E46B7
S315000307C0DDF830809DF83420806861684BD9B5F830
S315000307D008C0BCF1000F46D05EF80C90F4445CF8F8
S315000307E009A0CC44D04536D208F101085CF828901C
S315000307F00CEB880C5CF80980CC44ACEB0808B8F821
S315000308000090B9F1040F2ED9B8F80480B8F1000F9F
S3150003081029D05CF80890C4445CF80980CC4443456D
S315000308201BD201335CF823800C2F0CEB8303434468
S315000308300FD9AD8925B15EF80570AE440EEB0705F9
S315000308400296009564690194FFF746FE04B0BDE87D
S31500030850F0870025F4E7FFF7B3FBA921034B044A0E
S31500030860044804F009FD00231B68FFDEFCF50300C2
S31500030870BCF80300ECF60300F8B50024C3E9004412
S315000308809C601D4603680F46C31A19880646062947
S3150003089009D9D88818BB05F1080102F0FBF904460B
S315000308A048B12046F8BD204605F1080102F0F2F9E9
S315000308B004460028F5D139463046FFF7DBFD2860AC
S315000308C03368F31A1A88042A0BD99B88F01843B1A4
S315000308D0F3581844FEF796FD68602046F8BD305C71
S315000308E0D9E7024B20466B60F8BD00BF68180400C9
S315000308F02DE9F04F83B0002A00F08D800025814654
S315000309000F469346A8463B68FB1A1A88082A7FD9DE
S315000309101C89002C7CD03B593C44E2581C4490452E
S315000309206ED208F1010854F8282004EB8804A35872
S315000309301444E31A1A88042A6AD99B88002B67D0C1
S31500030940E25823449D58D9F8080005EB4506036889
S31500030950B600042231469B689847002849D0824650
S315000309600026CDE900800DE0918911B17A5839440A
S3150003097011445346D9F81420FFF77EFF0AF10C0AF7
S3150003098030BB4646AE422DD02268A21A11880429EE
S315000309903ED99288002A3BD0A15822445018525877
S315000309A096422FD206F101083A6850F82810BA1A6F
S315000309B000EB8800084411880C29D5D8534600213A
S315000309C0D9F81420FFF758FF0AF10C0A0028D8D0EB
S315000309D032461249D9F8140002F004F9012003B093
S315000309E0BDE8F08FABF10402DDE9008342F838304D
S315000309F089E732460A49D9F8140002F0F3F8EDE71D
S31500030A000020ECE7A921074B074A084804F034FC09
S31500030A1000231B68FFDE09F02DFA00BF60FE03000A
S31500030A2018FE0300FCF50300BCF80300ECF6030014
S31500030A30F8B5B0B11646A2B10F4691B103680422C8
S31500030A4028215B6B002504469847074AC0E90755EA
S31500030A50446004340260076184604661057645623A
S31500030A60F8BD09F007FA00BF1418040070B50E4666
S31500030A70102115460446FEF7C9FC01463444621AA2
S31500030A802846FCF717FA036804222C215B6B0446FD
S31500030A9098470646CFF77CFC2A4631462046BDE8F2
S31500030AA07040FFF7C5BF00BFF8B5002949D0067EE1
S31500030AB00446002E38D10123806823760368042276
S31500030AC09B680D46082198471F4FA3680422C0E977
S31500030AD00073E0606068E661036890219B6998474C
S31500030AE0206228B3A0682B680268EB1A96681A88F6
S31500030AF0082A23D91B890BB3EA582B449958042295
S31500030B00C900B0470646A8B12368024629462046CF
S31500030B105B6A984760B923683246294620461B6AB2
S31500030B20984728B93046F8BD0849406902F05AF893
S31500030B300026F7E7064800F0DFF9F9E700231B680C
S31500030B40FFDE09F097F900BF5818040080FE030082
S31500030B50D8FE03002DE9F84F1F46037E0546002BFA
S31500030B603FD00E4692460024DFF8AC80A2F104097A
S31500030B7013E0002F48D042B1A8689100036804220D
S31500030B809B6898473860D5F800E059462846DEF852
S31500030B90283059F83420984740BB3368F31A1A882B
S31500030BA0082A33D91B898BB3F25806EB030C5CF87E
S31500030BB00230D5F800E09C42944419D20134DEF8A1
S31500030BC038305CF8241043450CEB840CEA690CEBD3
S31500030BD0010BCED039462846984738B9D5F800E0F8
S31500030BE0D3E70C49406901F0FDFF0120BDE8F88F0A
S31500030BF0524631462846DEF834403B68A047002873
S31500030C00F4D12876BDE8F88F09F034F900231B6880
S31500030C10FFDE00BF08FF0300090203002DE9F041D0
S31500030C2080460F46006A04211D461646FEF7EEFB74
S31500030C30D8F81C3084467BB1002203EB430300EB58
S31500030C40830EDCF804400CF10C0C013408BF0132AE
S31500030C50F445F6D10B2A12D84FF0FF33CCF80070C7
S31500030C60CCF80860CCF80430D8F81C3000202B6090
S31500030C70D8F81C300133C8F81C30BDE8F0810C22CB
S31500030C800349D8F8140001F0ADFF0120BDE8F08157
S31500030C9054FF030070B50368164ADB6805469342A2
S31500030CA008BF40680E4604BF03685B69984704465D
S31500030CB000B170BD0421286AFEF7A8FBE969B9B142
S31500030CC00246234650680133013004BF5660E96982
S31500030CD00C329942F6D801EB4102920090326868D1
S31500030CE004230168CC69296AA446BDE870406047BD
S31500030CF09022F4E741FF0200C0687047704700BFC7
S31500030D00406803685B691847036953F82100704715
S31500030D10844630B50B46D0E90101D1E9042583B0F9
S31500030D200468DCF80C1000956468A04703B030BD76
S31500030D30406803689B681847836801EB4101D3E960
S31500030D40043203EBC203586800EB8100704700BF0F
S31500030D5010B5044604F09EFC204610BD1346D0E9A8
S31500030D6001025269FFF75ABF8B68002A53F8041B26
S31500030D701BDB914219DD53F82230002B15DB026889
S31500030D800B49526984468A420DD130B583B0D0E906
S31500030D9001010468D1E90425DCF80C1000956468A8
S31500030DA0A04703B030BD194610470020704700BF67
S31500030DB0110D03000B68002A53F8041B1BDB914239
S31500030DC019DD53F82230002B15DB02680B495269F3
S31500030DD084468A420DD130B583B0D0E90101046857
S31500030DE0D1E90425DCF80C1000956468A04703B02C
S31500030DF030BD194610470020704700BF110D030090
S31500030E004B68002A53F8041B1BDB914219DD53F888
S31500030E102230002B15DB02680B49526984468A424D
S31500030E200DD130B583B0D0E901010468D1E90425B9
S31500030E30DCF80C1000956468A04703B030BD194672
S31500030E4010470020704700BF110D030030B4002483
S31500030E50044DC0E90444C0E9005130BCC0E9023284
S31500030E60704700BF94180400016170470EB410B5B3
S31500030E7083B005AB53F8044B019300F04BF80368BA
S31500030E802146019A9B68984703B0BDE8104003B01A
S31500030E90704700BF704700BF00B5C1B002460B469E
S31500030EA068464FF4807101F01FF86846FCF732F884
S31500030EB00248FCF72FF841B05DF804FB8CFF0300F2
S31500030EC010B5044604F0E6FB204610BD8C4600B57B
S31500030ED0C1B013464FF480716246684601F004F8C8
S31500030EE06846FCF717F80348FCF714F8002041B0EE
S31500030EF05DF804FB8CFF03000FB400B583B004A9AF
S31500030F0051F8040B0191FFF7C7FF03B05DF804EB3B
S31500030F1004B07047044B186800B17047034A04498C
S31500030F20104611601A607047CC050020D0050020DA
S31500030F3018190400704700BF10B5044604F0AAFB55
S31500030F40204610BD2DE9F84FC36983461B68D0F8C8
S31500030F5014A06BB34FF000094FF02C084946DBF899
S31500030F600800CBF81490FEF71DFA0646C8B1002513
S31500030F704FEAC907DBF81030DC5908FB0544A36ABE
S31500030F80A0695A691B68202A616912BF00220146BB
S31500030F90E2691BB1DBF80400984720610135AE42D4
S31500030FA0E8D1DBF81C3009F101091B684B45D5D89C
S31500030FB0CBF814A00020BDE8F88F00BF2DE9F04759
S31500030FC0C36905461B68D0F81480FBB100272C269D
S31500030FD03946A8686F61FEF7E5F9814688B10024B2
S31500030FE04FEAC70A2B6953F80A3006FB04339A6A99
S31500030FF022B1526812B11969686890470134A14554
S31500031000F0D1EB6901371B68BB42E1D8C5F8148000
S315000310100020BDE8F08700BF2DE9F84FC36982467B
S315000310201B68D0F814905BB34FF000082C27414699
S31500031030DAF80800CAF81480FEF7B4F90546C0B119
S3150003104000244FEAC806DAF81030995907FB041151
S31500031050D1F828B0DBF808301BB1DAF8040098475A
S3150003106098B92146DAF80C000134FFF713FEA542BE
S31500031070E9D1DAF81C3008F101081B689845D6D384
S31500031080CAF814900020BDE8F88FDBF81430202B43
S315000310900ED0DBB2992B96BF074A084952F82310A4
S315000310A0034622460648FFF727FF0120BDE8F88FCF
S315000310B0DBF81810F4E700BF7C190400840D040064
S315000310C090FF030008B5A921024B034A034804F025
S315000310D0D3F800BFFCF50300C8FF0300ECF60300DA
S315000310E008B5A921024B034A034804F0C5F800BF1B
S315000310F0FCF5030008F60300ECF6030038B5836835
S315000311001C68A3EB040CBCF80040082C2ED9BCF8D1
S3150003111008405CB31D5923445C592B44A14221D298
S315000311204C1C53F8245003EB84035C592B44A3EB68
S31500031130040CBCF80040062C18D9BCF80640ACB128
S315000311401D5923445C592B44A2420DD20069013236
S3150003115053F8223000EBC102506803EB430300EB64
S31500031160830038BDFFF7BCFFFFF7ACFF00231B6806
S31500031170FFDE00BF2DE9F04FC6698146336885B0AF
S31500031180002B7AD0002301930025019A013256F8E9
S315000311902230D70006EB82060192083FF2581E441E
S315000311A0B31A198804295DD99C88002C5AD033595F
S315000311B03444E1581C448D4259D2013554F825A0D4
S315000311C004EB850454F80A3004EB0A0BABEB030378
S315000311D019880E29E4D9DB89002BE1D01BF80330EB
S315000311E0002BDDD0D9F8102005EB45033A445068AF
S315000311F09B00A3F10C0803A94044FEF791F90028CC
S3150003120041D154F80A20ABEB0202118806292CD9E6
S31500031210D08850B31BF90000092826D10C2921D9FF
S3150003122091890BEB0102E9B15BF801001158024405
S31500031230511A08880A2815D94889111890B11258E5
S3150003124088580A4410B35168D9F810203A445068B4
S31500031250039A50F8080008F0BAFF3268B31A1988DF
S315000312600429A1D800231B68FFDE0021ECE7D9F887
S315000312701C60019A3368934286D8D9F8180008B1DE
S3150003128000F0C4FD002005B0BDE8F08FA921024B94
S31500031290024A034803F0F0FFFCF50300B4FB030026
S315000312A0ECF6030082681368D31A1988082905D94E
S315000312B01B891BB1D1581A445058704700231B6829
S315000312C0FFDE00BF2DE9F04F4269C36983B0416178
S315000312D001921A68064691425FD280680C46FEF771
S315000312E061F88246002860D0E30000274FF02C0BFC
S315000312F000931DE0236820469B6898478146D8F8EB
S315000313000C30002B63D02946706898470546F06871
S315000313100368DB689847012D25D0002D33D124B10E
S31500031320236849462046DB6898470137BA453CD0CF
S315000313303369009A9D580BFB0755D5F82880D8F8D2
S315000313401430202B0CD0DBB2992B96BF214A2249AD
S3150003135052F8231073685C6B002CCBD1A146CEE701
S31500031360D8F81810F6E7D8F81430202B24D0DBB2BF
S31500031370992B96BF174A184952F823103A46012368
S315000313801648FFF7B9FD24B1236849462046DB68B2
S315000313909847284603B0BDE8F08F01251048FFF7AC
S315000313A0ABFD284603B0BDE8F08F00252846019B18
S315000313B0736103B0BDE8F08FD8F81810DEE724B1E7
S315000313C0236849462046DB68984704F067F908F026
S315000313D051FD00BF7C190400840D0400B400040011
S315000313E08000040008B583681A689A1A10880828CA
S315000313F01AD91289C2B1985813441A580344914210
S3150003140010D2013153F8210003EB81031A58034428
S315000314109A1A1188062907D9D2882AB199581344EA
S31500031420585808BDFFF75CFE00231B68FFDE00BFAC
S3150003143008B583681A689A1A108808281AD912896F
S31500031440C2B1985813441A580344914210D2013139
S3150003145053F8210003EB81031A5803449A1A11889F
S31500031460082907D912892AB199581344585808BD2F
S31500031470FFF736FE00231B68FFDE00BF38B583681F
S315000314801C68A3EB040CBCF80040082C2ED9BCF84E
S3150003149008405CB31D5923445C592B44A14221D215
S315000314A04C1C53F8245003EB84035C592B44A3EBE5
S315000314B0040CBCF80040082C18D9BCF80840ACB1A1
S315000314C01D5923445C592B44A2420DD200690132B3
S315000314D053F8223000EBC102506803EB430300EBE1
S315000314E0830038BDFFF7FCFDFFF7ECFD00231B6807
S315000314F0FFDE00BF30B40024C0E902230A4D029B7D
S31500031500C0E90051C0E90444836152B11368D31A98
S315000315101988082904D91C8914B113592244D418EB
S31500031520C46130BC704700BF4C19040001617047A9
S31500031530C3685869704700BF08B5A921024B034A1F
S31500031540034803F099FE00BFFCF5030008F6030009
S31500031550ECF6030008B502681368D31AB3F800C0A3
S31500031560BCF1080F2AD91B8943B302EB030CD358EA
S315000315700CEB03025CF80330F3B15368043302EB5C
S31500031580030CD358ACEB03031A88062A16D9DB8857
S31500031590A3B10CEB03025CF80330D358994204D28F
S315000315A0D0F8943053F8210008BD0A4680680549EF
S315000315B001F018FB002008BDFFF7BEFF00231B68E0
S315000315C0FFDE00BF1808040008B502681368D31AC3
S315000315D0B3F800C0BCF1080F2AD91B8943B302EB49
S315000315E0030CD3580CEB03025CF80330F3B15368D6
S315000315F0043302EB030CD358ACEB03031A88082A13
S3150003160016D91B89A3B10CEB03025CF80330D3583C
S31500031610994204D2D0F8983053F8210008BD0A46FF
S315000316208068054901F0DEFA002008BDFFF784FF54
S3150003163000231B68FFDE00BF440804002DE9F041C8
S3150003164094460E461F4682B0099D00F10C080446D7
S31500031650C0E9006C85605C220021404608F0B7FDB6
S315000316602A4608993846FFF701FA0A9B3246009341
S31500031670034604F16C064146A3663046FFF73AFF7C
S3150003168000234FF480722546C4E92533C4F890300D
S31500031690A4F88C2055F89C2B33462846A16EFFF7F9
S315000316A0D5FB002320460949094A2162E2650B99C5
S315000316B0084AA5612164226684F88D3002B0BDE82C
S315000316C0F0813046FFF736FC03F0E8FF6D0E0300AA
S315000316D0814501008945010038B5C36F044600F111
S315000316E06C0513B12846FFF769FC04F19C00FFF76C
S315000316F005FB2846FFF71EFC204638BD2DE9F04FB3
S3150003170004248FB000F16C050994002681462C460B
S315000317102046FFF7C7FD864280F24D81D9F80010B7
S315000317200A688A1A1388082B40F290801389002BC3
S3150003173000F08C80C8580B441D580344AE4280F019
S315000317404281099DD28858592B4403440693002AA3
S3150003175000F005818B580A44D3180193D9F8680021
S31500031760FFF7CAFA08900698FDF70EFE002800F068
S31500031770C8804FF0000AD346F30000930A960790F9
S315000317800B9406990B68CB1A1A880A2A5ED95C89C8
S31500031790002C5BD00B590C44E2581C44924580F054
S315000317A00C810AF1010A54F82A6004EB8A04A3594E
S315000317B0A519EB1A1A88042A40F2A8809B88002BE5
S315000317C000F0C48055F80380019B1B68434540F233
S315000317D0A4800199009AD9F87C3008F101079B5837
S315000317E051F8272001EB870717445B443846D9E9AC
S315000317F00112283302F022FE002840F0B280D9F805
S315000318007C30009A9B585B449B6A002B00F0BE8099
S315000318100D9093F81480A359B8F1200FA5EB030399
S315000318201A8800F081800E2A13D9DB898BB14146D1
S31500031830992996BF654B664953F828106548FFF703
S315000318405BFB012318460FB0BDE8F08F00231B682E
S31500031850FFDED9F80400414603689B6A98470746AA
S31500031860002800F098802846089AD9F808100DAB8E
S31500031870B847002840F09A80A359EB1A1A884FF00C
S315000318800008062ACDF8148059D84046FDF7BAFD5C
S31500031890A3590290EB1A1A88082A43D9188910B15A
S315000318A02B5828441844FDF7ADFD009FD9F87C302A
S315000318B02822DB59039003EB0B07002138460493D8
S315000318C008F085FC029A049B43F80B20039B7B607C
S315000318D0059BC7E906380D9B7B61A359EB1A1A884A
S315000318E0142A06D99B8AE8181BB1EB58C258184428
S315000318F072BB079B0BF12C0B53457FF442AFDDE91B
S315000319000A64099B01360433099301E74FF0000883
S31500031910019B1B6843453FF65CAF41462E48FFF7E4
S31500031920EBFA8EE70020BEE70E2AA8D9DA89A918B2
S3150003193092B1AA58881851F80280021D0592D888D8
S315000319400028A3D02B58284418449FE798463BE722
S31500031950FDF758FDB860CCE790460592EFE7019294
S31500031960FCE600903846CEF74BFC992898BF174AF9
S31500031970009B94BF52F82010154918480093FFF7AF
S31500031980BBFA009B18460FB0BDE8F08F41461448DA
S31500031990FFF7B2FA55E74146992996BF0B4B0C4917
S315000319A053F828100F48FFF7A7FA4AE703461846E5
S315000319B00FB0BDE8F08F002344E7A9210A4B0B4A79
S315000319C00B4803F059FCFFF7B7FD00BF7C19040071
S315000319D0840D0400F0080400700804009C08040049
S315000319E0CC08040038090400FCF503009CF7030047
S315000319F0ECF603002DE9F04F0446016885B0806ECE
S31500031A00FFF752F8002800F0AA8004F16C0501469E
S31500031A102846FFF78BFD2046FFF770FE034610B1FD
S31500031A2005B0BDE8F08FA74A2846C4E913336264BC
S31500031A306363FFF787FA0028F2D1A34AA34B28462C
S31500031A40E2646363FFF7E8FA0028E9D1A04960641A
S31500031A50C4E91301E26F2168A06E04F19003FFF756
S31500031A6079F80028DCD1D4F8901004F19C00FFF734
S31500031A70FBF9A06E2368026856691A689A1A1188D8
S31500031A80082940F231811289002A00F02D819958E4
S31500031A9013445A580B44002A00F011815A68043241
S31500031AA0995813445A1A1188062940F21D81D2887F
S31500031AB0002A00F019819958134459588900B047F0
S31500031AC0C4F89400002800F0B7804FF000080426FD
S31500031AD0C346039500E0D04621680B68CB1A1A88E3
S31500031AE0082A40F201811B89002B00F0FD80CA58A9
S31500031AF00B4498581344002800F0E1805A680432D6
S31500031B00985813441A1AB2F800E0BEF1060F40F2D1
S31500031B10EB80D588002D00F0E7805F591D4455F80A
S31500031B2007C0A06EE0453D44076821D2AB59CDF806
S31500031B3000B0D7F80090E26FD4F89470C847351F09
S31500031B407851D4F8943008F1010A5B590436002B16
S31500031B50C1D142465F49A06801F044F806E05E49F8
S31500031B60A06801F03FF8012384F88D30012057E780
S31500031B70BEF1080F039D40F2B7801289002A00F0D8
S31500031B80B3809958134459587E698900B047C4F8FD
S31500031B909800002873D04FF000080426C346039527
S31500031BA000E0D04621680B68CB1A1A88082A40F24F
S31500031BB09B801B89002B00F09780CA580B449858CA
S31500031BC0134400287BD05A680432985813441A1ACF
S31500031BD01088082840F288801289002A00F0848041
S31500031BE0985813441A58034490451AD2A06E9B5929
S31500031BF00568E26FCDF800B0D5F80090D4F8987078
S31500031C00C847351F7851D4F8983008F1010A5B5953
S31500031C100436002BC5D142463049A06800F0E2FFE6
S31500031C20A4E7039D2846FFF7A5FA00287FF4F8AE3C
S31500031C30012384F88C30F3E62368A0681A689A1A9D
S31500031C401188082950D91289002A4DD0995813446E
S31500031C505A580B44002A32D05A680432995813440E
S31500031C605A1A118806293FD9D288002A3CD0995896
S31500031C7013445A581A49920000F0B4FF76E72368D2
S31500031C80A0681A689A1A118808292DD912895AB395
S31500031C90995813445A580B448AB15A6804329958CE
S31500031CA013445A1A118808291ED91289E2B1995880
S31500031CB013445A580B49920000F094FF56E7FFF776
S31500031CC03BFC00BF69450100714501003115030066
S31500031CD079450100C8090400580904003C0A0400B8
S31500031CE07C090400F009040000231B68FFDE00BF23
S31500031CF010B590F88D30044663B990F88C3013B95B
S31500031D00FFF778FE58B904F16C000021BDE81040D6
S31500031D10FFF7D8BA0249806800F064FF012010BDBE
S31500031D20640A0400002970B502DB83688B4204DC75
S31500031D300C48FFF7E1F8012070BD0368104603EB7A
S31500031D4001131446D3E9025600F076FBB04202466D
S31500031D5006D12DB12946206808F0AAFA002070BDE5
S31500031D6008F088F8940A0400002938B50BDB84468A
S31500031D708068884207DDDCF8004004EB0114A5689F
S31500031D8035B1002038BD0B48FFF7B6F8012038BD42
S31500031D9099691046E160936B9847A06028B129467C
S31500031DA0E26808F014FA0020ECE70348FFF7A4F80A
S31500031DB0ECE700BF940A0400CC0A0400002970B5BE
S31500031DC015DB83688B4212DD036803EB0113D3E94A
S31500031DD002568DB11046144600F02EFBB042024661
S31500031DE00ED12846216808F063FA002070BD054825
S31500031DF0FFF782F8012070BD0348FFF77DF8F9E786
S31500031E0008F038F8940A0400F00A040038B5836829
S31500031E10002B0DDD054600242B68002103EB04137C
S31500031E20D3E9020208F0D3F9AB680134A342F3DC29
S31500031E30002038BD2DE9F8438768002F2BDD0E46B9
S31500031E4091460024D0F8008007E04846696808F008
S31500031E5025FAE8B10134BC421DD008EB0415002E67
S31500031E60F3D03046296808F019FA0028EDD001347A
S31500031E70A74210D008EB04153046296808F00EFA7D
S31500031E800028F4D14846696808F008FA0028E1D129
S31500031E902046BDE8F8834FF0FF342046BDE8F883BB
S31500031EA0F8B504460E461546FFF7C4FF002812DAB6
S31500031EB0D4E9011088420FDA00272268431CA36085
S31500031EC00301D650216819444D6022681A4497606D
S31500031ED022681344DF60F8BD0248FFF70DF84FF0A0
S31500031EE0FF30F8BD900B04002DE9F04F97B0019336
S31500031EF092F9003083460391002B00F07E8201F1B4
S31500031F00FF39B9F1000F40F37882924600248046E8
S31500031F10252B0AF1010212D088F800309AF9013014
S31500031F20924601340BEB04080BB14C45F0DBC34678
S31500031F30601C00238BF8003017B0BDE8F08F9AF9C8
S31500031F400130252B00F0F681A3F16301C8B21528F1
S31500031F5019D8152917D8DFE811F0D801A001160002
S31500031F60A800160016001600160016001600160026
S31500031F7016001600160016001600870016005300FA
S31500031F801600160018009246CEE7A9EB0403092BA8
S31500031F9040F3248247F63003019D0234A8F800304B
S31500031FA00BEB0406334655F8042B01E003463A4689
S31500031FB002F00F000146092818468ABF573130310F
S31500031FC049B20F2A4FEA121700F8011BEED8002276
S31500031FD09E425A700AD2324692F9001093F9007063
S31500031FE002F8017B03F801199A42F5D3801B0444D6
S31500031FF09AF9023001950AF1020A0BEB040893E7FA
S31500032000A9EB04030A2B40F3E981019F404657F8E5
S31500032010043BC54E9C466546A6FB0C32D20802EB32
S315000320208203ACEB43033033092D0146944600F893
S31500032030013BF0D80023414503700AD9434693F97F
S31500032040002091F9005003F8015B01F801298B4246
S31500032050F5D3A0EB080004449AF9023001970AF17C
S31500032060020A0BEB04085FE7019DA14555F8043B03
S315000320707FF75DAF039A611E901E001B03EB5000B2
S315000320805944013B05E0834201F8012F04F10104A1
S3150003209003D013F9012F002AF5D19AF902300195DD
S315000320A00AF1020A0BEB04083EE7A9EB040307EE69
S315000320B0903AB2EE0C7AF8EEE77AF4EEC77AF1EEDE
S315000320C010FA00F18B81019B08F12F02073323F0ED
S315000320D00703F3E802010292019306F0D3FCC0F36F
S315000320E0C7530028B8BF4746A3F17F0E0593B6BF73
S315000320F02D23474607F8013B0023BEF1800FC0F3AB
S31500032100160C3B7000F026816546884B06AE049696
S315000321100FCB07C63370049E16F9013B2CFA03F363
S315000321201D440DF12503B342F6D13B4642F6316217
S3150003213023F8022B0022BA70029AD61A072E40F30E
S31500032140A2804FF03032DFF8E0C10AA9C7F80320B6
S31500032150A7F8072004940846ACFB0521C9082C46BA
S3150003216001EB8102A5EB42020D4601463032092CF2
S3150003217001F8012BEFD8002242700AAA9042049C70
S3150003218009D992F9001090F9005002F8015B00F8A2
S3150003219001198242F5D397F90220013E9DF92810D1
S315000321A01E44002A00F01F811A4612F9010F002867
S315000321B0FBD159B1B24209D20AA801E0B24205D015
S315000321C002F8011B10F9011F0029F7D13026D01A96
S315000321D0D0F10701167002D0E2E0934204D2104612
S315000321E012F9011D3029F8D00023029A0370561EF6
S315000321F0B04203460FD22A224D4902E09E4200F026
S31500032200DC801A7011F9012F18460133002AF5D123
S31500032210029AD61A0644002296451A70C0F2D58051
S315000322200AAD2946DFF800C10846ACFB0E21C908F2
S31500032230774601EB8102AEEB42028E46014630320F
S31500032240092F01F8012BEFD800228542427009D2EB
S3150003225095F9002090F9001005F8011B00F80129F3
S315000322608542F5D39DF928205AB1B34209D20AA96A
S3150003227001E0B34205D003F8012B11F9012F002A1F
S31500032280F7D100221A70A3EB08031C440AF1020AD1
S315000322909AF900300BEB040846E6A9EB04030A2B74
S315000322A040F39C80DDF804C05CF8043B002B4BDB59
S315000322B0404605469E461C4F7646A7FB0E32D2087D
S315000322C002EB8203AEEB43033033092E29469646CF
S315000322D005F8013BF0D8002388422B7009D290F908
S315000322E0003091F9002000F8012B01F801398842EA
S315000322F0F5D3A5EB08052C449AF90230CDF804C0B2
S315000323000AF1020A0BEB04080EE6019A013452F8AD
S31500032310043B0AF1020A88F800309AF90030019268
S315000323200BEB040800E600BFCDCCCCCCF00B0400CD
S31500032330EC0B040088F8003001349AF902300BEBF9
S3150003234004080AF1020AEFE540462D225B4200F833
S31500032350012BAEE7029B013BBCF1000F10D19F425C
S315000323600AD24922274901E09F428AD007F8012B66
S3150003237011F9012F002AF7D13B4600221A7082E792
S315000323809F42F9D24E22204902E09F423FF479AFA1
S3150003239007F8012B11F9012F002AF6D13B46ECE78A
S315000323A000282CDD1144101A12F9015D904201F840
S315000323B0015D1670F8D1C21D11E7029A961B002221
S315000323C0964506441A70BFF62BAF059A0DF12905FB
S315000323D0C2F17F0E2D228DF8282022E70023601CF0
S315000323E088F80030A8E521B1B34238BF1A46FFF496
S315000323F0E3AE30221846BA70DDE7012099E51046B0
S31500032400D9E700BFE40B0400E80B040010B404682A
S31500032410002C0CDD02460023012052F8041F013371
S31500032420A34201FB00F0F8D15DF8044B704701208D
S315000324305DF8044B704700BF10B582B0044601A98E
S31500032440007AFCF7F9FFB8B962681468002C0DDD51
S315000324500346012052F8041F0133A34201FB00F097
S31500032460F8D1019B03FB00F002B010BD0120019BD4
S3150003247003FB00F002B010BD07F0FCFC38B50546BF
S3150003248008460C4603F0F8FF0022144B51EC100BE0
S3150003249006F036F841EC100B04F0E2FB51EC100B9E
S315000324A006F040FB4FF0004E4FF0000C86457CEBE8
S315000324B0010210DB614508BF70450346226803D15C
S315000324C04FF08043013222601F3202DA00221346A4
S315000324D022602B6038BD07F0CDFC00BF0000E04151
S315000324E0F8B555EC104B06460F460022002320464E
S315000324F0294606F06DFA18B1002333603B60F8BD38
S315000325003946304645EC104BBDE8F840FFF7B6BFF9
S31500032510F0B555EC104B07460E4683B00022204615
S3150003252029460C4B06F05EFA90B1002200232046A2
S31500032530294606F075FA58B1384645EC104B01A901
S31500032540FFF79CFF019B002B02DC336003B0F0BD59
S3150003255007F090FC0000F03F2DE9F84F4FF00043E1
S315000325602DED028B23FA00F057EC106B59EC118B0F
S3150003257092468B4605F05AFF424604460D464B46A5
S315000325803046394605F0BCFF02460B46204629462F
S3150003259005F0B6FF02460B4643EC182B10A3D3E90E
S315000325A0002306F03DFAB0B9002251EC180B0E4B8E
S315000325B006F036FA90B151465846B0EE480AF0EEA8
S315000325C0680AFFF75BFFDAF80030002B06DBBDEC89
S315000325D0028BBDE8F88F9FED028BECE707F04AFC10
S315000325E00000C0FFFFFFDF410000F03F2DE9F84385
S315000325F00124074604FA00F0154601380E4605F095
S3150003260015FFED1B8946C5F12003A5F1200124FA28
S3150003261003F304FA01F18046194304FA05F005F0C1
S3150003262041FF02460B464046494605F069FFC6F19F
S3150003263020038946A6F1200124FA03F304FA01F1E3
S315000326408046194304FA06F005F02CFF02460B46B2
S315000326504046494606F07EF841EC100B04F07CFA3E
S3150003266051EC100B06F0E6F9BDE8F88310B5044605
S3150003267003F094FFDFED0B7A20EE270AF8FE407A8B
S3150003268030EE670A9FED087AB0EEC00AFDEEE77AF0
S31500032690B4EEC70AC4ED007AF1EE10FA4CBF01207E
S315000326A0002010BD3BAAB83F6F12833A000000001A
S315000326B02DE9F0412DED028B82B0054691ED038A9B
S315000326C0D2ED038ADDF828807BB318EE100A1C4688
S315000326D005F0BEFE064618EE900A0F4605F0B8FE54
S315000326E002460B463046394605F00AFF0646E068C1
S315000326F00F4605F0ADFE0B4602463946304605F059
S3150003270047FD0246D8F80C00164621F0004705F0AF
S315000327109FFE02460B463046394606F01BF822A3B7
S31500032720D3E9002306F068F908B328EE288AB5EE44
S31500032730C08AF1EE10FA29DB18EE100A05F088FEBE
S315000327400446D8F80C000D4605F082FE02460B46F9
S315000327502046294605F0FEFF02460B4600200B994C
S31500032760C1E9002302B0BDEC028BBDE8F08140F263
S315000327703F13094928466C69084A00910849A0474E
S31500032780012002B0BDEC028BBDE8F0814FF4A673C5
S315000327900449EFE7AFF30080300C0400000C04009B
S315000327A064A50300540C04007B14AE47E17A943FFE
S315000327B030B592F800C08646BCF1070F83B021D02E
S315000327C0BCF1090F0DD0BCF1030F43D0594944693D
S315000327D04FF4C9730091584A5849A047012003B0E2
S315000327E030BD7F246FF07F00012992ED037A1569CE
S315000327F010D0032952D002292FD01860069B1C60E3
S315000328000020ECE7012947F6FF7492ED037A4C4862
S315000328101569EED19FED4B6AC6EE077ADFED4A6A7C
S31500032820F8FE677AF4EEE67AF1EE10FA29DB9FED0D
S31500032830477AF4EEC77AF1EE10FA22D8FDEEE77A7C
S3150003284017EE902A2A448242B8BF02461A60069BB4
S315000328501C60D5E7FF240020C6E7BFEE006AC6EE7C
S31500032860077ADFED396AB8FE677AB4EEE67AF1EEF7
S3150003287010FA06DB9FED356AB4EEC67AF1EE10FA6E
S3150003288044D933497046DEF814404FF4AD730091D2
S31500032890294A2A49A047012003B030BD9FED296A82
S315000328A0C6EE077ADFED286AF8FE677AF4EEE67A73
S315000328B0F1EE10FAE5DB9FED256AF4EEC67AF1EE4A
S315000328C010FADED8FDEEE77AF1EE085A17EE902AF3
S315000328D0C5EE877AF8FE677AF4EEE67A2A448242F0
S315000328E0B8BF0246F1EE10FA1A60CADBF4EEC67AF6
S315000328F0F1EE10FAC5D8FDEEE77A17EE903A2B44BF
S31500032900A342A8BF2346069A136079E7F1EE677AD6
S31500032910BDEEC77AF8FE677A17EE102AF4EEE67A6A
S315000329202A448242B8BF0246F1EE10FA1A60DDDA93
S31500032930A7E700BF50BC0300000C040064A5030016
S315000329400080FFFF00000000000000CF0000004FE2
S31500032950700C04002DE9F04F97B09B46DDE926780D
S31500032960209B16460493219B91F830200593229BC6
S31500032970012A0893239B05460993249B0693259BCB
S315000329800793289B0FD07E4B44690126CDE901327C
S31500032990DB237C4A00927C497C4A0396A0470120AC
S315000329A017B0BDE8F08F0C4696F8301001290BD00E
S315000329B04469734ECDE90212754ADD23CDE900263B
S315000329C07149724AA047EAE7D6F834E0BEF1000F30
S315000329D000F09B80DEF80020002A00F08380116857
S315000329E001290E911EDD94F800C0BCF1090F05D034
S315000329F0BCF1070F02D0ED23664975E0307809284C
S31500032A0078D10E98984200F08380CDE90203624E96
S31500032A1062496C69F023009128465C4A5A4901963B
S31500032A20A047BCE70499002BE068D1F80C9041DD80
S31500032A3011930F9205F00CFD02460B4643EC172B40
S31500032A4048468DED0A7B05F003FD0F9A119BCDE9F0
S31500032A500F544FF000090E9C1D460E961646CDE9FF
S31500032A600C01043FA8F1040802F1040A012CCCBFAF
S31500032A70DAF80000706805F0EBFCDDE90A2305F0DF
S31500032A803FFDDDE90C2305F065FE41EC100B14A9AF
S31500032A9013A8FFF725FD139B09F1010947F8043F26
S31500032AA0149B4D450AF1040A48F8043FDED1DDE9DB
S31500032AB00F540E9E2378032B40D0092B23D84FF4B3
S31500032AC02270D84010F001003FF46AAF28460599FA
S31500032AD0079C0978069B049A209417B0BDE8F04F2B
S31500032AE0FFF766BEE9232E496C69284A00912D49F2
S31500032AF0A04754E72C4B0926CDE901302B4AEF2397
S31500032B0028466C6946E700204AE7E8232849EBE7AD
S31500032B10DEF80800B16801EB800149680E9881422E
S31500032B2029D0CDE90201234F1B4E6C69F1232846B8
S31500032B30164A154901970096A04730E73246002703
S31500032B40002604995B46009114A901912846214663
S31500032B50CDE91467FFF7ACFD00287FF421AF9DEDA7
S31500032B60140B089813A9FFF7BBFC139B099A5B4246
S31500032B7013602378A1E70499E068D1F80C9057E72E
S31500032B80F0B40300980C040058A60300000C0400DC
S31500032B900CB50300FCE30300C40C0400A4B8030053
S31500032BA098D2030064A5030004B60300B40C040022
S31500032BB084D20300D40C040008B58968806801F048
S31500032BC0A9FC003818BF012008BD00BF0138C0B2F8
S31500032BD010289ABF024B53F820000020704700BF0D
S31500032BE0E81B04000EB400B582B003AA52F8041B16
S31500032BF0036801929B68984702B05DF804EB03B043
S31500032C00704700BF0CB400B583B004AA52F8041B86
S31500032C10036801929B68984703B05DF804EB02B022
S31500032C20704700BF844638B51046BCF1000F1BD071
S31500032C30DCF80050082D11D875B16246002304391B
S31500032C4003E0DCF80000984213D952F8044F01332D
S31500032C509D4241F8044FF4D1002038BD1A46084975
S31500032C60FFF7C0FF012038BD1A460649FFF7BAFF32
S31500032C70F8E7A921044B054A054802F0FDFA00BF0F
S31500032C80440D0400140D0400FCF50300C8FF030003
S31500032C90ECF6030008B58C46134610283ED8DFE849
S31500032CA000F00D101316191C1F2225282B2E313464
S31500032CB0373A090011230B70002008BD01230B705E
S31500032CC0FAE70A230B70F7E702230B70F4E70323F3
S31500032CD00B70F1E704230B70EEE705230B70EBE7AC
S31500032CE006230B70E8E707230B70E5E708230B7051
S31500032CF0E2E709230B70DFE70B230B70DCE70C23FA
S31500032D000B70D9E70D230B70D6E70E230B70D3E7B1
S31500032D100F230B70D0E710230B70CDE74FF0000E97
S31500032D200246044918468CF800E0FFF75BFF0120D2
S31500032D3008BD00BF880D04000020704738B504465F
S31500032D40002847D0002945D01046002A42D01D4608
S31500032D50002B3FD01368022101221B6898470023EA
S31500032D600370437023680246E31A19880A2923D994
S31500032D70588908B3205C0B281ED10C291CD99B89C2
S31500032D8004EB030CC3B1E1585CF801300CEB010012
S31500032D90C31A1C88042C15D99B88ABB913705CF82D
S31500032DA00130C31A1988062909D9DB883BB1C35CEC
S31500032DB0003B18BF012353702A60002038BD01234E
S31500032DC05370F9E70023E9E7C35C5C1E042C88BF54
S31500032DD00023E3E707F04EF8002070472DE9F041A2
S31500032DE0002841D0884600293ED01446002A3BD00D
S31500032DF01F46002B38D013680122054611461B686F
S31500032E0020469847002303702B680646EB1A1A8858
S31500032E100A2A18D95989B1B1695C282913D10C2A10
S31500032E2011D99A89AB1872B1A9585A580B449A1AF0
S31500032E301188042914D99088A0B942463146FFF770
S31500032E4029FF054620B900253E602846BDE8F081E6
S31500032E502368204631465B6898472846BDE8F081DB
S31500032E600020EAE7185CE8E707F004F82368314630
S31500032E7020465B68984702F011FC00BF2DE9F0413C
S31500032E80002841D0884600293ED01446002A3BD06C
S31500032E901F46002B38D013680122054611461B68CE
S31500032EA020469847002303702B680646EB1A1A88B8
S31500032EB00A2A18D95989B1B1695C392913D10C2A5F
S31500032EC011D99A89AB1872B1A9585A580B449A1A50
S31500032ED01188042914D99088A0B942463146FFF7D0
S31500032EE0D9FE054620B900253E602846BDE8F08197
S31500032EF02368204631465B6898472846BDE8F0813B
S31500032F000020EAE7185CE8E706F0B4FF23683146D9
S31500032F1020465B68984702F0C1FB00BF002070475C
S31500032F2000207047002070470020704738B50446DC
S31500032F3058B351B3104642B31D4633B30422036854
S31500032F4011461B689847002303602368E31A1A880F
S31500032F500A2A14D9598991B1615C67290FD10C2AC0
S31500032F600DD99B89E21853B1E358D118D358CB1A1C
S31500032F701A88042A06D99B8803B1CB5803602860B4
S31500032F80002038BD00230360F9E706F073FF00BF96
S31500032F902DE9F84F002859D08846002956D0144603
S31500032FA0002A53D01F46002B50D013680546012232
S31500032FB01B68022120469847002303802B68064698
S31500032FC0EB1A1A880A2A2FD9598969B3695C252904
S31500032FD02AD10C2A28D99B8905EB030A23B355F872
S31500032FE003905AF809300AEB090BABEB03031A8873
S31500032FF0042A26D9988830BB42463146FFF74AFE53
S315000330000546B0B95AF80930ABEB03031A88062A0A
S3150003301003D9DB880BB11BF8035042462846711CC3
S31500033020FFF738FE054620B900253E602846BDE871
S31500033030F88F2368204631465B6898472846BDE8E3
S31500033040F88F0020D8E71BF80000D5E706F012FF3B
S315000330502368314620465B68984702F01FFB00BF92
S315000330600020704738B50446002844D0002942D0D2
S315000330701046002A3FD01D46002B3CD0136808217A
S3150003308004221B68984700230360037123680246E2
S31500033090E31A19880A2920D95889F0B1205C0A282D
S315000330A01BD10C2919D99B8904EB030CABB1E1584D
S315000330B05CF801300CEB0100C31A1C88062C12D9EC
S315000330C0DB8893B913715CF80130C31A1988042994
S315000330D006D99B8803B1C35813602A60002038BD04
S315000330E000231360F9E70023ECE7C35C5C1E042CA2
S315000330F088BF0023E6E706F0BDFE00BF38B50446E9
S31500033100002800F08E80002900F08B801046002AEC
S3150003311000F087801D46002B00F08380136818217A
S3150003312004221B6898470021C0E90011C0E9021177
S31500033130C0E9041123680246E31A19880A2957D9F4
S315000331405889002854D014F800E0BEF1010F4FD17E
S315000331500C294DD999896318002949D060581C5800
S3150003316019180C1BB4F800C0BCF1040F0AD9A488C3
S3150003317044B10C5734B1A4F10104B4FA84F46409DC
S315000331804FEA440E82F800E01C580C1BB4F800C04A
S31500033190BCF1060F33D9E488002C40D154601C5887
S315000331A00C1BB4F800C0BCF1080F26D92489002CE7
S315000331B033D194601C580C1BB4F800C0BCF10A0F41
S315000331C019D964890CBB14731C580C1BB4F800C0C2
S315000331D0BCF10C0F01D9A489ACB9012414611B58A5
S315000331E0CB1A18880E2801D9DB8953B901235361F9
S315000331F02A60002038BD0024E5E70024D9E700242F
S31500033200CCE7CB58F3E70C59E8E70C5D04F1FF3C38
S31500033210BCF1040F88BF0024D5E70C59C9E70C5944
S31500033220BCE706F027FE00BF38B50446002844D0A5
S31500033230002942D01046002A3FD01D46002B3CD021
S315000332401368022101221B68984700230380236821
S31500033250E31A1A880A2A23D9598909B3615C6629AC
S315000332601ED10C2A1CD99B8904EB030CC3B1E2586B
S315000332705CF802300CEB0201CB1A1C88042C15D91E
S315000332809B88ABB903705CF80230CB1A1A88062AFE
S3150003329009D9DB881BB1CB5C003B18BF0123437004
S315000332A02860002038BD00234370F9E70023E9E7CF
S315000332B0CB5C003B18BF0123E4E706F0DBFD00BF50
S315000332C00020704738B5044658B351B3104642B38D
S315000332D01D4633B30422036811461B68984700232F
S315000332E003602368E31A1A880A2A14D9598991B103
S315000332F0615C5E290FD10C2A0DD99B89E21853B163
S31500033300E358D118D358CB1A1A88042A06D99B88AE
S3150003331003B1CB5803602860002038BD0023036047
S31500033320F9E706F0A7FD00BF38B50446002800F00C
S315000333309980002900F096801046002A00F09280BA
S315000333401D46002B00F08E8013681C2104221B6887
S3150003335098470021C0E90011C0E90211C0E9041130
S31500033360816123680246E31A19880A2955D95889BF
S31500033370002852D0205C02284FD10C294DD99B89B5
S3150003338004EB030C002B48D0E0585CF800300CEB40
S315000333900001CB1A1C88042C02D99B88002B57D119
S315000333A0012313705CF80030CB1A1C88062C3DD918
S315000333B0DB88002B4AD153605CF80030CB1A1C889B
S315000333C0082C31D91B89002B3ED193605CF8003061
S315000333D0CB1A1C880A2C25D95B89002B32D1D360E2
S315000333E05CF80030CB1A1C880C2C19D99B891BBBA3
S315000333F013745CF80030CB1A1C880E2C01D9DB89B8
S31500033400C3B9012353615CF80030CB1A188810281E
S3150003341001D91B8A63B9012393612A60002038BD51
S315000334200023E5E70023DAE70023CEE70023C2E71C
S31500033430CB58F1E7CB58E5E7CB5C5C1E042C88BF81
S315000334400023D5E7CB58CAE7CB58BEE7CB58B2E73C
S31500033450CB56002BA4D0A3F10103B3FA83F35B0984
S315000334605B009EE706F006FD0020704700207047CC
S3150003347000207047002070470020704700207047E7
S315000334800020704700207047002070472DE9F04167
S31500033490002874D08846002971D01546002A6ED0BC
S315000334A01F46002B6BD01368064601221B680421B6
S315000334B0284698470023036032680446B21A1388E5
S315000334C00A2B2FD9518969B3715C08292AD10C2B90
S315000334D028D99389F1182BB3F358C858CA18101A68
S315000334E00688042E26D9808858BB2070C858101A1F
S315000334F00688082E1CD9008948BBA070C858101A24
S3150003350006880A2E12D94089B0B9E070CB58D31A6F
S315000335101988062906D9DB8823B1D35613B1012BA3
S315000335201AD163703C600020BDE8F0810020ECE70F
S315000335300020E2E70020D8E7105C003818BF01201E
S31500033540E3E7105C461E042E88BF0020CDE7105C1F
S31500033550003818BF0120D0E740460A49FFF742FB6F
S315000335602B68284621465B6898470120BDE8F08111
S315000335702B68214628465B68984702F08FF806F0C9
S3150003358079FC00BFAC0D040038B50446002840D0D2
S3150003359000293ED01046002A3BD01D46002B38D0CA
S315000335A01368082104221B6898470023C0E90033E7
S315000335B023680246E31A19880A2920D95889F0B1E3
S315000335C0205C17281BD10C2919D99B8904EB030C02
S315000335D0ABB1E1585CF801300CEB0100C31A1C884F
S315000335E0042C12D99B8893B913605CF80130C31A73
S315000335F01988062906D9DB8803B1C35853602A60A4
S31500033600002038BD00235360F9E70023ECE7C358D5
S31500033610EAE706F02FFC00BF002070470020704742
S31500033620002070470020704738B50446002840D074
S3150003363000293ED01046002A3BD01D46002B38D029
S315000336401368082104221B6898470023C0E9003346
S3150003365023680246E31A19880A2920D95889F0B142
S31500033660205C5C281BD10C2919D99B8904EB030C1C
S31500033670ABB1E1585CF801300CEB0100C31A1C88AE
S31500033680042C12D99B8893B913605CF80130C31AD2
S315000336901988062906D9DB8803B1C35853602A6003
S315000336A0002038BD00235360F9E70023ECE7C35835
S315000336B0EAE706F0DFFB00BF38B5044678B371B31B
S315000336C0104662B31D4653B30122036811461B68B5
S315000336D09847002303702368E31A1A880A2A18D91D
S315000336E05989B1B1615C0C2913D10C2A11D99B8973
S315000336F0E21873B1E358D118D358CB1A1A88042A9F
S315000337000AD99B8823B1CB5C5A1E042A88BF00239F
S3150003371003702860002038BD00230370F9E706F024
S31500033720A9FB00BF38B5044658B351B3104642B39C
S315000337301D4633B30422036811461B6898470023CA
S3150003374003602368E31A1A880A2A14D9598991B19E
S31500033750615C4B290FD10C2A0DD99B89E11853B112
S31500033760E358CA18CB58D31A1988042901D99B8858
S3150003377023B9002303602860002038BD1A44136868
S31500033780F8E706F077FB00BF00207047002070477C
S3150003379000207047002070470020704700207047C4
S315000337A000207047002070470020704738B5044654
S315000337B0002832D089B310467AB31D466BB3012273
S315000337C0036811461B689847002303702368E31AAE
S315000337D01A880A2A1BD95989C9B1615C4D2916D1A0
S315000337E00C2A14D99B89E2188BB1E358D118D35804
S315000337F0CB1A1A88042A0DD99B885BB1CB564BB1D9
S31500033800A3F10103B3FA83F35B095B00037028603A
S31500033810002038BD01230370F9E706F02BFB00BF38
S3150003382038B5044678B371B3104662B31D4653B335
S315000338300122036811461B68984700230370236817
S31500033840E31A1A880A2A18D95989B1B1615C15296C
S3150003385013D10C2A11D99B89E21873B1E358D118F5
S31500033860D358CB1A1A88042A0AD99B8823B1CB5C6E
S315000338705A1E042A88BF002303702860002038BD1F
S3150003388000230370F9E706F0F5FA00BF002070473E
S315000338900020704738B50446002840D000293ED0A2
S315000338A01046002A3BD01D46002B38D0136808214A
S315000338B004221B6898470023C0E9003323680246A5
S315000338C0E31A19880A2920D95889F0B1205C3B28C4
S315000338D01BD10C2919D99B8904EB030CABB1E15815
S315000338E05CF801300CEB0100C31A1C88042C12D9B6
S315000338F09B8893B913605CF80130C31A19880629AB
S3150003390006D9DB8803B1C35853602A60002038BD4B
S3150003391000235360F9E70023ECE7C358EAE706F010
S31500033920A9FA00BF002070470020704770B505460E
S3150003393000287DD000297BD01046002A78D01E4669
S31500033940002B75D0136828211B6804229847282268
S315000339500021044606F03BFC2B68EB1A1A880A2A58
S3150003396046D95989002943D0695C052940D10C2AD7
S315000339703ED99A89AB18002A3AD0A95858585A18EA
S31500033980101A0588042D02D98088002846D1012003
S3150003399020705858101A0588062D35D9C088002876
S315000339A03AD160605858101A0588082D2AD900891B
S315000339B000282FD1A0605858101A05880A2D1FD940
S315000339C0408928BBE0605858101A05880C2D15D974
S315000339D08089D8B920615B58D31A19880E290AD968
S315000339E0DB8923B1D35C5A1E042A88BF00232375BF
S315000339F03460002070BD00232375F9E70020E9E752
S31500033A000020DFE70020D5E70020CAE71058E1E7EA
S31500033A101058D7E71058CDE71058C2E710560028BC
S31500033A20B5D0A0F10100B0FA80F040094000AFE73D
S31500033A3006F020FA002070470020704700207047E8
S31500033A4038B5044670B369B310465AB31D464BB333
S31500033A500122036811461B689847002303702368F5
S31500033A60E31A1A880A2A17D95989A9B1615C1B294D
S31500033A7012D10C2A10D99B89E2186BB1E358D118DD
S31500033A80D358CB1A1A88042A09D99B881BB1CB5C55
S31500033A90003B18BF012303702860002038BD0023B4
S31500033AA00370F9E706F0E6F9002070470020704737
S31500033AB02DE9F047002850D0884600294DD01446FA
S31500033AC0002A4AD01F46002B47D0136805461B68B9
S31500033AD0042224212046984724220021064606F084
S31500033AE076FB2B68EB1A1A880A2A22D9598901B35D
S31500033AF0695C11291DD10C2A1BD99A89AB18C2B14D
S31500033B00A9585A580B449A1A1188042911D992882C
S31500033B1003EB02096AB153F802A031464246104B41
S31500033B2009EB0A00FFF77EF8054638B959F80A305B
S31500033B30336200253E602846BDE8F08723682046A9
S31500033B4031465B6898472846BDE8F08723683146C7
S31500033B5020465B68984701F0A1FD06F08BF900BF8C
S31500033B60D80D040038B50446002844D0002942D0B5
S31500033B701046002A3FD01D46002B3CD01368022175
S31500033B8001221B689847002303802368E31A1A88D7
S31500033B900A2A23D9598909B3615C0F291ED10C2A34
S31500033BA01CD99B8904EB030CC3B1E2585CF80230C1
S31500033BB00CEB0201CB1A1C88082C15D91B89ABB94F
S31500033BC003705CF80230CB1A1A880A2A09D95B8972
S31500033BD01BB1CB5C003B18BF012343702860002058
S31500033BE038BD00234370F9E70023E9E7CB5C003BCC
S31500033BF018BF0123E4E706F03DF900BF38B50446D4
S31500033C00002844D0002942D01046002A3FD01D4642
S31500033C10002B3CD01368022101221B68984700231E
S31500033C2003802368E31A1A880A2A23D9598909B310
S31500033C30615C4A291ED10C2A1CD99B8904EB030C0F
S31500033C40C3B1E2585CF802300CEB0201CB1A1C88B4
S31500033C50042C15D99B88ABB903705CF80230CB1AD8
S31500033C601A88062A09D9DB881BB1CB5C003B18BF2F
S31500033C70012343702860002038BD00234370F9E711
S31500033C800023E9E7CB5C003B18BF0123E4E706F01A
S31500033C90F1F800BF00207047002070472DE9F0417E
S31500033CA0144601221F46236806461B68884620469B
S31500033CB0114698470023037032680546A6EB020CAB
S31500033CC0BCF800200A2A1AD9BCF80A10B9B1715CEB
S31500033CD0372914D10C2A12D9BCF80C10721871B1F9
S31500033CE0705811580244511A0888042814D9888830
S31500033CF0A0B942462946FEF7CDFF064620B900265F
S31500033D003D603046BDE8F0812368204629465B685E
S31500033D1098473046BDE8F0811846EAE7105CE8E7C5
S31500033D202368294620465B68984701F0B7FC00BF25
S31500033D30002070470020704738B5044658B351B386
S31500033D40104642B31D4633B30422036811461B686B
S31500033D509847002303602368E31A1A880A2A14D9AA
S31500033D60598991B1615C09290FD10C2A0DD99B8917
S31500033D70E11853B1E358CA18CB58D31A1988042942
S31500033D8001D99B8823B9002303602860002038BD2E
S31500033D901A441368F8E706F06DF800BF0020704771
S31500033DA038B5044658B351B3104642B31D4633B330
S31500033DB00422036811461B6898470023036023689F
S31500033DC0E31A1A880A2A14D9598991B1615C13290D
S31500033DD00FD10C2A0DD99B89E21853B1E358D11898
S31500033DE0D358CB1A1A88042A06D99B8803B1CB5811
S31500033DF003602860002038BD00230360F9E706F05E
S31500033E0039F800BF38B5044658B351B3104642B328
S31500033E101D4633B30422036811461B6898470023E3
S31500033E2003602368E31A1A880A2A14D9598991B1B7
S31500033E30615C23290FD10C2A0DD99B89E21853B152
S31500033E40E358D118D358CB1A1A88042A06D99B8863
S31500033E5003B1CB5803602860002038BD00230360FC
S31500033E60F9E706F007F800BF38B5044658B351B36F
S31500033E70104642B31D4633B30422036811461B683A
S31500033E809847002303602368E31A1A880A2A14D979
S31500033E90598991B1615C4F290FD10C2A0DD99B89A0
S31500033EA0E21853B1E358D118D358CB1A1A88042A07
S31500033EB006D99B8803B1CB5803602860002038BD20
S31500033EC000230360F9E705F0D5FF00BF2DE9F047AE
S31500033ED0002850D0884600294DD01446002A4AD0DF
S31500033EE01F46002B47D0136805461B68042224216E
S31500033EF02046984724220021064606F068F92B68D7
S31500033F00EB1A1A880A2A22D9598901B3695C1E2930
S31500033F101DD10C2A1BD99A89AB18C2B1A9585A5874
S31500033F200B449A1A1188042911D9928803EB0209C2
S31500033F306AB153F802A031464246104B09EB0A0018
S31500033F40FEF770FE054638B959F80A303362002584
S31500033F503E602846BDE8F0872368204631465B6805
S31500033F6098472846BDE8F0872368314620465B68B4
S31500033F70984701F093FB05F07DFF00BFE00D0400B9
S31500033F80002070470020704738B5044600286ED0DD
S31500033F9000296CD01046002A69D01D46002B66D036
S31500033FA01368142104221B6898470021C0E90011F5
S31500033FB0C0E90211016123680246E31A19880A2936
S31500033FC03FD9588900283CD0205C202839D10C29B8
S31500033FD037D99B89E018002B33D0E158445843184E
S31500033FE01C1BB4F800C0BCF1040F36D9A488002CFE
S31500033FF03BD1146044581C1BB4F800C0BCF1060F37
S3150003400029D9E4887CBB546044581C1BB4F800C00F
S31500034010BCF1080F1DD924891CBB946044581C1B92
S31500034020B4F800C0BCF10A0F11D96489BCB9D460D5
S315000340304158591A08880C2806D9898901B1595853
S3150003404011612A60002038BD00211161F9E70024BF
S31500034050EDE70024E1E70024D5E70024C9E71C596E
S31500034060E5E71C59D9E71C59CDE71C59C1E705F00B
S3150003407001FF00BF38B50446002847D0002945D0C4
S315000340801046002A42D01D46002B3FD0136802215A
S3150003409001221B6898470023037043702368024676
S315000340A0E31A19880A2923D9588908B3205C1C28DE
S315000340B01ED10C291CD99B8904EB030CC3B1E1580F
S315000340C05CF801300CEB0100C31A1C88042C15D9CB
S315000340D09B88ABB913705CF80130C31A198806299B
S315000340E009D9DB883BB1C35C003B18BF012353707E
S315000340F02A60002038BD01235370F9E70023E9E75E
S31500034100C35C5C1E042C88BF0023E3E705F0B2FE04
S3150003411038B50446002854D0002952D01046002A48
S315000341204FD01D46002B4CD01368082104221B6870
S31500034130984700230360838023680246E31A19889D
S315000341400A292CD9588950B3205C062827D10C2973
S3150003415025D99B8904EB030C0BB3E3585CF80300E6
S315000341600CEB0301081A0488042C20D9808830BB81
S3150003417010605CF80300081A0488062C15D9C08859
S31500034180B8B910715CF80330CB1A1888082809D916
S315000341901B891BB1CB5C003B18BF012353712A60FB
S315000341A0002038BD00235371F9E70020E9E700201A
S315000341B0DEE7085C441E042C88BF0020E1E70858AC
S315000341C0D6E705F057FE00BF002070470020704772
S315000341D038B50446002855D0002953D01046002A86
S315000341E050D01D46002B4DD013680C2104221B68AA
S315000341F098470023C0E90133037023680246E31A94
S3150003420019880A292AD9588940B3205C312825D12F
S315000342100C2923D99B8904EB030CFBB1E3585CF807
S3150003422003000CEB0301081A0488042C01D98088C7
S31500034230F0B9012010705CF80300081A0488062CF4
S3150003424012D9C08890B950605CF80330CB1A18882D
S31500034250082806D91B8903B1CB5893602A6000202E
S3150003426038BD00239360F9E70020ECE70858EAE736
S3150003427008560028DDD0A0F10100B0FA80F040090D
S315000342804000D7E705F0F6FD38B50446002840D0D0
S3150003429000293ED01046002A3BD01D46002B38D0BD
S315000342A01368082104221B6898470023C0E90033DA
S315000342B023680246E31A19880A2920D95889F0B1D6
S315000342C0205C40281BD10C2919D99B8904EB030CCC
S315000342D0ABB1E1585CF801300CEB0100C31A1C8842
S315000342E0042C12D99B8893B913605CF80130C31A66
S315000342F01988062906D9DB8803B1C35853602A6097
S31500034300002038BD00235360F9E70023ECE7C358C8
S31500034310EAE705F0AFFD00BF70B50446002840D0BC
S3150003432000293ED01046002A3BD01D46002B38D02C
S315000343301368082104221B6898470023C0E9003349
S315000343402368E31A1A880A2A28D9598931B3615C82
S315000343506F2923D10C2A21D99B8904EB030CEBB1DA
S31500034360E1585CF801300CEB0102D31A1C88042CCB
S3150003437014D99E8802EB060E3EB193590433734457
S3150003438003605CF80130D31A1C88062C06D9DB8837
S31500034390D1181BB1D35804330B4443602860002063
S315000343A070BD05F067FD00BF38B50446002840D050
S315000343B000293ED01046002A3BD01D46002B38D09C
S315000343C01368082104221B6898470023C0E90033B9
S315000343D023680246E31A19880A2920D95889F0B1B5
S315000343E0205C5D281BD10C2919D99B8904EB030C8E
S315000343F0ABB1E1585CF801300CEB0100C31A1C8821
S31500034400042C12D99B8893B913605CF80130C31A44
S315000344101988062906D9DB8803B1C35853602A6075
S31500034420002038BD00235360F9E70023ECE7C358A7
S31500034430EAE705F01FFD00BF002070472DE9F843AA
S31500034440002405461C601E460F469046CBF7D8FE51
S315000344502B680446A5EB030CBCF80030082B29D9BE
S31500034460BCF80830C3B199281DD8202855F8039005
S3150003447026D1BCF80630E9187BB3EB584A46043319
S3150003448019443B6838465B6898470346B0FA80F0A0
S3150003449033604009BDE8F883992804D820284FF0F3
S315000344A001090DD1E5E7224640461449FEF79AFB7A
S315000344B00120EFE79928F6D820280CD04FF0010900
S315000344C03B6838464A4621461B689847306048B1E0
S315000344D00020BDE8F883062B0DD840460849FEF7B1
S315000344E081FBE5E7074A4B46404652F82420064936
S315000344F0FEF778FBDCE74FF00109BAE7E80D0400A5
S31500034500E00E04007C1904003C0E04000130800018
S31500034510704700BF884216D0B8B1B9B130B40B6842
S315000345200568AB420CD1002D12DD002301E09D424C
S315000345300ED050F8044F51F8042F01339442F6D0AD
S31500034540002030BC7047012070477047084670470B
S31500034550012030BC704700BF11289ABF024B53F8A5
S3150003456020000248704700BF2C1C0400180F0400EB
S31500034570024A136801331360704700BFD405002055
S315000345802DE9F0410446D0E902854068A8EB05070A
S3150003459097422844154408D80E463A46A5EB080523
S315000345A005F086FE2A466068F11905F081FEBFF321
S315000345B05F8FE560BDE8F0812DE9F8434FF0000910
S315000345C0064688461746D0E902243369151B9C42E2
S315000345D003F1FF3125BF03F1FF339B180B1B1B1B95
S315000345E0BD4228BF3D469D4228BF1D4670684146D1
S315000345F02A46204405F05CFEB2682C44A24208BF5A
S315000346000024A944A8447F1BBFF35F8FF460002FE7
S31500034610DBD14846BDE8F883F8B5164CA82200213D
S31500034620204605F0D4FD4FF48066002303211020B5
S31500034630114A124F124D21616161A261E76126623F
S31500034640A3626362E36222666566A0662367E36626
S315000346506367BFF35F8F0B4B9C46A3F11000ACEB74
S31500034660030213F9011D8342A154F8D1BFF35F8FEF
S31500034670F8BD00BFE8090020C40F0400E8050020C8
S31500034680D8050020841C040038B5214B00EB4004F8
S3150003469003EBC40EDEF82C40013000EB4000012C86
S315000346A08C46154603EBC00015D0022C0FD034BB45
S315000346B0DEF82830DEF8242093429CBFDEF8201073
S315000346C05B18013B9A1A95421CD9204638BDBDE8B2
S315000346D03840FFF771BFDEF82830DEF82440A342E6
S315000346E09CBFDEF820105B18013B1C1B944228BFBD
S315000346F0144661462246FFF743FF204638BD002491
S31500034700204638BD2A466146FFF73AFF2C46DCE7CA
S31500034710E8090020F8B50B4B04461B780D461646F0
S315000347206BB1EFF311874FF0200181F31188324605
S3150003473029462046FFF7A8FF87F31188F8BDFFF740
S315000347406BFFEEE7E809002010B50446D0E9013215
S31500034750501C984207D8236899540246E168636857
S315000347600131C4E902019A4200D010BD21682069D3
S31500034770FFF7D0FFA368984215BF4FF0FF3300231E
S31500034780E360A36010BD00BF2DE9F84F91420F46C9
S31500034790DDE90A94154683461E4668D30B464FF059
S315000347A00108B3FBF5F39D4208F10108F9D9B045B9
S315000347B038BFB04614F0010A02D1B9F1000F3DD15A
S315000347C0DBF80C30002B29DB012402E005FB04F4A3
S315000347D0013E012EFAD8B7FBF4F39D4205D805FB3B
S315000347E004F4B7FBF4F39D42F9D9224E06E0AC423A
S315000347F0B4FBF5F30CD31C46B7FBF3F3F15658465B
S3150003480004FB1377FFF7A0FFDBF80C30002BEEDA7F
S31500034810BAF1000F02D0B9F1000F09D1BDE8F88F44
S3150003482020215846FFF790FFDBF80C30002BF5DB11
S31500034830C14509F1FF39F3D8BDE8F88FA30711D4B1
S3150003484020240CE021465846FFF77EFFDBF80C30A8
S3150003485009F1FF39002BE1DBB9F1000FB2D0C145F5
S31500034860F0D8ADE7002E0CBF30242024F7E74FF035
S3150003487001089CE7881C04002DE9F04F002340241F
S315000348809BB00DF1280ACDE904A481460C461746D0
S31500034890CDE90633089006E004A8FFF755FF079B0A
S315000348A0002BC0F2AE8014F9011B002900F0A18091
S315000348B02529F1D10026234613F9012BA2F1230161
S315000348C00D2908D8DFE801F0800707070707070760
S315000348D07C0784070778A2F13001C9B209294FF092
S315000348E000050FD805EB850502EB450593F9002076
S315000348F01C46A2F13001C9B20929A5F1300503F11D
S315000349000103EFD92E2A00F0FC804FF0000B94F937
S31500034910001021F0040068281C465DD02529BBD071
S315000349205839CBB2202BBAD82029B8D801A353F8CB
S3150003493021F000BF0B4A03009F4803009F48030072
S315000349409F4803009F4803009F4803009F480300B6
S315000349509F4803009F4803009F4803009F480300A6
S31500034960EF4A0300854A03009F4803009F4803005C
S315000349709F4803009F4803009F4803009F48030086
S315000349809F4803009F4803009F4803009F48030076
S315000349909F4803004D4A03009F4803009F480300B6
S315000349A0274A03009F4803006B4A03009F480300FE
S315000349B09F4803000B4A03001C4646F002067AE7AB
S315000349C01C4646F0040676E71C4646F0080672E7E0
S315000349D01C4646F001066EE714F9011B21F0040399
S315000349E0682B9BD114F9011B21F00403682B95D185
S315000349F0F2E7079B002B04DD069C002C40F09A800F
S31500034A00234418461BB0BDE8F08F102239685B4675
S31500034A10081D386009680DEB0200CDE90056FFF763
S31500034A20B3FE079B3CE73B681A1D3A601D6815F900
S31500034A30011B00293FF433AF04A8FFF785FE079B4C
S31500034A40002BF4DA18461BB0BDE8F08F08230020CC
S31500034A50102239680D1D3D600968CDE900300DEB64
S31500034A600200FFF791FE079B1AE739685B46081DAC
S31500034A70386009680A22CDE9005604A8FFF784FEC8
S31500034A80079B0DE73B684FF00108191D39601B684A
S31500034A901A46039383EAE373A3EBE273092B09DD57
S31500034AA058481946A0FB03C3632908F101084FEAD6
S31500034AB0D303F6DCD84538BFD846002D43D1079932
S31500034AC000250B4600299CDB039B002B65DB730744
S31500034AD06FD406F00303022B74D05B460A22CDE99A
S31500034AE00056039904A8FFF74FFE079BD8E63B68D9
S31500034AF004A81A1D3A6093F90010FFF725FE079BD9
S31500034B00CEE694F90110A1F13002D2B2092A55D8A2
S31500034B101C464FF0000B0BEB8B0201EB420214F920
S31500034B20011FA2F1300BA1F13003DBB2092BF2D93D
S31500034B30631CEEE62246514648460393FFF7EAFD19
S31500034B40039B23445DE7039A06F00203002A1ADB5C
S31500034B50720718D4002B4CD0BBF1000F10D0F0070E
S31500034B600CD50DE0202104A8FFF7EEFD0799013DC2
S31500034B7000290B46FFF645AF002DA3D0A845F1D378
S31500034B8007990B469EE7013D13B1BBF1000FF7D022
S31500034B90F207F5D4002DF1D191E75B422D2104A84C
S31500034BA00393FFF7D1FD079900290B46FFF629AFBB
S31500034BB08FE72B2104A8FFF7C7FDF4E74FF0000B9F
S31500034BC00133A6E6BBF1000F87D1002D85D04545FD
S31500034BD016D9302104A8FFF7B7FD0799013D00292F
S31500034BE00B46FFF60EAF002DF1D10029FFF609AFF4
S31500034BF073E7F107C2D5079B002BBFF66EAF00E73D
S31500034C000B46F2E7CDCCCCCC0EB400B582B003ABE9
S31500034C1053F8041B01AA0193FFF72EFE02B05DF8B9
S31500034C2004EB03B0704700BF00F028B9022800D098
S31500034C3070470249024800F001BA00BF90290400F8
S31500034C40F4830020F0B53F4985B00020FFF7DCFF71
S31500034C503D490020FFF7D8FF3C490020FFF7D4FF6A
S31500034C60F8F75AF93A4CD4E8AF3FDA072FD5394A61
S31500034C70394E136839493A4D3A48134431602B602B
S31500034C80D0E8AF3FDB0703D401F051F8002842D147
S31500034C903548D0E8AF3F13F0010402D101F047F8DD
S31500034CA018BB3248324D2860FCF7A4FE044660B9AF
S31500034CB001462868FCF74EFC02462E4B214628681F
S31500034CC01A60FCF781FC2C4B186005B0F0BD20463A
S31500034CD001F02DF80028CAD0284A29491F4800F0B8
S31500034CE061FC204601F032F8C1E74FF4C847326849
S31500034CF02968244B0192CDE90244234A1B480097B5
S31500034D00FCF79CFC1D4A2149184800F04BFC164849
S31500034D1001F01CF8C5E71C48F8F754FA174A1C4972
S31500034D20194800F03FFC0F4801F010F8B0E70E48B1
S31500034D3001F009F800F0B2FC0A4801F004F800F0AB
S31500034D40ADFC00BFD00F0400D80F04008CFF030096
S31500034D50DC1F0020981C0400F083002004000020C0
S31500034D60EC830020480B0020900A0020940A0020C0
S31500034D70E8830020E4830020E08300200000002075
S31500034D80950E0300E01F00204C0B0020D9160300EC
S31500034D9045CF02002DE9F84F2DED048BDFED2A9A5E
S31500034DA09FED2A9ADFED2A8A9FED2A8A2A4D2B4EFA
S31500034DB0DFF8BC802A4FDFF8BCB0DFF8BC9005F102
S31500034DC0600AB5EC017A37EE697AF6EC017AC7EE3A
S31500034DD0096A77EEE87AD8F8003087EE887A5A6857
S31500034DE03868C2ED006A5B6883ED017AFCF780FFE1
S31500034DF0044620BB0123DBF800205068021D00EBAC
S31500034E008401F2EC017A91ED007AB4EE677AF1EE61
S31500034E1010FA48BF1C460133042BF0D14946002043
S31500034E20FFF7F2FE0F4B104953F824200020FFF73B
S31500034E30EBFE00200D49FFF7E7FE5545C1D1BDEC5A
S31500034E40048BBDE8F88F00BFCECDE541F4A1EA405F
S31500034E5014147042A496B84178000020180000206C
S31500034E60E883002008000020141004008CFF0300D0
S31500034E70E4830020E08300200C10040008B5FFF74C
S31500034E80E1FEBDE80840FFF785BF00BF4FF0FF30E6
S31500034E90704700BF01207047FEE700BF08B5FFF764
S31500034EA0C3FE002008BD00BF2DE9F84F0388DBB120
S31500034EB082464FF0000B4FF00109DFF8D080002443
S31500034EC0304D4FEACB07DAF8043035F8022BD919FF
S31500034ED0898891420AD00134032CF4D1BAF8003000
S31500034EE00BF1010B5B45EAD8BDE8F88FDB5909FAEC
S31500034EF004F603F0B853B3F1807FF6B298F8BB34E7
S31500034F0013D0334231D1204A04F1200612F8163069
S31500034F10DB09E0D012F81630012123F08003C82004
S31500034F2002F8163000F0B0F9D5E7334211D0164A2D
S31500034F3004F1200112F81130DB09CCD112F811303B
S31500034F40C82043F0800302F81130012100F09CF9D8
S31500034F50C1E7012000F060FA98F8BB34012033431F
S31500034F6088F8BB3400F028FAE1E7012000F054FA90
S31500034F7098F8BB34012023EA060388F8BB3400F013
S31500034F801BFAC0E7342C04000030084000E001405F
S31500034F90F8B50646FFF788FFEFF31082012383F384
S31500034FA01088234F3B681BB92249CB704023CB7033
S31500034FB03B6801333B6082F31088338823B30021B7
S31500034FC01D4D08E01B01134445F823403288013187
S31500034FD08BB29A4218D9736853F8314003EBC10276
S31500034FE09288E0034FEA1223D2B2EBD502EB031009
S31500034FF055F820E024F4803C2EF4803E45F820E06A
S315000350001B0145F820C0DEE7EFF31082012383F38B
S3150003501010883B6813B13B68013B3B603B681BB997
S3150003502080200449CB70C87082F31088F8BD00BF96
S315000350303C840020000D08400008084008B5034BD7
S3150003504003600846FFF7A4FF002008BD54524F50E3
S31500035050064B074993F826001A6A51F82030C2F323
S3150003506002620449D3400B60704700BF00E0014071
S31500035070400500204C840020704700BFF8B54AF273
S31500035080035001234549464AA1F8FE03A2F8043119
S31500035090B2F804319BB2002BFAD101204FF400453C
S315000350A04FF0090C3F4CDFF818E13F4EC4F804E01B
S315000350B0DFF810E13D4FC4F80CE0A2F800013C4ACA
S315000350C03649B06030602760A5602561626191F85A
S315000350D02620086A54F82220364EC0F30260C240E6
S315000350E0326081F8133481F8A2C091F880341BB979
S315000350F091F8813499074CD0284D95F88034002BCC
S315000351003CD00022254B83F8812483F88024002396
S31500035110224981F8323091F83C301A07FBD543F225
S31500035120021000231D4A088581F82A3092F83C3084
S315000351309B06FBD50320052319494FF0F10C81F893
S315000351401C011D49116282F8263092F82630156A31
S3150003515054F82300C5F30264E04030600123F024D1
S315000351604FF42540154981F80CC00B720C7382F875
S31500035170303082F85230A2F8FE03F8BD0121C82070
S3150003518085F8801400F080F895F88034012BFBD164
S31500035190B7E74FF47A70FFF76FFFB8E700E0014017
S315000351A000C001404005002000700040002D310181
S315000351B000C2EB0B4C84002021120120002000408A
S315000351C000127A0000366E0138B50025284C0121FD
S315000351D0C82084F8285000F057F884F8245094F82F
S315000351E02430002BFBD194F82430214943F00203E9
S315000351F084F8243091F82430C3F340009B07F9D494
S315000352001B4A81F8220092F8223003F0FF00002B9C
S31500035210F9D192F84030164960F3C71382F840304B
S3150003522091F84030DB09FBD191F84200104A63F351
S31500035230C71081F8420092F84230DB09FBD192F89D
S3150003524044000B4963F3C71082F8440091F84430D5
S31500035250C3F3C014DB09F9D1012000F0DDF8054BD7
S31500035260012083F8BB44BDE8384000F0A5B800BF71
S315000352700030084000E0014000BEFEE7A0F1010057
S315000352800028FBD1704700BF1F4B204A1B6800FB59
S3150003529001F1934213D302F1854202F5071203F596
S315000352A0741302F6834203F6FF03A2FB03231B0DCB
S315000352B0A3FB01314FF0FF30F9B1FFF7DFBF4FF426
S315000352C07A7210B4A1FB02C41148B0FBF3F34FF09A
S315000352D0FF3044B9BCFBF3FC4FEA9C0088B15DF890
S315000352E0044BFFF7CBBF9B00B1FBF3F1A1FB02120B
S315000352F0002AF4D1084620B1F1E71846002BDCD189
S3150003530070475DF8044B70474C84002000127A0006
S3150003531000CA9A3B70B500240B4B0C4EB3F8202100
S31500035320B3F84051ADB2154025FA04F3DB0704D5B3
S3150003533056F82430E0B203B198470134102CF3D168
S31500035340014BA3F8305170BD00600040FC83002080
S3150003535010B5032084B000F05FF84FF0FF326FF012
S31500035360FF011148114B04889964CDE90122039288
S315000353701CB16FF001031A4601930C490C4B0A67E3
S31500035380C3F88022029A03204A67C3F88422039A49
S315000353908A67C3F8882200F00FF814B1054BC3F8E7
S315000353A0004304B010BD00BF142D0400008000406C
S315000353B000E100E000600040EFF31081012383F376
S315000353C01088124B33F8102092B22AB133F810200A
S315000353D0013A92B223F8102033F810309BB293B9F6
S315000353E010B40B4A0B4CB2F8FE3334F810009BB2E0
S315000353F043F4254323EA0003A2F8FE3381F310881E
S315000354005DF8044B704781F3108870474084002091
S3150003541000E00140182D040030B4EFF3108101239E
S3150003542083F310880E4A32F810309BB26BB90D4CD9
S315000354300D4DB4F8FE3335F810C09BB243EA0C03A6
S3150003544043F425439BB2A4F8FE3332F810300133FC
S315000354509BB222F8103081F3108830BC704700BF2E
S315000354604084002000E00140182D040000BE704770
S3150003547008B500F035F8FFF711FDFEE7F8B5174F4D
S3150003548005463E68A6B17C6806EB460604EB86062F
S3150003549002E00C34B4420BD0637AAB42F9D1D4E9BF
S315000354A000020021121A0C3404F091FEB442F3D127
S315000354B0BE6896B1FC6804EB061602E01034A642F9
S315000354C00BD0637BAB42F9D1D4E90002A168121A6F
S315000354D0103404F0EDFEA642F3D1F8BD3C2C0400D3
S315000354E04FF47001274B284A70B50020C3F8881083
S315000354F09A60FFF79BFBFFF7C1FD0120FFF796FBC1
S31500035500224B83F30A880020FFF7B8FFFFF7A0FDBD
S31500035510FFF75AFE0320FFF77FFF00234FF6FF70C6
S315000355201B4903F108020133092B21F81200F8D1B4
S3150003553000240320FFF740FF0320FFF76DFF154B01
S3150003554003205C609C60DC601C61FFF735FF022072
S31500035550FFF76CFB0120FFF791FF0F4D0F4B5B1B12
S31500035560A3424FEAA30605DD55F8043B01349847E9
S31500035570A642F9DCFFF7ECFEBDE87040002000F020
S315000355800FB800BF00ED00E000000000400100205E
S31500035590000D084000000E40343404003834040083
S315000355A0704700BF0B460146184604F07FBC7FB523
S315000355B00024102315461268CDE902340368CDE9A9
S315000355C000449E696B46B0479DF8043003F006031A
S315000355D0062B05BF009B012020462B6004B070BD3F
S315000355E0009890420CBF062001207047034B10B56C
S315000355F00446036000F02FFC204610BD582D04001E
S3150003560010B50446FFF7F2FF0821204600F044F8E0
S31500035610204610BD2DE9F041DDF818801F460646E9
S315000356201546DDE90834984507D1079900F016FCBD
S3150003563018B165710020BDE8F0813946304600F0A7
S315000356400DFC0028F6D00123C4F800802571A37150
S31500035650F0E738B515461C4600F000FC20B10823D8
S315000356602560E3600623237138BD2DE9F041054625
S315000356700C4616461F4600F0F1FB48B9032F07D820
S3150003568023683246294620465B69BDE8F041184740
S31500035690BDE8F08104F0F6BBFFF7FCBF1EB400F0D3
S315000356A09CF81EBC04F0A4F90378472B17D1437862
S315000356B04E2B14D18378552B11D1C378432B0ED19E
S315000356C00379432B0BD143792B2B08D183792B2BCE
S315000356D005D1C07901288CBF002001207047002026
S315000356E0704700002DE9F3411D4603780E46024636
S315000356F0472BC17913D143784E2B10D18378552B81
S315000357000DD1C378432B0AD10379462B07D14379AD
S315000357104F2B04D18379522B01D1002930D0104667
S31500035720FFF7C2FF80F001040023E4B200200190DA
S315000357304BBB54BB01290ABF52F8203CA2F12003FC
S31500035740783B01290CBF52F8202C58321C68019271
S31500035750236820469B689847C8B1019B02271B68AC
S315000357600193336801AA21463046D3F810800123FA
S31500035770C04770B1019B2B60384602B0BDE8F0818B
S3150003578001230C46D2E7044CE2E7044CE0E7012789
S31500035790E7E70746F0E700BF9C2D0400C82D040089
S315000357A010B5044600F032F802462046A4F1200163
S315000357B0FFF77AFF60B154F8043C0133012B44F838
S315000357C0043C03D1936844F8083C9160012010BD62
S315000357D09368002BF9D000F095FA10B500F016F88F
S315000357E0826801460AB900F08DFA02F120042046C8
S315000357F0FFF75AFF40B1D369013BD36113B99069EF
S3150003580088609361204610BD8860FBE700487047B7
S315000358105084002000231A4630B510F8015B05F0CA
S315000358207F049440073223432C06F6D40B6030BD25
S3150003583000231A4630B510F8014B04F07F05954056
S3150003584007322B432506F6D41F2A06D8640642BF21
S315000358504FF0FF3404FA02F213430B6030BD5028B5
S315000358602DE9F3410646884615461F4608D1D01C46
S3150003587020F0030050F8044B3C6002B0BDE8F08111
S3150003588000F00F030C2B2ED8DFE803F025071D25A8
S31500035890292D2D2D2D182125290001A92846FFF78D
S315000358A0B9FF019C002CE7D006F07003102B08BF4C
S315000358B0A8463306444448BF2468DDE701A92846C1
S315000358C0FFF7B6FFEDE7284630F8024BEAE728462E
S315000358D030F9024BE6E7284650F8044BE2E7284640
S315000358E050F8084BDEE704F0C5FA08B50346084648
S315000358F0FF2B0DD003F07003302B0FD004D8202BD1
S3150003590008D005D904F0B6FA402B0BD0502BF9D1A9
S31500035910002008BDBDE8084004F087BABDE808408A
S3150003592004F080BABDE8084004F06CBA70B50C46C2
S3150003593015461E4601462046FFF7D7FF3346014666
S315000359402A462046BDE87040FFF789BF73B50C466B
S315000359501546064608B104F055FA2246286012F8A1
S31500035960011BFF291CD02B1D3046FFF7DFFF024624
S31500035970104610F8013BFF2B14D0102301A92B75F9
S31500035980FFF748FF019B0344EB6001A910F8013BB5
S315000359906B75FFF73FFF019B03442B6102B070BD9C
S315000359A06860E5E72B750023EEE71FB503AB0A46F0
S315000359B000930023194603F037FC039805B05DF8FE
S315000359C004FB00002DE9F04F002393B005460C4677
S315000359D0079300F003031646012B10D0022B03D0C6
S315000359E0002B3BD101073BD53146204604F0F4F9A1
S315000359F018B1092013B0BDE8F08F0820FAE70207B3
S31500035A0023D5022305F008050C2230460C941D43CA
S31500035A100CAB00930023194603F02CFC062D21D171
S31500035A20D4F83080B8F1000FD4E90A790CBF4FF0EF
S31500035A30010A4FF0030A15F0080500F00981BAF1CF
S31500035A40010F40F0018100F05DF90F6A30460D2128
S31500035A50FFF7ABFF8742D4D10623D3E704F00AFA54
S31500035A600123CFE7304604F0D3F981460028BBD0A3
S31500035A700CAA01463046FFF769FF9DF844B031464C
S31500035A8003905846FFF731FF0F2102900E903046E0
S31500035A90FFF78BFF20F00108039A08F1FF38109FE8
S31500035AA0974215D800274FF0010AB846EB07C2D52F
S31500035AB0BAF1020F98D0079D0D213046FFF775FF07
S31500035AC0C4F83080C4E90805C4E90A79062091E7D9
S31500035AD09DF845A008AB00205146FFF727FF09AB09
S31500035AE0024651460020FFF721FF0AAB0246514604
S31500035AF00020FFF71BFF0BA9FFF78CFE0C9B0899F1
S31500035B0002460B44434551D809990B444345C6D92C
S31500035B10DDF82880B8F1000F01D00D9B98440B9B4C
S31500035B20002B3BD0B8F1000F3FF45EAF15F008022F
S31500035B3004923DD0472222704E2262705522A270F3
S31500035B404322E270462222714F2262715222A271CF
S31500035B500022E271013BF8180023039309A9FFF71A
S31500035B6067FE0AA90590FFF763FE099F002F68D019
S31500035B7042DDBBF1FF0F3BD00BF00703042B3FF6CF
S31500035B806DAF01A252F823F0C35B03005D5A030015
S31500035B90F55B0300C35B0300ED5B0300B8F1000F85
S31500035BA03FF422AF00274FF0020A7FE73A4676E733
S31500035BB0E279012A0CBF54F8202C04F1580207920B
S31500035BC0C8E704220F990BAB584607FB121202993A
S31500035BD0FFF745FE0B9931B13CB307AB00222046D4
S31500035BE0FFF780FD08B34FF0030A5FE70822E9E7F2
S31500035BF00022E7E70222E5E76FF040420F9BD21B44
S31500035C0003EB820AC4B10499B1B9079BAAF1040A4A
S31500035C100B935AF8041F0029E5D00BAB002251441D
S31500035C202046FFF75FFD0028F3D00A98002859D0D5
S31500035C30059B0344184691E753F82230002BF4D111
S31500035C40D1E701230393F0E7002F1FDA00F06AF888
S31500035C50BAF1010F02D1204600F055FB002F15DAE9
S31500035C600CAA49463046FFF771FE31469DF84400BB
S31500035C70FFF73BFEFA430F9B03EB820353F8252002
S31500035C8052BB0422C4E90A50C4E90C2300230BAD1A
S31500035C9030460B941A461946009503F0EBFA002397
S31500035CA001223046194600950B9703F0E3FA0F21BC
S31500035CB03046FFF77AFE00F0010000230F2240EA88
S31500035CC00800009519460B90304603F0D3FABAF153
S31500035CD0020F03D007208DE60135CFE72046FFF7F5
S31500035CE05FFDF7E7039B002B3FF47EAE5AE700BF49
S31500035CF008B5804704F0BEF8014BD3E8AF0F7047F1
S31500035D00DC00002008B5FFF7F7FFFFF7F1FF08B542
S31500035D108047FFF7F7FF0000014BD3E8AF0F70474B
S31500035D20D800002008B5FFF7F7FFFFF7F0FF02687A
S31500035D300346D20705D4427802B1FFDE012058702C
S31500035D4070470020704700234370704701230360A8
S31500035D5070470000034B10B504460360FFF746FC8B
S31500035D60204610BD0C2E040010B50446FFF7F2FFC3
S31500035D700C212046FFF790FC204610BD2DE9F0418B
S31500035D80DDF8188006460F46154690451C460BD08F
S31500035D90B0682A4639460368CDF818801E6A23463A
S31500035DA0B446BDE8F0416047194600F057F80028AD
S31500035DB0EED00620BDE8F0812DE9F14F0D461946D8
S31500035DC0814617469846DDE90A4BDDE90CA600F045
S31500035DD045F890B1002D3460377109DB2C44A24598
S31500035DE014BF01240624B471002001B0BDE8F08F6E
S31500035DF00235F9D10123B371F6E7544506D1594665
S31500035E00484600F02BF808B17771EDE7D9F808009A
S31500035E103A4629460368CDE90CA6CDE90A4BDC6967
S31500035E204346A44601B0BDE8F04F60472DE9F04173
S31500035E3007460C4615461E46FFF70BFC48B9B868DD
S31500035E402A46214603689F693346BC46BDE8F041AE
S31500035E506047BDE8F081704700207047814208B56E
S31500035E600ED0406803782A2B0CD049680B782A2B6E
S31500035E7008BF013104F012FAB0FA80F0400908BDF8
S31500035E800120FCE70020FAE7034B10B50446036044
S31500035E90FFF7ACFB204610BD842E040010B5044664
S31500035EA0FFF7F2FF18212046FFF7F6FB204610BD49
S31500035EB02DE9F74FDDF830A00546884616465245CC
S31500035EC0994605D0EF6805EBC70547B9012020E0E1
S31500035ED01946FFF7C3FF0028F4D0062019E0EC6843
S31500035EE0A30719D5221214F0010404D018F1030FE5
S31500035EF012D033689A58A868324441460368CDF8ED
S31500035F0000A0D3F820B04B46D847032804D9204332
S31500035F10C0B203B0BDE8F08F013F083DD5E7F0B44A
S31500035F200D1E1646049C06DB2E44B4420CBF062007
S31500035F300120F0BC7047023505D0056804942C6A2D
S31500035F40A446F0BC60470120F3E72DE9F04F91B07A
S31500035F5081460F461D9CCDE90523A3681C9ADB06E3
S31500035F6044BF8368A3601A9B934208D11B99FFF72A
S31500035F7075FF20B1059B63714FF0000883E0069916
S31500035F804846FFF76BFF98B11A9B002F2360059BCA
S31500035F90237108DB1A9B1F441C9BBB4214BF0127BA
S31500035FA00627A771E8E70237E6D10123A371E3E7E2
S31500035FB0002F4FF0020C4FF00008AABF1C9B07905E
S31500035FC0DB1BCDF82880A8BF07930123CDE908C3BF
S31500035FD0059B43F001030B93D9F80CA009EBCA0BFD
S31500035FE0BAF1000F09D10A9B002B4CD0089B012B59
S31500035FF049D00123CDE9083AEEE70023A568CDE9A8
S315000360000D33DBF80C300F95DE074FEA232143BF30
S315000360101A980B9A0068059A48BF41581A98014482
S31500036020079838B18842099E2CBF00200120B04250
S3150003603000F0B480980706D4BB1C02D1AE0700F06B
S31500036040AF8002F0FD02DBF808000DAD036803958F
S315000360501C9D02951B9DCDE900153946DD69069BFE
S31500036060A84763799DF839209DF83A5013430D9953
S31500036070062D637101D0022D09D19DF838302160B8
S315000360802371A5718046404611B0BDE8F08F2268A2
S31500036090B8F1000F13D1A2B99DF8382021602271FF
S315000360A021B11BB1D9F80830DD07EBD56379042B91
S315000360B0E8D00AF1FF3AABF1080B804690E7002AD5
S315000360C037D0914206D123799DF8382013432371A3
S315000360D04046EBE709B90028FAD0032BA67904D981
S315000360E0D90729D5A3689B0726D57EB9032D05D9DC
S315000360F0EE0742D5D9F8083098073ED51C9B39469A
S31500036100069800931B9BFFF70AFF0646E5B9032E85
S3150003611005D9F10733D5D9F808309A072FD51C9B33
S3150003612039460D9A009306981B9BFFF7F8FE054622
S315000361300AE00029D1D1CBE7012E38BF0126012D74
S3150003614038BF0125F6B2EDB285EA0603DBB2032BAF
S3150003615017D9032D83BF0D9B2E460020404684BFCF
S3150003616023609DF83830A67188BF2371B30702D424
S3150003617016F001069AD1002084E70126E4E70125FB
S31500036180E2E735400023EDB22360032D03D9022352
S315000361900120A37176E70120A07187E701230A9303
S315000361A0404686E72DE9F04F8BB005461C46049121
S315000361B00192FFF74EFA002862D1D4F808904FF007
S315000361C0000AD5F80C800DF1180B19F0100F05EB2A
S315000361D0C80718BFD5F8089009F001030593B8F16D
S315000361E0000F04D12079003818BF012049E0FA686E
S315000361F0CDF818A002F001038DF81CA0029302F05B
S31500036200020303930399059B0B43CDE9089A03D134
S3150003621008F1FF38083FE2E7019B002B34D0029BCD
S31500036220121213B1019B1B689A58019B1A44B86852
S31500036230049903689B691E465B46B0470028E7D06E
S31500036240099B082B03D1029B0BB1BB6809939DF8ED
S315000362501C30032B05D9039A1AB923F002038DF8D0
S315000362601C30E168C1B99BE80F0084E80F0023796D
S31500036270032B05D99A0709D5AB6813F0010FC7D1CC
S3150003628001200BB0BDE8F08F019AD0E7DB07F7D505
S31500036290AB6813F0020FF2E72368069A934204D021
S315000362A00023236002232371EAE72BB123799DF8A8
S315000362B01C2013432371ABE709980828F2D0082959
S315000362C0F0D0FFF7CBFD0028F0D1EBE70378472B9F
S315000362D017D143784E2B14D18378552B11D1C3781C
S315000362E0432B0ED10379432B0BD143792B2B08D1A7
S315000362F083792B2B05D1C07901288CBF002001207F
S3150003630070470020704710B5044648B100F03BF8CB
S315000363102046FFF7DBFF18B154F8140CFFF7E8FC2F
S31500036320FFF7F0FC38B50246FFF7D0FF044640B14D
S3150003633052F8184C0025104600F025F81DB1FFF75A
S31500036340F1FC0125F7E72046FFF7E1FC0378472B2D
S3150003635017D143784E2B14D18378552B11D1C3789B
S31500036360432B0ED10379432B0BD143792B2B08D126
S3150003637083792B2B05D1C07901288CBF00200120FE
S3150003638070470020704738B50446FFF73FFA0246C8
S3150003639005682046A4F12001FFF7D8FF28B90DB1FF
S315000363A0FFF7B0FC1160284638BD54F80C3C204674
S315000363B0002BB4BFC3F1010301338D4244F80C3CF7
S315000363C0536803F1FF3353601CBF44F8105C11603C
S315000363D0656A02F027FFE6E708B52DED048BB0EEFC
S315000363E0408AF0EE608A00F08BFCB0EE409AF0EE45
S315000363F0609AB0EE480AF0EE680A00F027FA78B120
S3150003640019A3D3E9002351EC180B02F009FB70B969
S3150003641017A3D3E9002351EC180B02F0E3FA98B95A
S31500036420B0EE490AF0EE690ABDEC048B08BD9FED98
S315000364300A9B03F02BFF2223B0EE490AF0EE690A0A
S315000364400360BDEC048B08BD03F020FF22239FED00
S31500036450049B0360E4E700BF000000000000F07F38
S315000364600000000000000000EF39FAFE422E8640CD
S3150003647051302DD5104987C0002170B555EC104B0E
S31500036480064625F000430160114883421DD8204685
S3150003649018431AD00F482A46284058B900220E4BF3
S315000364A02046294602F02CF80A4621F0004304460A
S315000364B06FF035016FF31E521B1542F07F55A3F2A1
S315000364C0FE3345F400150B44336045EC104B70BDA9
S315000364D0FFFFEF7F0000F07F0000504308B52DED6E
S315000364E0028BB0EE408A00F0A5FEF0EE408AB0EED5
S315000364F0480A00F0B9F968B1DFED127AB4EEE78A1B
S31500036500F1EE10FA0BDCDFED107AB4EEE78AF1EE6A
S3150003651010FA0FD4B0EE680ABDEC028B08BDDFEDAE
S315000365200B8A03F0B3FE2223B0EE680A0360BDECC8
S31500036530028B08BD03F0AAFE2223DFED058A036062
S31500036540E8E700BF1772B142B5F1CFC20000807F02
S315000365500000000008B52DED028BB0EE608AF0EE68
S31500036560408A00F059FFB5EE408AF1EE10FA04D1E5
S31500036570F4EE488AF1EE10FA02D7BDEC028B08BDA1
S3150003658003F084FEDFED047A212387EEA70A036076
S31500036590BDEC028B08BD00BF0000000008B52DED61
S315000365A0028BB0EE408A00F0DDFFB4EE488AF1EECE
S315000365B010FA0FD6B5EEC08AF1EE10FA0ADCB5EE84
S315000365C0408AF1EE10FA08D103F060FE22239FED14
S315000365D0090A0360BDEC028B08BD03F057FE2122B6
S315000365E003460548BDEC028B1A60BDE8084000F07F
S315000365F07DBA00BF000080FF840D040008B52DEDB1
S31500036600028BB0EE408A00F0A1FAB4EE488AF1EEAE
S3150003661010FA06D6DFED098AB4EEE88AF1EE10FA2F
S3150003662002D4BDEC028B08BD03F030FE88EEA80A47
S3150003663021230360BDEC028B08BD00BF00000000F0
S3150003664010EE103A1E4923F000428A421AD9B2F1DB
S31500036650FF4F02D330EE400A704700B583B0684659
S3150003666001F07CF800F00300012818D002280DD0B1
S31500036670F0B9DDED010A9DED000A00F011FD03B04E
S315000366805DF804FBDFED0F0A00F00ABDDDED010A3C
S315000366909DED000A00F004FDB1EE400AEFE7DDEDE3
S315000366A0010A9DED000A00F07DFDB1EE400AE6E722
S315000366B00120DDED010A9DED000A00F073FDDEE722
S315000366C0D80F493F0000000010EE103A1F4923F08F
S315000366D000428A421BD9B2F1FF4F02D330EE400A81
S315000366E0704700B583B0684601F038F800F0030040
S315000366F001281BD002280FD0F8B90120DDED010ACD
S315000367009DED000A00F04EFD03B05DF804FB00208A
S31500036710DFED0F0A00F046BD0120DDED010A9DED18
S31500036720000A00F03FFDB1EE400AEDE7DDED010A98
S315000367309DED000A00F0B4FCE6E7DDED010A9DEDF0
S31500036740000A00F0ADFCB1EE400ADDE7D80F493F81
S315000367500000000030B52DED028B83B08DED010AEC
S31500036760019C24F00043B3F1FF4F10D3334B002CAD
S3150003677093ED007AD3ED007A39DBF0EE406A87EECB
S31500036780260A30EE270A03B0BDEC028B30BD2C4A35
S3150003679093420FD9294A2B4B92ED000AD3ED007A87
S315000367A030EE670A002CB8BFB1EE400A03B0BDEC69
S315000367B0028B30BDB3F1105F23D3B3F17E5F2AD3CF
S315000367C0214D01F007F9D5ED007A20EE270A00F0F6
S315000367D055F81A4BD3ED007A95ED006A95ED007ADC
S315000367E037EE007AC6EE076A37EEE60ADAE7DDED3C
S315000367F0016A87EE260A30EE670A03B0BDEC028B08
S3150003680030BD0E4BDDED017A93ED000A30EE270A1B
S3150003681020EE270AB7E70C4D95ED008A01F0DAF86A
S3150003682028EE400A00F02AF8D5ED007AB1EE407A58
S3150003683077EE807A87EE270AB4E700BFB02E04000E
S31500036840FFFFAF41A82E0400AC2E040082B005481A
S315000368508DED000B019B23F000431844C00F02B0DB
S31500036860704700BF0000108010EE103A23F000407E
S31500036870B0F1FF4FACBF00200120704710EE103A75
S315000368808B4923F0004203F000438A422ED9B2F12A
S31500036890FF4F00F2918000F0D980002B40F08F80EB
S315000368A084498A4200F2F580002B40F088809FEDF0
S315000368B0827AF6EE007A20EE077A77EE877A9FEDF4
S315000368C07F6ADFED7F6AFDEEE77AB8EEE77A17EEC9
S315000368D0903AF0EE407AE7EE467A27EE267A37EEDE
S315000368E0C70A77EEC07A77EEC77A07E075498A4218
S315000368F054D8B2F14C5FC0F093800023F6EE002A21
S315000369009FED712A9FED714AB7EE003ADFED704AAB
S31500036910B0EE086A60EE223ADFED6E6A9FED6E5ABC
S31500036920F1EE085A20EE237AA7EE024AE4EE074A6E
S31500036930E4EE876AA6EE875AF0EE436AE5EE076A47
S31500036940A3EEE66AE0EE465A36EEC66AC6EE256A58
S3150003695066EE876A002B5ED076EEE76A5A1CD6EEA1
S31500036960807A77EEC77A6AD0012B44D05A1CD905B0
S31500036970392A71D8162B7BDC4FF0807277EEC07AFA
S3150003698042FA03F3C3F17E5307EE103A77EE677AC2
S3150003699017EE903ACB1800EE103A70474F498A42E9
S315000369A01DD8DFED467A002B43D070EE277A4FF0E1
S315000369B0FF339FED4B7A92E730EE000A7047DFED27
S315000369C0497A70EE277AF5EEC07AF1EE10FA6CD4B6
S315000369D09FED397AFEEE007A20EE077A6DE7FEEE3A
S315000369E0007A9FED357AF6EE006A002B20EE077AE1
S315000369F046FEA77A61E7BDEE007AB4EEC70AF1EE6A
S31500036A0010FA49D570EE222AB8EE000A77EEE27A3A
S31500036A1027EE800A704790EE267A30EE470A7047D3
S31500036A20DFED317A70EE277A77EEE77A30EE670A92
S31500036A30704770EE677A01239FED217A4FE770EE78
S31500036A40677ABEEE000AA7EEA20A7047FFEE007A47
S31500036A50002B00FE270A704777EEC07A73EE677A3B
S31500036A6017EE903A194407EE901A37EEC30A7047A9
S31500036A70C3F17F03DB0507EE103A77EE877A30EE34
S31500036A80670A30EE030A10EE103A0B4400EE103A92
S31500036A907047002000F054B870EE677AB0EE007AC3
S31500036AA0A7EE873AB0EE430A7047BFEE000A704777
S31500036AB043B895411772B1423BAAB83F8071313F43
S31500036AC0D1F717371872B13EBBED57B4547E8636ED
S31500036AD0CD70A6B8010DD03A898808BD9115853FBA
S31500036AE0D1F717B76042A20DCAF249719FED010AA9
S31500036AF0704700BF0000C07F10B52DED028BB0EECE
S31500036B00408A044603F0C2FB0460B0EE480ABDECBB
S31500036B10028B10BD30B1F1EE407A222027EE800AB7
S31500036B20FFF7EABFF0EE407A222027EE800AFFF74E
S31500036B30E3BF00BF9FED010AFFF7ECBF00000010A3
S31500036B409FED010AFFF7E6BF00000070B1EEC00A31
S31500036B50704700BF0000000051EC100BC1F30A534D
S31500036B602DE9F041A3F2FF350C460646132D32DC20
S31500036B70002D20DB384B0F4643FA05F801EA0803DC
S31500036B8003432DD032A3D3E9002301F003FB0022F4
S31500036B90002301F045FF40B1002C03DA4FF48013C4
S31500036BA02B411F4427EA080400262346324643ECBA
S31500036BB0102BBDE8F08126A3D3E9002301F0EAFAFE
S31500036BC00022002301F02CFF0028EED0002C2ADB44
S31500036BD000263446E9E7332D06DDB5F5806F1BD075
S31500036BE041EC100BBDE8F081A3F213434FF0FF37DE
S31500036BF0DF400742F4D016A3D3E9002301F0CAFA13
S31500036C000022002301F00CFF0028CED0002C3346CF
S31500036C1010DB23EA0706C8E702460B4601F0BAFA79
S31500036C2041EC100BDEE724F0004426430DD14FF070
S31500036C300044BAE7142D06D0C5F134050122AA4053
S31500036C401344B342E5D20134E3E70026034CACE731
S31500036C509C7500883CE4377EFFFF0F000000F0BF01
S31500036C6053EC102BC3F30A509C46A0F2FF311329B1
S31500036C7010B5964619DC002911DB1F4C0C4104EABA
S31500036C800300104316D04FF4002300200B41634446
S31500036C9023EA040C6346024643EC102B10BD013174
S31500036CA003F0004C22D00020F4E7332905DDB1F5CB
S31500036CB0806F14D043EC102B10BDA0F213404FF09D
S31500036CC0FF34C4401442F5D0C1F13301012088409A
S31500036CD0801828BF03F1010C20EA0400DAE7104606
S31500036CE0194601F057FA41EC100B10BD4CF07F5CCE
S31500036CF000204CF4401CCDE7FFFF0F00000000000E
S31500036D002DE9F04755EC104B25F00042D84986B0E3
S31500036D10EE0F8A420DD9D7498A4271D9C5F31303B7
S31500036D202246234340F05381002E66D09FEDB80BD5
S31500036D3063E0D14B9A4200F22F81D04B9A4240F244
S31500036D40148122462B462046294601F0D9FB0646E6
S31500036D500F46B1A3D3E9002301F0D2FBB0A3D3E9D5
S31500036D60002301F015FA32463B4601F0C9FBAEA3F8
S31500036D70D3E9002301F00EFA32463B4601F0C0FB8D
S31500036D80ABA3D3E9002301F003FA32463B4601F0F5
S31500036D90B7FBA9A3D3E9002301F0FCF932463B462E
S31500036DA001F0AEFB02460B462046294601F0F0F9F8
S31500036DB0CDE90201DDE902892046294642464B46D2
S31500036DC001F09EFB06460F4600224FF080434046E5
S31500036DD0494601F0DDF902460B463046394601F0D5
S31500036DE0B9FC22462B4601F0D3F902460B46002096
S31500036DF0A34901F0CDF941EC100B06B0BDE8F087CD
S31500036E008FA3D3E900232046294601F009FE07464E
S31500036E10002840F0E680204629468BA3D3E90023C9
S31500036E2001F0E0FD002840F03581964B20462946C7
S31500036E3003EBC60686A3D3E9002301F061FBD6E97B
S31500036E40002301F0A7F901F0F5FD824601F0EEFA01
S31500036E5006460F4680A3D3E9002301F051FB024601
S31500036E600B462046294601F093F98046894630466B
S31500036E7039467BA3D3E9002301F042FBCDE90001A8
S31500036E80DDE900234046494601F082F902460B46F6
S31500036E9004460D4601F034FB06460F465EA3D3E9CE
S31500036EA0002301F02DFB5EA3D3E9002301F070F963
S31500036EB032463B4601F024FB5BA3D3E9002301F0F2
S31500036EC069F932463B4601F01BFB59A3D3E900237C
S31500036ED001F05EF932463B4601F012FB56A3D3E9B5
S31500036EE0002301F057F932463B4601F009FB0246FF
S31500036EF00B462046294601F04BF906460F46204627
S31500036F00294632463B46CDE9026701F0F9FACDE957
S31500036F100401BAF1000F3FF44DAF32463B46002061
S31500036F204FF0804101F034F902460B46DDE90401D6
S31500036F3001F010FC02460B46DDE9000101F028F9D9
S31500036F4042464B4601F024F902460B4600204C49C3
S31500036F5001F01EF96FF47F72924548DB01EB0A518B
S31500036F6041EC100B06B0BDE8F0873FA3D3E900233D
S31500036F702046294601F00EF90022414B01F050FD4F
S31500036F8000283FF4DEAE00223D4B2046294601F0A1
S31500036F9001F941EC100B30E73B4B9A423FF645AF04
S31500036FA03A4B20462946F40003EBC60386F0010A52
S31500036FB0D3E9002301F0ECF8354B80468946234498
S31500036FC0AAEB060A93ED007B8DED007B58E72B4673
S31500036FD02046294601F0DEF841EC100B06B0BDE869
S31500036FE0F087002006B0BDE8F04700F031BD0AF592
S31500036FF07A7A00224FF0B87301EB0A5101F080FA56
S3150003700041EC100B06B0BDE8F08700BFAFF300807C
S315000370100000000000000000D0A4BE726937663E7F
S31500037020F16BD2C541BDBB3E2CDE25AF6A56113F7F
S3150003703093BDBE166CC1663F3E5555555555C53F66
S31500037040EF39FAFE422E864051302DD5104987C0BE
S31500037050FE822B654715F73F0000E0FE422EE63F12
S31500037060763C7935EF39EA3D9C7500883CE4377EFA
S31500037070412E8640FFFFEF7F422ED63FFFFFEF3DB7
S315000370800000F03FD82E0400B1A2F03FC82E040042
S31500037090B82E0400384606B0BDE8F04700F0D0BC71
S315000370A010EE103A23F00043B3F1485F2CD2FDEE05
S315000370B0C07A17EE903A002B60D060EE007ADFEDCF
S315000370C0316A9FED315ADFED315AA7EEA65A9FED8D
S315000370D0306A9FED307ADFED306AE7EE855AA7EE28
S315000370E0A56AA7EE867AE7EE876A67EEA66A60EE7A
S315000370F0C00AB6EE007AB7EE000AE7EEA60AD7EEA6
S31500037100870A30EE600A704760EE007ADFED1D6A8B
S315000371109FED1D5ADFED1D5AA7EEA65A9FED1C6A79
S315000371209FED1C7ADFED1C6A1C4A9342E5EE275A53
S31500037130A5EEA76AA6EE277AE7EE276A66EEA76AA2
S31500037140D5D9174A934214D803F17F43B7EE006AA1
S3150003715007EE103A36EE476AF6EE005A60EEC00ABC
S3150003716097EEA57AE7EEA60A37EE607A36EE470A79
S315000371707047B6EE076AB5EE027AEDE7B7EE000A98
S31500037180704700BF4ED747ADF6740F317CF293B408
S31500037190010DD037610BB6BAABAA2A3D9999993E30
S315000371A00000483F10EE103A23F00043B3F1485F66
S315000371B004D2FDEEC07A17EE903A5BB360EE007A26
S315000371C09FED155ADFED155A9FED156AE7EE855AC1
S315000371D0DFED146A9FED147A20EE275AA5EEA76A0F
S315000371E0E6EE276AA6EEA77A30B9DFED106AE7EE78
S315000371F0876AA6EE850A704727EE457ADFED0C6AA5
S31500037200B6EE006AA0EE867AD7EE270AE5EE260AE0
S3150003721030EE600A704700BFD3C92E2F342FD7B282
S315000372201BEF3836010D50B98988083CABAA2ABE34
S31500037230ABAA2A3E10EE103A23F00042B2F1FF4FFA
S3150003724058D84FEAD37100F093806148834200F324
S31500037250898019B15F4B9A4200F287805E4B9A424E
S315000372604BD95E4B9A4200F295805D4881F001034B
S315000372705C4A00EB81005B1A02EB8102D0ED004A07
S31500037280D2ED007A70EE644A34EEE70A9FED564A71
S315000372909FED565ADFED565A20EE007ADFED556A1A
S315000372A09FED556AA7EE045AE5EE075AE5EE876A9F
S315000372B0A6EE876AF0EE406AE6EE476A20EE266A95
S315000372C0002B42D0B0EE007A13F17D0FB7EE000A21
S315000372D037EE667AC6EE076A77EEE67A77EEE47AF3
S315000372E030EE670A4ADB10EE102A02EBC35300EEB8
S315000372F0103A704730EE000A7047B2F1505F0AD277
S31500037300DFED3E7AB7EE007A70EE277AF4EEC77AAF
S31500037310F1EE10FA58DC60EE007A9FED335ADFED9A
S31500037320335A9FED336AE7EE855ADFED326A9FEDF6
S31500037330327AA7EEA56AE7EE866AA7EEA67AF0EE9C
S31500037340406AE7EEC76A20EE266AF0EE007AB7EEE9
S31500037350007A76EEE76AC6EE267A77EEC07A37EEDD
S31500037360670A70470020FFF7EBBB0020FFF7E2BB7D
S31500037370DFED237A002900FE270A704710EE102A54
S315000373806433DFED207A02EBC35300EE103A20EEAE
S31500037390270A70471C4BF0EE404A9FED1C6A03EB2D
S315000373A08103DFED1B6A9FED1B7AD3ED007AE0EED6
S315000373B0067AFDEEE77A17EE903AF8EEE77AE7EE0D
S315000373C0E64A67EE877A5FE730EE070A704700BF43
S315000373D01772B142B5F1CF421872B13E9115853F8E
S315000373E0F02E0400E82E04004CBB31330EEADDB563
S315000373F055B38A38610B36BBABAA2A3ECAF249712A
S31500037400000000000000800DF82E04003BAAB83FE0
S315000374108071313FD1F7173730B583B0CDED010A0F
S315000374208DED000ADDE9004121F0004E0EF1FF3239
S31500037430B2F1FF4F44D224F00043B3F1FF4F3FDADA
S31500037440734562DB04F0004058D014F0FF4F01F09F
S31500037450FF453FD0DA157F3A002D5AD04FEAEE5E4C
S31500037460C4F31604AEF17F0C44F40003C1F3160112
S3150003747041F40001B2EB0C020AD0A3EB010E5B0050
S31500037480BEF1000F02DB4FEA4E0337D0013AF4D1C7
S31500037490591A48BF194619B930E049000CF1FF3CA7
S315000374A0B1F5000FF9DB1CF17E0F48DBA1F50002F5
S315000374B00CF17F0C024342EACC5300EE103A07E08C
S315000374C0DDED007A9DED017A67EE877A87EEA70AEE
S315000374D003B030BD4FEA032C6FF07D024FEA4C0C2C
S315000374E0013ABCF1000FF9DC9DB16FF07D044FEA60
S315000374F0EE5EA41AAEF17F0CA340B7E7184B03EB7D
S31500037500507393ED000A03B030BD9DED000A03B03E
S3150003751030BD4FEA0E216FF07D0C49000CF1FF3CA4
S31500037520FBD512F17E0F15DA6FF07D01891A8B40B8
S315000375306FF07D01A1EB0C010EFA01F19AE76FF0F2
S315000375407D03A3EB0C0341FA03F242EA000300EEC8
S31500037550103ABDE7C4F3160444F40003E8E700BF9A
S31500037560002F040010EE102A32F0004330D0002A18
S31500037570134634DBB2F1FF4F41DAB2F5000F00B523
S3150003758034DB4FF0000EC3F316016348DB15F7EE49
S31500037590007A084401F10F0C7F3B00F400027344A8
S315000375A082F07E5203EBD0535C480A430CEA000098
S315000375B000EE102A30EE670A20BBB5EE400AF1EE64
S315000375C010FA61D1002B40F08F809FED550A59E0E8
S315000375D09FED547ADFED527A87EE270A704770EEF5
S315000375E0407A9FED4F7A87EE870A7047DFED4E7A32
S315000375F06FF0180E60EE277A17EE903AC3E730EE77
S31500037600000A7047B0EE007A06EE103ADFED472A1D
S31500037610B8EEC63ADFED464A30EE077ADFED455A55
S31500037620DFED453A9FED455A80EE074ADFED447A92
S31500037630DFED446A4448454A0844521A0243002A85
S3150003764024EE046A26EE067AE7EE224AA7EE235ACA
S31500037650E4EE875AE5EE076AE5EE877A67EE867A01
S31500037660E6EE877A2BDDB6EE007A20EE077A27EE72
S31500037670007A77EE877A67EE847A43BB37EE677ACA
S3150003768030EE470A5DF804FBF6EE007ADFED306A6A
S3150003769020EE007AE0EE667A27EE277A002BEFD00B
S315000376A007EE903A9FED2B6ADFED2B6AF8EEE77A49
S315000376B0A7EEC67A37EE400A97EEA60AE2E770EE21
S315000376C0677A67EE847AE3B930EE670ADAE79FED05
S315000376D0216ADFED216AE3EE067A37EE677A37EE43
S315000376E0400A93EE260ACDE707EE903A9FED190A74
S315000376F09FED197AF8EEE77A27EE800AA7EE870A56
S31500037700C0E7DFED146A9FED147AE3EE667A37EE8F
S31500037710C00A93EE070AB5E720FB4A00F0FF7F0095
S3150003772000000000000000CC0000004C9788173EC4
S3150003773025333A3E2549923E4FD01C3E298E633E61
S31500037740ABAA2A3FCDCCCC3E305CCFFF88C23500F6
S31500037750ABAAAA3ED1F717378071313F10EE103A24
S315000377608C4A70B523F0004486B00546944268D926
S31500037770894A1E4694421BD8884A002BDFED887A35
S3150003778002EA0302874940F3E5808A4270EE677A8C
S3150003779064D0DFED856A37EEE67A77EEC77A77EE61
S315000377A0E67A012085ED007AC5ED017A06B070BD53
S315000377B07E4A94425FD9B4F1FF4F48D2E215DFED1A
S315000377C07C6A863AA4EBC25307EE903ABDEEE77A9B
S315000377D0B8EEC77A77EEC77A8DED037A67EEA67AA7
S315000377E0BDEEE77AB8EEC77A77EEC77A8DED047AFF
S315000377F067EEA67AF5EE407ACDED057AF1EE10FA4C
S3150003780040F0A380B5EE407AF1EE10FA0CBF0123E7
S315000378100223684903A8019102210091294600F039
S315000378208FF9002EC2DA95ED007A4042D5ED017A42
S31500037830B1EE477AF1EE677A85ED007AC5ED017A06
S31500037840B4E7002285ED000A42600020AEE770EE41
S31500037850407AC0ED017AC0ED007AF6E79FED567ADD
S31500037860DFED566A77EEC77A37EEE67A77EEC77AB2
S3150003787077EEE67A95E700F0ADF8F6EE007ADFEDFF
S31500037880506A9FED476AE0EE267A9FED477AFDEE52
S31500037890E77A17EE900AF8EEE76A1F28A6EEC60AFD
S315000378A066EE877AB1EE666A1EDC464B411E464A91
S315000378B0334052F82120934216D030EE677A30EEE9
S315000378C0470A002E85ED007A30EE670A85ED010A38
S315000378D0BFF66CAFB1EE477A4042B1EE400A85ED92
S315000378E0007A85ED010A61E730EE677AE21517EE55
S315000378F0103AC3F3C753C3EBD453082BDFDDF0EEC3
S31500037900405A9FED2D7A9FED2D5AE6EE075A70EEFB
S31500037910657AE6EE077AD6EE857A35EEE77A17EEDE
S31500037920103AC3F3C753D21A192A10DDB0EE650A0B
S315000379309FED267A9FED265AA6EE070A75EEC07AC4
S31500037940E6EE077AD6EE857AB7E7032361E7B0EE6C
S31500037950650AB4E78A4270EE277A0ED0DFED126A23
S3150003796037EEA67A77EEC77A77EEA67A4FF0FF3030
S3150003797085ED007AC5ED017A18E79FED0F7ADFED05
S315000379800F6A77EE877A37EEA67A77EEC77A77EEBF
S31500037990A67AEBE7D80F493FE3CB1640F0FFFF7F0C
S315000379A0800FC93FD00FC93F43443537800F494342
S315000379B000008043882F04000044353708A3852E32
S315000379C084F9223F00FFFF7F082F040000A3852EC2
S315000379D032318D2410EE103A23F0004300EE103AB4
S315000379E0704700BF10B52DED028BB0EE408AF0EE66
S315000379F0608A044602F04AFC0460B0EE480AF0EEE0
S31500037A00680ABDEC028B10BD00B553EC102B83B096
S31500037A1090B1104603F10041CDE900011046194625
S31500037A20DDE9002300F06CFD41EC100B222003B0CE
S31500037A305DF804EBFFF7D6BF10461946ECE700BF27
S31500037A409FED010BFFF7E0BF0000000000000010F0
S31500037A509FED010BFFF7D8BF000000000000007088
S31500037A6010EE103A33F000411A4626D0B1F1FF4F1B
S31500037A7020D213F0FF4F21D1DFED2A7A2A4A60EE96
S31500037A80277A904217EE903A31DB4CF2503CC3F31F
S31500037A90C7511A466045A1F1190114DDDFED237ABA
S31500037AA0002B9FED237AB0EE670A67FE877A27EEEF
S31500037AB0800A704730EE000A704770474CF2503C1C
S31500037AC0C90D6045EADC0144FE29E7DC002915DC23
S31500037AD011F1160F19DB193122F0FF429FED150A3A
S31500037AE042EAC15207EE902A27EE800A7047DFED7D
S31500037AF0127A07EE103A27EE270A704722F0FF4262
S31500037B0042EAC15300EE103A7047DFED0B7A002BC1
S31500037B109FED0A7AB0EE670A67FE877A27EE800A38
S31500037B20704700BF0000004CB03CFFFFCAF249712A
S31500037B30CAF249F1000000336042A20D6042A28DF1
S31500037B402DE9F04F94461C460A4682461CF1040F63
S31500037B5004F1FF382DED048BDBB068990393C94B11
S31500037B6053F82160C0F24382BCF1030348BF0CF112
S31500037B700403DB10029301334FEAC30EACEB0E038F
S31500037B8016EB08000593029BA3EB080314D40130FC
S31500037B909FEDBD7A1EA9699C1844002BF0EE477A27
S31500037BA005DB54F8235007EE905AF8EEE77A0133D3
S31500037BB0E1EC017A8342F0D1002EC0F2B482039B3A
S31500037BC01EA946AD404601EB8304F7184FEA830925
S31500037BD00AEB8301B8F1000FDFEDAB7A09DBA346AD
S31500037BE05346F3EC016A3BED017A8B42E6EE877A64
S31500037BF0F7D101300434E5EC017AB842EAD10DF14C
S31500037C00280B0AEB09049FEDA29A46AF0BEB8601FC
S31500037C10DFED9E8A0BEB8609059804390096CDF8AD
S31500037C2020C00491CDE9062E5AAB002E4FEA8605F5
S31500037C3003EB860313ED140A15DD7B195A4660EE32
S31500037C40097A73ED016AB0EE407ABB42FDEEE77A3C
S31500037C50F8EEE77AA7EEE87A37EEA60ABDEEC77A1C
S31500037C60A2EC017AEBD10190FFF7FAFEF4EE007A6B
S31500037C70B0EE408A20EE270A00F082FAF2EE007A8E
S31500037C800198A0EE678A0028FDEEC89AF8EEE97A15
S31500037C9038EE678A6DDD06F1FF3CC0F10803C0F1DB
S31500037CA007015BF82C2042FA03FE0EFA03F3019355
S31500037CB019EE903A734409EE903A019BD21A4BF8A7
S31500037CC02C200A41002A00F3EF80B5EE408AF1EE3C
S31500037CD010FA40F09C80009B9E420ADD5D4400231F
S31500037CE055F8041D4D4543EA0103F9D1002B40F035
S31500037CF0F580009B013B5BF82330002B40F0E980C5
S31500037D00049B012153F8042D0131002AFAD006F110
S31500037D10010E3144F446039B029A33446FF0404606
S31500037D20724407EB8E0E1644699A02EB86061EAA68
S31500037D3002EB8305D6ED017AB8F1000F06F10406CE
S31500037D40F8EEE77AE5EC017ADFED4F7A09DB2A46AE
S31500037D505346F3EC016A32ED017AA342E6EE877AE3
S31500037D60F7D10CF1010CEEEC017A6145E2DA0E462D
S31500037D705AE740F08F80731E5BF82320D211002A46
S31500037D80A3DD19EE903A002E03F1010309EE903AB2
S31500037D9040F3D78159464FF0000E51F8043B002BB0
S31500037DA06AD0C3F5807341F8043C04E00B68C3F161
S31500037DB0FF0341F8043B0EF1010E7645F6DC012381
S31500037DC09E4600280ADD01287BD0022806D1711EB3
S31500037DD05BF8213003F03F0C4BF821C0022A7FF4F5
S31500037DE074AFB7EE000A734630EE488A002B3FF4B1
S31500037DF06CAF09920190FFF733FE38EE408A019883
S31500037E00099AB5EE408AF1EE10FA3FF464AFDDF855
S31500037E1020C09246B0EE480A0196009EDDE9062E82
S31500037E20AEEB0C000092FFF71BFEDFED186AF0EED7
S31500037E30407AB4EEE60ADDE90023F1EE10FAC0F269
S31500037E404D819FED137A5C1C059920EE077A083164
S31500037E50BDEEC77A0591B8EEC77AE7EE667ABDEE50
S31500037E60C77AFDEEE77A17EE901A4BF8231017EE52
S31500037E70103A4BF824304AE00EF1010EB6458CDB7E
S31500037E809E469EE7CC3204000000000000008043BB
S31500037E900000803BF6EE007AB4EEE78AF1EE10FAC4
S31500037EA080F29A80002210E719EE903A002E03F131
S31500037EB0010309EE903A3FF76DAF002301289E4672
S31500037EC083D1711E5BF8213003F07F0C4BF821C080
S31500037ED084E706F1010EF44671461CE733469246E3
S31500037EE0009E5C1EDDE90512A1F108005BF8241073
S31500037EF0059061B96FF0404119440BEB81030146CC
S31500037F0053F8040D013C08390028F9D00591B7EE62
S31500037F10000A05980092FFF7A3FD002CB0EE407A05
S31500037F20009AC0F20481601C46AD5FED276A8100AA
S31500037F300BEB800305EB800073ED017AF8EEE77A2D
S31500037F405B4567EE877A27EE267A60ED017AF3D1F1
S31500037F500DF1C80E0B1F46A8A446F0460025C71808
S31500037F609146002E6BDB844A3846DFED847A002384
S31500037F7001E0AB4208DC0133F2EC016AB0EC017AB2
S31500037F809E42E6EE877AF4DA0CF1FF3C0135043FB4
S31500037F90E8EC017ABCF1FF3FE3D1689B4A46022B2A
S31500037FA050DC002B28DC0ED17144DFED747A31ED01
S31500037FB0017A714577EE877AF9D15346002B40F063
S31500037FC0A980C2ED007A19EE903A03F007005BB080
S31500037FD0BDEC048BBDE8F08F19EE903A002E03F149
S31500037FE0010309EE903A40F398800222D2E6002379
S31500037FF04FF0080E0293C1E571449FED607A71ED6F
S31500038000017A714537EE277AF9D1DDED327A534697
S3150003801077EEC77A002B76D182ED007A64B133A965
S3150003802001230133B1EC017A9C4277EE877AF8DAC1
S3150003803053460BB1F1EE677AC2ED017AC3E7DFED82
S315000380404F7AA1E7689B032BBDD1002C00F08580F6
S315000380500EEB8400A50090ED007A0346014671ED10
S31500038060017AF0EE476A37EE277A714577EEC77ADB
S3150003807081ED007A77EEA67AC1ED017AEFD1012C74
S315000380806BD090ED007A0EF1040173ED017AF0EEF8
S31500038090476A37EE277A994277EEC77A83ED007AF5
S315000380A077EEA67AC3ED017AEFD12B1D0EF1080107
S315000380B0DFED327A9E443EED017A714577EE877A9B
S315000380C0F9D15346DDED326A9DED337A73B9C2EDCC
S315000380D0006A82ED017AC2ED027A74E7FDEEC07A98
S315000380E01C4617EE901A4BF8231010E7F1EE666A5A
S315000380F0B1EE477AF1EE677AC2ED006A82ED017A54
S31500038100C2ED027A5FE7B1EE477A82ED007A002C80
S3150003811085D18FE7F1EE677A53E7F7EE007A02220D
S3150003812037EEC88AD1E5039B4FEA830967E5689B67
S31500038130022B0EDC002B13DC7FF445AFDFED0F7A49
S315000381403BE7022A7FF4C1ADF7EE007A37EEC88A21
S31500038150BBE5689B032B7FF436AFDFED087AB0E708
S315000381605346DDED327A13B90023136064E74FF00B
S31500038170004313605EE700BFA03204000000000066
S31500038180BBFE400A704700BF81F0004102E000BF1A
S3150003819083F0004330B54FEA41044FEA430594EABE
S315000381A0050F08BF90EA020F1FBF54EA000C55EAF9
S315000381B0020C7FEA645C7FEA655C00F0E2804FEACA
S315000381C05454D4EB5555B8BF6D420CDD2C4480EAAC
S315000381D0020281EA030382EA000083EA010180EADC
S315000381E0020281EA0303362D88BF30BD11F0004F2A
S315000381F04FEA01314FF4801C4CEA113102D0404260
S3150003820061EB410113F0004F4FEA03334CEA13339A
S3150003821002D0524263EB430394EA050F00F0A780B2
S31500038220A4F10104D5F1200E0DDB02FA0EFC22FAAD
S3150003823005F2801841F1000103FA0EF2801843FAA1
S3150003824005F359410EE0A5F120050EF1200E012A92
S3150003825003FA0EFC28BF4CF0020C43FA05F3C018D0
S3150003826051EBE37101F0004507D54FF0000EDCF149
S31500038270000C7EEB00006EEB0101B1F5801F1BD3F2
S31500038280B1F5001F0CD349085FEA30004FEA3C0CF6
S3150003829004F101044FEA445212F5800F80F09A80EC
S315000382A0BCF1004F08BF5FEA500C50F1000041EBF0
S315000382B0045141EA050130BD5FEA4C0C404141EBF4
S315000382C00101013C28BFB1F5801FE9D291F0000FEF
S315000382D004BF01460020B1FA81F308BF2033A3F19E
S315000382E00B03B3F120020CDA0C3208DD02F1140C95
S315000382F0C2F10C0201FA0CF021FA02F10CE002F1D0
S315000383001402D8BFC2F1200C01FA02F120FA0CFCC8
S31500038310DCBF41EA0C019040E41AA2BF01EB045111
S31500038320294330BD6FEA04041F3C1CDA0C340EDC0F
S3150003833004F11404C4F1200220FA04F001FA02F352
S3150003834040EA030021FA04F345EA030130BDC4F110
S315000383500C04C4F1200220FA02F001FA04F340EA05
S315000383600300294630BD21FA04F0294630BD94F0B6
S31500038370000F83F4801306BF81F480110134013D9D
S315000383804EE77FEA645C18BF7FEA655C29D094EA0E
S31500038390050F08BF90EA020F05D054EA000C04BF8C
S315000383A01946104630BD91EA030F1EBF0021002077
S315000383B030BD5FEA545C05D14000494128BF41F016
S315000383C0004130BD14F580043CBF01F5801130BD7A
S315000383D001F0004545F0FE4141F470014FF0000005
S315000383E030BD7FEA645C1ABF194610467FEA655CB6
S315000383F01CBF0B46024650EA013406BF52EA033558
S3150003840091EA030F41F4002130BD00BF90F0000F45
S3150003841004BF0021704730B54FF4806404F1320481
S315000384204FF000054FF0000150E700BF90F0000F3A
S3150003843004BF0021704730B54FF4806404F1320461
S3150003844010F0004548BF40424FF000013EE700BF31
S3150003845042004FEAE2014FEA31014FEA02701FBFC1
S3150003846012F07F4393F07F4F81F06051704732F0F3
S315000384707F4208BF704793F07F4F04BF41F400214A
S31500038480704730B54FF4607401F0004521F00041A8
S315000384901CE700BF50EA010208BF704730B54FF032
S315000384A000050AE050EA010208BF704730B511F033
S315000384B0004502D5404261EB41014FF4806404F16B
S315000384C032045FEA915C3FF4D8AE4FF003025FEAF1
S315000384D0DC0C18BF03325FEADC0C18BF033202EB75
S315000384E0DC02C2F1200300FA03FC20FA02F001FACF
S315000384F003FE40EA0E0021FA02F11444BDE600BF72
S3150003850070B54FF0FF0C4CF4E06C1CEA11541DBF20
S315000385101CEA135594EA0C0F95EA0C0F00F0DEF8EB
S315000385202C4481EA030621EA4C5123EA4C5350EAD0
S31500038530013518BF52EA033541F4801143F4801321
S3150003854038D0A0FB02CE4FF00005E1FB02E506F0B2
S315000385500042E0FB03E54FF00006E1FB03569CF007
S31500038560000F18BF4EF0010EA4F1FF04B6F5007F0D
S3150003857064F5407404D25FEA4E0E6D4146EB06067F
S3150003858042EAC62141EA55514FEAC52040EA5E5008
S315000385904FEACE2EB4F1FD0C88BFBCF5E06F1ED8B2
S315000385A0BEF1004F08BF5FEA500E50F1000041EBE9
S315000385B0045170BD06F0004646EA010140EA020096
S315000385C081EA0301B4EB5C04C2BFD4EB0C0541EAB8
S315000385D0045170BD41F480114FF0000E013C00F3CD
S315000385E0AB8014F1360FDEBF002001F0004170BDF1
S315000385F0C4F10004203C35DA0C341BDC04F114040A
S31500038600C4F1200500FA05F320FA04F001FA05F295
S3150003861040EA020001F0004221F0004110EBD37062
S3150003862021FA04F642EB06015EEA430E08BF20EA8E
S31500038630D37070BDC4F10C04C4F1200500FA04F331
S3150003864020FA05F001FA04F240EA020001F00041C3
S3150003865010EBD37041F100015EEA430E08BF20EA36
S31500038660D37070BDC4F1200500FA05F24EEA020E7E
S3150003867020FA04F301FA05F243EA020321FA04F0AD
S3150003868001F0004121FA04F220EA020000EBD37064
S315000386905EEA430E08BF20EAD37070BD94F0000F64
S315000386A00FD101F00046400041EB010111F4801F98
S315000386B008BF013CF7D041EA060195F0000F18BF49
S315000386C0704703F00046520043EB030313F4801F85
S315000386D008BF013DF7D043EA0603704794EA0C0F3F
S315000386E00CEA135518BF95EA0C0F0CD050EA410655
S315000386F018BF52EA4306D1D181EA030101F00041D2
S315000387004FF0000070BD50EA410606BF10461946F9
S3150003871052EA430619D094EA0C0F02D150EA013605
S3150003872013D195EA0C0F05D152EA03361CBF104646
S3150003873019460AD181EA030101F0004141F0FE41E5
S3150003874041F470014FF0000070BD41F0FE4141F469
S31500038750780170BD70B54FF0FF0C4CF4E06C1CEA69
S3150003876011541DBF1CEA135594EA0C0F95EA0C0F1E
S3150003877000F0A7F8A4EB050481EA030E52EA0335D9
S315000387804FEA013100F088804FEA03334FF08055FA
S3150003879045EA131343EA12634FEA022245EA111527
S315000387A045EA10654FEA00260EF000419D4208BFD8
S315000387B0964244F1FD0404F5407402D25B084FEA85
S315000387C03202B61A65EB03055B084FEA32024FF431
S315000387D080104FF4002CB6EB020E75EB030E22BF8E
S315000387E0B61A754640EA0C005B084FEA3202B6EB4E
S315000387F0020E75EB030E22BFB61A754640EA5C00FD
S315000388005B084FEA3202B6EB020E75EB030E22BF8C
S31500038810B61A754640EA9C005B084FEA3202B6EB8D
S31500038820020E75EB030E22BFB61A754640EADC004C
S3150003883055EA060E18D04FEA051545EA16754FEAAE
S3150003884006164FEAC30343EA52734FEAC2025FEACC
S315000388501C1CC0D111F4801F0BD141EA00014FF05B
S3150003886000004FF0004CB6E711F4801F04BF01432C
S315000388700020B4F1FD0C88BFBCF5E06F3FF6AFAE48
S31500038880B5EB030C04BFB6EB020C5FEA500C50F1D8
S31500038890000041EB045170BD0EF0004E4EEA11315B
S315000388A014EB5C04C2BFD4EB0C0541EA045170BD62
S315000388B041F480114FF0000E013C90E645EA060EA6
S315000388C08DE60CEA135594EA0C0F08BF95EA0C0FD4
S315000388D03FF43BAF94EA0C0F0AD150EA01347FF41C
S315000388E034AF95EA0C0F7FF425AF104619462CE7F3
S315000388F095EA0C0F06D152EA03353FF4FDAE104656
S31500038900194622E750EA410618BF52EA43067FF4A6
S31500038910C5AE50EA41047FF40DAF52EA43057FF436
S31500038920EBAE12E74FF0FF3C06E000BF4FF0010C41
S3150003893002E000BF4FF0010C4DF804CD4FEA410CA5
S315000389407FEA6C5C4FEA430C18BF7FEA6C5C1BD072
S3150003895001B050EA410C0CBF52EA430C91EA030FF3
S3150003896002BF90EA020F0020704710F1000F91EA50
S31500038970030F58BF994208BF90422CBFD8176FEA1E
S31500038980E37040F0010070474FEA410C7FEA6C5CEC
S3150003899002D150EA013C07D14FEA430C7FEA6C5CF3
S315000389A0D6D152EA033CD3D05DF8040B704700BF1F
S315000389B08446104662468C461946634600E000BF6D
S315000389C001B5FFF7B7FF002848BF10F1000F01BD3F
S315000389D04DF808EDFFF7F4FF0CBF012000205DF80A
S315000389E008FB00BF4DF808EDFFF7EAFF34BF01208F
S315000389F000205DF808FB00BF4DF808EDFFF7E0FF28
S31500038A0094BF012000205DF808FB00BF4DF808ED78
S31500038A10FFF7CEFF94BF012000205DF808FB00BFDF
S31500038A204DF808EDFFF7C4FF34BF012000205DF8C1
S31500038A3008FB00BF4FEA410212F5001215D211D509
S31500038A406FF47873B3EB625212D94FEAC12343F042
S31500038A50004343EA505311F0004F23FA02F018BFC4
S31500038A60404270474FF00000704750EA013005D18D
S31500038A7011F0004008BF6FF0004070474FF0000050
S31500038A80704700BF4FEA4102B2F1E04324BFB3F59A
S31500038A90001CDCF1FE5C0DD901F0004C4FEAC0026C
S31500038AA04CEA5070B2F1004F40EB830008BF20F050
S31500038AB00100704711F0804F21D113F13872BCBF0A
S31500038AC001F00040704741F480114FEA5252C2F15F
S31500038AD01802C2F1200C10FA0CF320FA02F018BFA8
S31500038AE040F001004FEAC1234FEAD32303FA0CFCFB
S31500038AF040EA0C0023FA02F34FEA4303CCE77FEA8A
S31500038B00625307D150EA01331EBF4FF0FE4040F4D3
S31500038B104000704701F0004040F0FE4040F4000082
S31500038B20704700BF38B50022002304460D46FFF701
S31500038B3059FF28B920462946BDE8384000F00AB84F
S31500038B40204605F1004100F005F8404261EB410182
S31500038B5038BD00BFD0B500220B4B06460F46FFF7C4
S31500038B60CFFC01F067F90446FFF750FC0022074BE0
S31500038B70FFF7C6FC02460B4630463946FFF708FBAD
S31500038B8001F058F92146D0BD0000F03D0000F04148
S31500038B902DE9F04F099D0E4604460F46002B47D19B
S31500038BA08A429446B2FA82F35AD943B102FA03FCD3
S31500038BB0C3F120029F409C4020FA02F217434FEA7A
S31500038BC01C461FFA8CFE220CB7FBF6F106FB117747
S31500038BD001FB0EF042EA0742904208D91CEB02025F
S31500038BE001F1FF3702D2904200F23C813946121A54
S31500038BF0A4B2B2FBF6F006FB102200FB0EFE44EA1B
S31500038C000244A64508D91CEB040400F1FF3202D244
S31500038C10A64500F22A81104640EA0140A4EB0E0461
S31500038C2000211DB1DC400023C5E90043BDE8F08FF8
S31500038C308B4205D90DB1C5E9000100210846F5E7C8
S31500038C40B3FA83F100294FD1B342C0F002818242C5
S31500038C5040F2FF800846002DE8D0C5E90047E5E766
S31500038C60002B40F0AF808A1A4FEA1C4E1FFA8CF78E
S31500038C700121B2FBFEF60EFB1620220C42EA00424D
S31500038C8007FB06F090420FD91CEB020206F1FF38F0
S31500038C902CBF4FF001094FF00009904203D9B9F1F7
S31500038CA0000F00F0DC804646121AA4B2B2FBFEF0B7
S31500038CB00EFB102200FB07F744EA0244A7420FD932
S31500038CC01CEB040400F1FF322CBF4FF0010E4FF0F2
S31500038CD0000EA74203D9BEF1000F00F0C98010466B
S31500038CE0E41B40EA06409CE7C1F120048B4006FAE8
S31500038CF001FC00FA01FE22FA04F7E6408A401F430C
S31500038D0020FA04F34FEA174843EA0C031FFA87FCD9
S31500038D104FEA1349B6FBF8F008FB106649EA064624
S31500038D2000FB0CF9B1450ED9BE1900F1FF3A2CBF71
S31500038D304FF0010B4FF0000BB14503D9BBF1000F08
S31500038D4000F0A2805046A6EB09061FFA83F9B6FB8C
S31500038D50F8F308FB136603FB0CFC49EA0646B44525
S31500038D600ED9BE1903F1FF382CBF4FF001094FF09E
S31500038D700009B44503D9B9F1000F00F082804346D8
S31500038D8043EA0040A6EB0C06A0FB028C664543466D
S31500038D90E14602D307D1C64505D2B8EB02036CEB15
S31500038DA0070C0138E1465DB1BEEB030266EB09062B
S31500038DB006FA04F422FA01F3CE401C43C5E9004641
S31500038DC0002133E702FA03FCC3F1200299409C40D9
S31500038DD0D6404FEA1C4E20FA02F21FFA8CF7B6FB76
S31500038DE0FEF00A430EFB1066110C41EA064100FB36
S31500038DF007F68E420ED91CEB010100F1FF382CBF9A
S31500038E004FF001094FF000098E4202D9B9F1000F64
S31500038E1034D04046891B92B2B1FBFEF60EFB161107
S31500038E2042EA014206FB07F191420ED91CEB02020C
S31500038E3006F1FF382CBF4FF001094FF000099142AC
S31500038E4002D9B9F1000F16D04646521A46EA004136
S31500038E500FE7841A66EB030201201746FBE6023E80
S31500038E60624421E702396244C1E664440238D3E628
S31500038E706444023834E7023E6244E6E7023861445A
S31500038E80C8E7023B3E447BE702383E445BE700BF4C
S31500038E9003685A004CBF43F0004323F000431844D1
S31500038EA0704700BF2DE9F04729B301F1FF3A804629
S31500038EB0914600255646A91948BF0131491008EBCA
S31500038EC0C107CC003846FFF7E3FF8A450DD00834C7
S31500038ED0484508EB04000AD8FFF7DAFF01384D1CB2
S31500038EE04845E8D33846BDE8F0874845FAD98D4268
S31500038EF001F1FF36DFD100273846BDE8F08700BF12
S31500038F00012809D0022805D00028044B14BF0020ED
S31500038F10184670470248704702487047ED950300AC
S31500038F20FD950300F5950300224B30B5044683B047
S31500038F308D1E43B301A92846AFF30080F0B1019912
S31500038F402A46FFF7AFFF0146C0B1FFF7A1FF4B6803
S31500038F50A064012B2AD0002B01F1040024DBFFF7C8
S31500038F6097FF002323650368E064002B11DBFFF7FB
S31500038F708FFF03460020236103B030BD0023092081
S31500038F80236103B030BD0C480C49091AC91001917D
S31500038F90D6E7C3F30360FFF7B3FF031E0CBF092035
S31500038FA00020236103B030BD0123DBE70023052046
S31500038FB0E1E700BF00000000DC380400C4490400F8
S31500038FC00368DA0710B5044606D49B0700F1500080
S31500038FD009D500F093FC2368590709D51A070ED55E
S31500038FE0DB0613D510BD00F081FC23685907F5D4C1
S31500038FF004F1D80000F08AFC23681A07F0D404F5BC
S31500039000AC7000F08BFC2368DB06EBD404F5EC7044
S31500039010BDE8104000F0C6BC0346006800B1184422
S31500039020704700BF704700BF70B504460E46316CEB
S315000390302046FFF779FF054698B9D6F840C0324671
S31500039040236921460120C4F814C098470828EED0A6
S31500039050072806D12846316CFFF7E4FF301D00F0E0
S3150003906039FC00F007FF00BF2DE9F04701F1040CBE
S31500039070ADF5787DC7680646D0F8188014460DF11D
S31500039080140E04AD4FF00009BCE80F00AEE80F0064
S31500039090BCE80F00AEE80F00BCE80F00AEE80F0017
S315000390A09CE80F00C5F800908EE80F0023E02B6CB8
S315000390B04FF4F47229467EA8736101F0F9F8336917
S315000390C07EAA3146504698478C9B21468146039398
S315000390D03246039C33460120AC64CDE90058B847B9
S315000390E0044628BB4FF4F4727EA9284601F0E0F843
S315000390F0B9F1080F19D10934296C3046FFF714FF6B
S3150003910081465FFA84FA0028D1D0AC6B33463246E7
S315000391104AF01001AC640120CDE90058B84738B9CC
S3150003912048460DF5787DBDE8F087B9F1070F06D0FF
S315000391304FF0090948460DF5787DBDE8F0872046CE
S31500039140296CFFF76FFF05A800F0C4FBF0B5CB6BE6
S31500039150FBB001F1040C0E460B6401AC05464FF05F
S31500039160FF37BCE80F000FC4BCE80F000FC4BCE810
S315000391700F000FC49CE80F00009784E80F0006E079
S315000391802B696A46294698470828044608D1109948
S315000391902846FFF7C9FE0028F2D009207BB0F0BDB0
S315000391A06846FFF70DFF062CF7D131462846FFF731
S315000391B03BFF00BF10B4DC6BC1601946826100221D
S315000391C01C6410BCFFF750BF70B54369C6680B64D7
S315000391D0AEB903690A4604460D460146022098477E
S315000391E0072805D008280FD129462046FFF71CFF7C
S315000391F03046296CFFF716FF281D00F06BFB012292
S31500039200FFF732FF00F036FE00F034FEC26832B1DB
S31500039210D1F83CC00022C1F840C0FFF725BFFFF7D5
S3150003922095BF00BF704700BF052915D8DFE801F0D9
S315000392300A031403030501207047436C0020009AB8
S315000392401360704743B90F2A06D800EB8202002049
S315000392505368009A136070470220704710B584B0B4
S3150003926000230A4603AC19460094FFF7DDFF039873
S3150003927004B010BD052915D8DFE801F00A0314036D
S31500039280030501207047009B1B6843640020704759
S3150003929043B90F2A06D8009B00EB820200201B6805
S315000392A0536070470220704710B584B0002303ACA7
S315000392B003920A4619460094FFF7DCFF04B010BD7B
S315000392C0F0B5D36BADF5117D141D064613640DF190
S315000392D05C0C0D464FF0FF370FCCACE80F000FCCFC
S315000392E0ACE80F000FCCACE80F0094E80F0016971C
S315000392F08CE80F0010E0FFF7D7FF294616A8B04702
S31500039300034616AA6946082083B9049B984705288D
S3150003931004460CD009280AD026996846FFF704FEAE
S3150003932003466A460C2116A8002BE4D0092416A886
S31500039330FFF746FE20460DF5117DF0BD2DE9F04FF2
S315000393401646CA6C89B00D4652F8041B00F0030C8E
S315000393500692002B7CD00C0C09048DF81D40E4B258
S315000393600591022102EB8402BCF1020F8DF81C1059
S31500039370296D08BFAA6B11F0010809D005A930466B
S3150003938000F0AAFB00285BD1082009B0BDE8F08FE6
S315000393901768002FF2D000F00801BB469A466746CD
S315000393A00191CDF80880BAF1020F4DD0B2F800B0A2
S315000393B002F10409548824F00102AB6C64000F2106
S315000393C002EB03083046FFF749FF04F002040BF0F3
S315000393D00103804543EA04032CD82BF0010B012B30
S315000393E0C34472D0022B39D053BB17B1834500F265
S315000393F0C88009F10402D2F800B0BBF1000FD2D144
S3150003940005A93046DDF8088000F066FBC0B9B8F15F
S31500039410000FB9D00F213046FFF720FF0E21024679
S315000394203046FFF741FF704A0F213046FFF73CFFF6
S31500039430072006E0012B66D0022B25D0002BD8D0BF
S31500039440092009B0BDE8F08F546802F10809B2E7B4
S3150003945009028DF81D300591032185E7D9F80040EF
S3150003946024F00048B7B9834505D9019B002B64D086
S31500039470B8F1000F61D0002C01DA09F1040908F1F3
S31500039480010309EB8302B6E7D9F8004024F000484C
S31500039490002FF0D0D5F820B00D213046FFF7DEFEC1
S315000394A08345E8D1AA6A9145E5D100240422C5F88B
S315000394B02880C5E90B424A446A63D9F80020A242D0
S315000394C0C0F28D8001230293D9E7F7B9834517D9F3
S315000394D0D9F80430D9F80020991C4FEAD272AFD0DC
S315000394E005F158040133049472D009F10400FFF71F
S315000394F093FD04AB01462846FCF7F4F8002853D144
S3150003950009F1080277E7002FFAD02C6A0D213046BD
S31500039510FFF7A4FE8442F3D1AB6A9945F0D14846DE
S31500039520FFF7B6FC0F2102463046FFF7BDFE2A467B
S3150003953000213046FFF7B8FE7AE705F15803039793
S3150003954009F1040B00241F460CE058460022049739
S31500039550FFF762FD04AB014628460BF1040BFCF74B
S31500039560C1F888BB444504F10104EED10D21304610
S31500039570FFF774FE049B024606202A62C5E90939F1
S315000395805FE74846FFF784FC09F1040204462846D0
S31500039590AA63FCF705F900283FF452AF22460F21D0
S315000395A03046FFF781FE43E704460D213046049E0D
S315000395B0FFF754FE022C286202D1EE6205F12C0657
S315000395C00620C5E909693CE7039FD9F8004052E73D
S315000395D030460D21FFF742FE26462862F0E708F1E2
S315000395E0010209EB82009BE7256303000023FFF7D3
S315000395F0A5BE00BF0123FFF7A1BE00BF0223FFF7ED
S315000396009DBE00BF2DE9F0410546C4B014460529A9
S3150003961000F2B480DFE801F00F29B2698F03836B90
S31500039620002C40F0AB8053F8042B42648363002084
S3150003963044B0BDE8F081002B40F0A0801FFA84FC03
S31500039640806B01262F1D06FA03F1024611EA0C0F61
S3150003965004D052F8041B104647F823100133102B8D
S31500039660F1D1A204E3D4A863E1E703F0FB02260CDD
S31500039670A4B2012A40F08280012B06EB040800F015
S31500039680C280B8F1200F79D80F2E79D9002CCED00D
S3150003969002680193530705D522F0040240F8D82B3C
S315000396A000F038F902AF6400384600F033F9A6F14A
S315000396B01002A96B601E019B07EBC202441C101F1C
S315000396C001EB840251F8044B914240F8044FF9D15F
S315000396D0012B00F0CA800F2EA96302D822A800F03E
S315000396E00DF9384600F012F9A1E7032B46D11FFA0C
S315000396F084F8260C08EB1444102C3FD803681F0784
S3150003970000F1AB8022AF384600F02AF9AC6B4FEA82
S31500039710480107EBC6034A1E41B1E01A013A19583C
S31500039720561C43F8041BF9D104EBC8043846AC6352
S3150003973000F0F4F87BE70BBB102C1FD80368D806A0
S3150003974000F1838022AF384600F036F9AE6B394616
S3150003975000234FF0010C0CFA03F230460133224288
S3150003976003D050F8042B06460A60042B01F10401CA
S31500039770F1D13846AE6300F015F958E7022057E7F2
S315000397800268B8F1100F02F0010040F2898058B167
S3150003979022F001022846019342F0020240F8502BC0
S315000397A000F0B0F82A68019B5107A8F1100800F1F0
S315000397B08880019322AF384600F0A4F802A800F08F
S315000397C0A9F8C6F11001AA6B07EBC6004900019B75
S315000397D001390131043802EB810152F8044B9142FD
S315000397E040F8044FF9D1B8F1000F4FD04FEA4802C1
S315000397F0102E02AF02F1FF30324638BF1022103A64
S3150003980007EBC2025AE7B8F1100FB7D8102EB5D03E
S315000398100168CA0730D521F003012846019340F8B1
S31500039820501B00F067F8019B012B25D022AF019353
S31500039830384600F067F8AA6B74B3019B64004FF0D7
S31500039840000807EBC600611EC3E723F0100305F506
S31500039850EC702B6000F0B0F874E723F0080300F512
S31500039860AC702B6000F07CF84CE722AF043238462C
S31500039870AA6300F03BF8DAE622AF0193384600F01C
S3150003988039F8AA6B019B002CF0D0D7E7012BEDD05A
S315000398900F2EA9633FF6CBAE384600F02FF8C6E687
S315000398A011460028C2D0052BB5D122F00102284665
S315000398B0019342F0020240F8502B00F023F8019B7B
S315000398C0B4E722F004022846019340F8D82B00F0AF
S315000398D021F86FE700F1340191E838009C46A6466B
S315000398E04CF8045D90E8FF0FE54600BD90EC210BB4
S315000398F0704700BF80EC210B704700BF90EC200B34
S31500039900704700BF80EC200B704700BFD0EC200BE4
S31500039910704700BFC0EC200B704700BFF0EC02019C
S31500039920F0EC0211F0EC0221F0EC0231F0EC024112
S31500039930F0EC0251F0EC0261F0EC0271F0EC028102
S31500039940F0EC0291F0EC02A1F0EC02B1F0EC02C1F2
S31500039950F0EC02D1F0EC02E1F0EC02F1704700BF4B
S31500039960E0EC0201E0EC0211E0EC0221E0EC023152
S31500039970E0EC0241E0EC0251E0EC0261E0EC027142
S31500039980E0EC0281E0EC0291E0EC02A1E0EC02B132
S31500039990E0EC02C1E0EC02D1E0EC02E1E0EC02F122
S315000399A0704700BFB0FC0181B0FC0191B0FC01A17E
S315000399B0B0FC01B1704700BFA0FC0181A0FC01917E
S315000399C0A0FC01A1A0FC01B1704700BFEC4600B5A5
S315000399D02DE900502DE9FF1F4FF000032DE90C0080
S315000399E001A9FFF7B3FBDDF840E012B0704700BFF3
S315000399F0EC4600B52DE900502DE9FF1F4FF000039B
S31500039A002DE90C0001A9FFF7DFFBDDF840E012B0FA
S31500039A10704700BFEC4600B52DE900502DE9FF1F46
S31500039A204FF000032DE90C0001A9FFF7EFFBDDF86A
S31500039A3040E012B0704700BFEC4600B52DE9005078
S31500039A402DE9FF1F4FF000032DE90C0001ABFFF7D3
S31500039A50B1FBDDF840E012B0704700BFEC4600B53D
S31500039A602DE900502DE9FF1F4FF000032DE90C00EF
S31500039A7001AAFFF725FCDDF840E012B0704700BFEE
S31500039A80027A03468AB9427AB2B14168013A4FF083
S31500039A90030C10B442720C1D086883F808C0020256
S31500039AA05C60000E10BC1A6070470068013A1A72B7
S31500039AB00202000E1A607047B020704710B584B0DA
S31500039AC000230C2203AC19460094FFF7ADFB039861
S31500039AD004B010BDFFF7F2BF2DE9F0434FF00008C5
S31500039AE085B006460D462846FFF7CAFFB02804464A
S31500039AF000F01E81070638D500F0F003A02B00F016
S31500039B0083800CD8802B5ED0902B04D100F00D03FC
S31500039B100D2B40F08F80092005B0BDE8F083B02BF4
S31500039B2068D0C02B3ED1C62800F0EF80C72800F0CE
S31500039B30048100F0F803C02B00F01181C82800F05F
S31500039B401C81C928E7D12846FFF79AFF020300F0D4
S31500039B500F0002F47022013002430121052330462F
S31500039B60FFF750FD0028BED0D5E783000DF10809A5
S31500039B700D223046DBB2CDF800901F1D0023194697
S31500039B80FFF752FB029B60064FF00D023046CDF8FD
S31500039B9000904CBFDF1BFF18002302971946FFF7FF
S31500039BA069FBA0E700F0F803D02BB4D100F007025D
S31500039BB0052301213046013242F40022FFF722FD3C
S31500039BC0002890D0A7E724022846FFF759FF204331
S31500039BD0B0F5004F9FD0040100233046A2B21946C8
S31500039BE0FFF710FD002896D114F4004F18BF4FF06D
S31500039BF0010878E7A0F1B103042B00F2DA80DFE86D
S31500039C0003F07B503D332A00C3434FF47F620107C1
S31500039C1003F0070342FA03F202F47F6201D542F42A
S31500039C208042002330461946FFF7ECFC00283FF438
S31500039C305AAF70E702AF002300F00F023046194611
S31500039C400097FFF7F1FA00230D22304619460097D5
S31500039C50FFF710FB47E703AA002330460092194695
S31500039C600D22FFF7E1FA3EE70023052130461A46A7
S31500039C70FFF7C8FC00283FF436AF4CE72846FFF74A
S31500039C80FFFE0123020300F00F001946013002F420
S31500039C90702202433046FFF7B5FC00283FF423AF9A
S31500039CA039E700230DF108090D2230461946CDF890
S31500039CB00090FFF7B9FA2846FFF7E2FE0206029C78
S31500039CC04FF002070AD500F07F00B8400737044477
S31500039CD028460294FFF7D4FE0306F4D4B84004F5ED
S31500039CE0017400230D222044CDF8009019460290FA
S31500039CF03046FFF7BFFAF6E62846FFF7C1FE431ED6
S31500039D000246DBB20E2B8CD905E72846FFF7B8FED1
S31500039D100323020300F00F001946013002F47022F8
S31500039D2002433046FFF76EFC00283FF4DCAEF2E652
S31500039D30B8F1000F2DD00020EEE62846FFF7A0FE6F
S31500039D40431E0246DBB20E2B3FF6E5AE002304218B
S31500039D503046FFF757FC00283FF4C5AEDBE600F0BC
S31500039D600F02032330460132194642F42022FFF73D
S31500039D7049FC00283FF4B7AECDE62846FFF780FE40
S31500039D8000F0F00200F00F031032013343EA02320F
S31500039D90E3E602AC434641460E2230460094FFF703
S31500039DA043FA0F224346414630460094FFF762FAD0
S31500039DB0C1E700F0FC03B42B3FF4ADAE00F007029D
S31500039DC0012330461A44194642F40022FFF71AFCCF
S31500039DD000283FF488AE9EE6024603230846D26C6B
S31500039DE010B584B008328DF80C3001A952F8043C42
S31500039DF01C021B0ECDE901428DF80D30FFF76CFEF8
S31500039E0004B010BD08B5FFF765FE806C08BD00BF42
S31500039E1008B5FFF75FFEC06CC37900EB830008301B
S31500039E2008BD00BF08B500F025F808B5FFF7FAFF2F
S31500039E30704700BF4A0011D212F5001211D20DD598
S31500039E406FF47873B3EB62520ED44FEAC12343F037
S31500039E50004343EA505323FA02F070474FF00000E1
S31500039E60704750EA013002D14FF0FF3070474FF090
S31500039E7000007047062008B500F0ECF90120FBF757
S31500039E800BF80000024B0146186800F01FBA00BF2A
S31500039E90E0000020014800F0FFB900BF9C850020C8
S31500039EA0014800F0FAB900BF9C85002010B50446AE
S31500039EB00448134620B10A4602202146AFF3008028
S31500039EC010BD00BF000000002DE9F04F904685B09D
S31500039ED089461E460D46424A02902B4615F8014B0B
S31500039EE0175D17F00807F8D12D2C10D12C78012710
S31500039EF09D1C36F0100315D1302C0DD12B7803F0B1
S31500039F00DF03582B08D16C78023510260AE02B2C78
S31500039F1004BF2C789D1CECE7002EF6D1302C14BF21
S31500039F200A26082607F1004A07F1FF3BF3173246D4
S31500039F300AF1FF3A58460393514600F011FA01928B
S31500039F4000228E46844611461046A4F13003092B9F
S31500039F5005D9A4F14103192B1ED8A4F137039E4258
S31500039F6024DD541C15D084457EEB01021BD38E459C
S31500039F7008BF844502D1019A9A4214DB039A7143BE
S31500039F8000FB0211A6FB00020A44181842EBE37118
S31500039F90012215F8014BD8E7A4F16103192B05D863
S31500039FA0A4F15703DBE74FF0FF32F2E7531C0AD164
S31500039FB02223029A584651461360B8F1000F0AD17C
S31500039FC005B0BDE8F08F17B1404261EB4101B8F12E
S31500039FD0000FF5D00AB105F1FF39C8F80090EFE795
S31500039FE0D932040013460A46014602480068FFF7C1
S31500039FF06BBF00BFE00000202DE9F74F91468A466C
S3150003A0001E460D46464A01902B4615F8014B175D31
S3150003A01017F00807F8D12D2C10D12C7801279D1C99
S3150003A02036F0100315D1302C0DD12B7803F0DF0356
S3150003A030582B08D16C78023510260AE02B2C04BF66
S3150003A0402C789D1CECE7002EF6D1302C14BF0A2683
S3150003A05008264FEAE67B32464FF0FF304FF0FF31DA
S3150003A0605B4600F07DF93246009088465B464FF02A
S3150003A070FF304FF0FF3100F073F9002318461946FD
S3150003A080A4F1300CBCF1090F1FD86446A6422DDD9E
S3150003A090B3F1FF3F16D0009B834278EB010322D333
S3150003A0A0009B884508BF834201D1A2421BDB714353
S3150003A0B000FB0B11A6FB0003194420184FF0010304
S3150003A0C041EBE47115F8014BDAE7A4F1410CBCF15D
S3150003A0D0190F01D8373CD9E7A4F1610CBCF1190F6C
S3150003A0E004D8573CD2E74FF0FF33EBE75A1C0AD1AB
S3150003A0F00199222218460A601946B9F1000F0AD1BE
S3150003A10003B0BDE8F08F17B1404261EB4101B9F1ED
S3150003A110000FF5D00BB105F1FF3AC9F800A0EFE740
S3150003A120D932040013460A46014602480068FFF77F
S3150003A13063BF00BFE00000202DE9F84F0A9E80466A
S3150003A14089461F4614468AB183B14FF0000B0BEBC9
S3150003A150040540466D0805FB079A5146B04700289B
S3150003A16009DB05D005F1010BA345F0D34FF0000A37
S3150003A1705046BDE8F88F2C46F6E70139024410B580
S3150003A180904201D1002005E0037811F8014FA34264
S3150003A19001D0181B10BD0130F2E7884210B501EB60
S3150003A1A0020402D98442234607D8431EA14208D09B
S3150003A1B011F8012B03F8012FF8E7024401468A42FE
S3150003A1C000D110BD13F8014D02F8014DF7E7024423
S3150003A1D00346934200D1704703F8011BF9E710B514
S3150003A1E06AB10139841810F8012B11F8013F9A421C
S3150003A1F003D1A04201D0002AF5D1D01A10BD1046D2
S3150003A200FCE71F2938B505460C4604D91623036017
S3150003A2104FF0FF3038BDC26B12B152F821304BB943
S3150003A220284600F031F8224601462846BDE8384064
S3150003A23000F018B8012B0AD0591C03D1162303606A
S3150003A2400120E7E70021204642F824109847002022
S3150003A250E0E70000024B01461868FFF7D2BF00BFD4
S3150003A260E000002038B50023064D04460846114693
S3150003A2702B60FAF70BFE431C02D12B6803B1236054
S3150003A28038BD00BF98850020FAF704BE014B186855
S3150003A290704700BFE00000207047704710F8012B9D
S3150003A2A011F8013B012A28BF9A42F7D0D01A70470A
S3150003A2B00A44431E914200D1704710B511F8014B71
S3150003A2C0914203F8014FF9D110BD000038B5054698
S3150003A2D0002941D051F8043C0C1F002BB8BFE418E9
S3150003A2E0FFF7D8FD1D4A136833B963601460284627
S3150003A2F0BDE83840FFF7D4BDA34208D9206821182A
S3150003A3008B4201BF19685B6809182160EDE71A469D
S3150003A3105B680BB1A342FAD911685018A0420BD15E
S3150003A32020680144501811608342E0D118685B68C5
S3150003A330084453601060DAE702D90C232B60D6E792
S3150003A340206821188B4202BF19685B68091863608D
S3150003A35008BF21605460CAE738BD00BF5C84002093
S3150003A36053B94AB9002908BF00281CBF4FF0FF3173
S3150003A3704FF0FF30FFF75CBDADF1080C6DE904CE7D
S3150003A380FEF706FCDDF804E0DDE9022304B07047BE
S3150003A390546F6F206D616E792062756666657273A0
S3150003A3A020286D6178206973202564290000000048
S3150003A3B0200000002563202869643D2564293A208E
S3150003A3C073697A653D25642C206F66667365743DF3
S3150003A3D025642C2066697273745F757365643D2505
S3150003A3E064206C6173745F757365643D2564000056
S3150003A3F0257325643A202573202825646B290000DC
S3150003A40062756666657220696E64657820256420C8
S3150003A4106973206F7574736964652072616E67650D
S3150003A420203020746F202564000000004F6E6C7985
S3150003A43020666C6F61743332206973207375707094
S3150003A4406F727465642063757272656E746C792CB1
S3150003A45020676F74202573006578706F6E656E7460
S3150003A460203C3D2033310000496E746567657254A4
S3150003A4707970652067656D6D6C6F77703A3A526FC8
S3150003A480756E64696E674469766964654279504F8F
S3150003A4905428496E7465676572547970652C206912
S3150003A4A06E7429205B7769746820496E74656765E5
S3150003A4B07254797065203D206C6F6E6720696E74E7
S3150003A4C05D000000433A2F50726F6A6563745F64E0
S3150003A4D06174612F776F726B732F706572736F6E12
S3150003A4E0616C2F65325F73747564696F5F70726F29
S3150003A4F06A6563742F7372632F74686972645F701D
S3150003A500617274792F67656D6D6C6F77702F6669ED
S3150003A510786564706F696E742F6669786564706FA9
S3150003A520696E742E680000002E2E2F7372632F74CB
S3150003A530656E736F72666C6F772F6C6974652F6DBA
S3150003A5406963726F2F6B65726E656C732F616374CB
S3150003A55069766174696F6E735F636F6D6D6F6E2E6F
S3150003A5606363000025733A2564202573207761739E
S3150003A570206E6F7420747275652E0000696E707597
S3150003A5807420213D206E756C6C707472000000009F
S3150003A5906578706F6E656E74203E3D203000000056
S3150003A5A0547970652025732028256429206E6F74DD
S3150003A5B020737570706F727465642E002E2E2F7360
S3150003A5C072632F74656E736F72666C6F772F6C6927
S3150003A5D074652F6D6963726F2F6B65726E656C732D
S3150003A5E02F6164645F636F6D6D6F6E2E636300002E
S3150003A5F0696E7075743120213D206E756C6C7074B4
S3150003A60072000000696E7075743220213D206E75EC
S3150003A6106C6C7074720000002E2E2F7372632F748D
S3150003A620656E736F72666C6F772F6C6974652F6DC9
S3150003A6306963726F2F6B65726E656C732F616464E9
S3150003A6405F6E2E63630000006E756D5F696E7075D5
S3150003A6507473203E3D20320025733A25642025730A
S3150003A66020213D2025732028256420213D202564B3
S3150003A670290000004E756D4F757470757473286EDE
S3150003A6806F64652900000000696E7075745F7465F8
S3150003A6906E736F725F666972737420213D206E75E7
S3150003A6A06C6C70747200000025733A256420257360
S3150003A6B020213D2025732028257320213D20257345
S3150003A6C029000000696E7075745F74656E736F722E
S3150003A6D05F66697273742D3E7479706500000000BD
S3150003A6E06F75747075742D3E747970650000000083
S3150003A6F04861766553616D65536861706573286952
S3150003A7006E7075745F74656E736F725F666972736C
S3150003A710742C20696E70757429000000696E70755B
S3150003A720742D3E7479706500696E7075745F746517
S3150003A7306E736F725F66697273742D3E70617261B8
S3150003A7406D732E7A65726F5F706F696E74203D3D0F
S3150003A75020696E7075742D3E706172616D732E7A09
S3150003A76065726F5F706F696E74000000696E707555
S3150003A770745F74656E736F725F66697273742D3E70
S3150003A780706172616D732E7363616C65203D3D204C
S3150003A790696E7075742D3E706172616D732E73638D
S3150003A7A0616C65004144445F4E206F6E6C79207383
S3150003A7B07570706F72747320464C4F415433322058
S3150003A7C0616E6420494E54382C20676F74202573BC
S3150003A7D02E0000004F6E6C7920666C6F6174333205
S3150003A7E02C2075696E74385F7420616E6420696EFF
S3150003A7F074385F742061726520737570706F72743C
S3150003A80065642063757272656E746C792C20676F4C
S3150003A810742025732E0000004F6E6C7920696E74C8
S3150003A82033325F742061726520737570706F727452
S3150003A83065642063757272656E746C792C20676F1C
S3150003A840742025732E00000041535349474E5F562B
S3150003A85041524941424C452072657175697265736F
S3150003A860207265736F7572636520766172696162C2
S3150003A8706C65732E20506C65617365206372656128
S3150003A8807465205265736F7572636556617269618B
S3150003A890626C657320616E642070617373206974E2
S3150003A8A020746F2074686520696E746572707265B2
S3150003A8B07465722E000000002E2E2F7372632F74A0
S3150003A8C0656E736F72666C6F772F6C6974652F6D27
S3150003A8D06963726F2F6B65726E656C732F61737329
S3150003A8E069676E5F7661726961626C652E63630088
S3150003A8F04E756D496E70757473286E6F64652900A5
S3150003A90028696E7075745F7265736F757263655FC0
S3150003A91069645F74656E736F722D3E74797065201A
S3150003A9203D3D206B54664C6974655265736F757251
S3150003A9306365207C7C20696E7075745F7265736FC6
S3150003A940757263655F69645F74656E736F722D3EBE
S3150003A95074797065203D3D206B54664C6974654976
S3150003A9606E743332290000004E756D456C656D6556
S3150003A9706E747328696E7075745F7265736F757222
S3150003A98063655F69645F74656E736F722D3E646998
S3150003A9906D7329002E2E2F7372632F74656E736F7A
S3150003A9A072666C6F772F6C6974652F6D6963726F4E
S3150003A9B02F6B65726E656C732F62617463685F7467
S3150003A9C06F5F73706163655F6E642E63630000007F
S3150003A9D033000000696E70757420213D206E756C1E
S3150003A9E06C707472202626206F757470757420211E
S3150003A9F03D206E756C6C7074720000004E756D446C
S3150003AA00696D656E73696F6E7328696E70757429E7
S3150003AA10203E3D206B496E7075744F757470757466
S3150003AA204D696E44696D656E73696F6E4E756D0023
S3150003AA304E756D44696D656E73696F6E73286F75B8
S3150003AA407470757429203E3D206B496E7075744F82
S3150003AA5075747075744D696E44696D656E73696F4F
S3150003AA606E4E756D000000004E756D44696D656E22
S3150003AA7073696F6E7328696E70757429203C3D2067
S3150003AA806B496E7075744F75747075744D61784447
S3150003AA90696D656E73696F6E4E756D004E756D44A7
S3150003AAA0696D656E73696F6E73286F7574707574EF
S3150003AAB029203C3D206B496E7075744F7574707513
S3150003AAC0744D617844696D656E73696F6E4E756D0D
S3150003AAD0000000002E2E2F7372632F74656E736F42
S3150003AAE072666C6F772F6C6974652F6D6963726F0D
S3150003AAF02F6B65726E656C732F62726F616463612F
S3150003AB0073745F617267732E6363000073686170A9
S3150003AB1065312D3E74797065203D3D206B54664C3E
S3150003AB20697465496E743332207C7C207368617066
S3150003AB3065312D3E74797065203D3D206B54664C1E
S3150003AB40697465496E743634000000007368617079
S3150003AB5065322D3E7479706500000000736861707C
S3150003AB6065312D3E74797065000000004E756D44A5
S3150003AB70696D656E73696F6E73287368617065318D
S3150003AB80290000004E756D44696D656E73696F6EBD
S3150003AB907328736861706532290000004E756D4431
S3150003ABA0696D656E73696F6E73286F7574707574EE
S3150003ABB0290000002E2E2F7372632F74656E736F38
S3150003ABC072666C6F772F6C6974652F6D6963726F2C
S3150003ABD02F6B65726E656C732F62726F616463614E
S3150003ABE073745F746F2E6363000000002E2E2F7341
S3150003ABF072632F74656E736F72666C6F772F6C69F1
S3150003AC0074652F6D6963726F2F6B65726E656C73F6
S3150003AC102F62726F6164636173745F746F2E636313
S3150003AC202042726F616463617374546F206F6E6C3C
S3150003AC307920737570706F72747320312D354420CB
S3150003AC4074656E736F722E0073686170652D3E7442
S3150003AC50797065203D3D206B54664C697465496E79
S3150003AC60743332207C7C2073686170652D3E747961
S3150003AC707065203D3D206B54664C697465496E745E
S3150003AC8036340000696E7075742D3E7479706520D4
S3150003AC90213D206B54664C697465537472696E6703
S3150003ACA0000000004E756D44696D656E73696F6EC5
S3150003ACB07328736861706529000000002E2E2F73B8
S3150003ACC072632F74656E736F72666C6F772F6C6920
S3150003ACD074652F6D6963726F2F6B65726E656C7326
S3150003ACE02F62726F6164636173745F746F2E636343
S3150003ACF0204F7574707574206D757374206D61744F
S3150003AD006368207769746820746865206578706560
S3150003AD10637465642073686170652064696D656E2C
S3150003AD2073696F6E2E0000002E2E2F7372632F74BD
S3150003AD30656E736F72666C6F772F6C6974652F6DB2
S3150003AD406963726F2F6B65726E656C732F62726FB8
S3150003AD506164636173745F746F2E6363204F7574EC
S3150003AD60707574207368617065206D7573742062E5
S3150003AD70652062726F61646361737461626C6520DE
S3150003AD8066726F6D20696E70757420736861706585
S3150003AD902E0000006F75747075745F73686170655B
S3150003ADA02E44696D732869647829203D3D206765C3
S3150003ADB0745F73686170655F646174612869647840
S3150003ADC0290000002E2E2F7372632F74656E736F26
S3150003ADD072666C6F772F6C6974652F6D6963726F1A
S3150003ADE02F6B65726E656C732F63616C6C5F6F6E30
S3150003ADF063652E63630000004E756D496E7075744E
S3150003AE0073286E6F646529203D3D203000000000E5
S3150003AE104E756D4F757470757473286E6F646529FE
S3150003AE20203D3D20300000006F705F646174612D2A
S3150003AE303E696E69745F73756267726170685F6994
S3150003AE406E646578203C2067726170685F696E6620
S3150003AE506F2E4E756D53756267726170687328291C
S3150003AE60000000002E2E2F7372632F74656E736FAE
S3150003AE7072666C6F772F6C6974652F6D6963726F79
S3150003AE802F6B65726E656C732F636173742E6363C8
S3150003AE90000000004F757470757420747970652016
S3150003AEA025732028256429206E6F742073757070AE
S3150003AEB06F727465642E0000496E70757420747920
S3150003AEC070652025732028256429206E6F742073EE
S3150003AED07570706F727465642E0000002E2E2F73CA
S3150003AEE072632F74656E736F72666C6F772F6C69FE
S3150003AEF074652F6D6963726F2F6B65726E656C7304
S3150003AF002F6365696C2E636300000000696E7075BC
S3150003AF10742D3E6279746573000000006F7574705A
S3150003AF2075742D3E6279746573000000696E7075E1
S3150003AF30742D3E64696D732D3E73697A6500000056
S3150003AF406F75747075742D3E64696D732D3E7369E8
S3150003AF507A650000696E7075742D3E64696D732D94
S3150003AF603E646174615B695D000000006F75747017
S3150003AF7075742D3E64696D732D3E646174615B69FE
S3150003AF805D0000002E2E2F7372632F74656E736F30
S3150003AF9072666C6F772F6C6974652F6D6963726F58
S3150003AFA02F6B65726E656C732F63697263756C6163
S3150003AFB0725F6275666665725F636F6D6D6F6E2E27
S3150003AFC0636300006F75747075742D3E64696D73E9
S3150003AFD02D3E646174615B305D000000696E7075BF
S3150003AFE0742D3E64696D732D3E646174615B305DDF
S3150003AFF000000000696E7075742D3E64696D732DD3
S3150003B0003E646174615B315D000000006F757470AE
S3150003B01075742D3E64696D732D3E646174615B3294
S3150003B0205D000000696E7075742D3E64696D732D45
S3150003B0303E646174615B325D00000000696E707589
S3150003B040742D3E64696D732D3E646174615B335D7B
S3150003B050000000006F75747075742D3E64696D731E
S3150003B0602D3E646174615B335D0000002E2E2F73E9
S3150003B07072632F74656E736F72666C6F772F6C696C
S3150003B08074652F6D6963726F2F6B65726E656C7372
S3150003B0902F636F6D70617269736F6E732E636300D6
S3150003B0A02E2E2F7372632F74656E736F72666C6FB9
S3150003B0B0772F6C6974652F6D6963726F2F6B657279
S3150003B0C06E656C732F636F6E636174656E6174690D
S3150003B0D06F6E2E6363000000696E7075745F74652E
S3150003B0E06E736F7220213D206E756C6C70747200E6
S3150003B0F06F75747075745F74656E736F7220213D1E
S3150003B100206E756C6C707472000000006B54664C94
S3150003B1106974654163744E6F6E6500007061726198
S3150003B1206D732D3E61637469766174696F6E000099
S3150003B130696E7075745F74797065203D3D206B543C
S3150003B140664C697465466C6F61743332207C7C206F
S3150003B150696E7075745F74797065203D3D206B541C
S3150003B160664C697465496E7438207C7C20696E7000
S3150003B17075745F74797065203D3D206B54664C6928
S3150003B1807465496E743136207C7C20696E707574E3
S3150003B1905F74797065203D3D206B54664C69746518
S3150003B1A0496E743332207C7C20696E7075745F74CB
S3150003B1B0797065203D3D206B54664C697465496E14
S3150003B1C074363400696E7075745F74797065000047
S3150003B1D06F75747075745F74797065006E756D5FE5
S3150003B1E0696E70757473203C3D206B4D6178496EB2
S3150003B1F07075744E756D00004F7020436F6E6361FA
S3150003B20074656E6174696F6E20646F6573206E6F0B
S3150003B210742063757272656E746C792073757070C1
S3150003B2206F7274206E756D2064696D656E73696FD8
S3150003B2306E73203E2025642054656E736F722068FA
S3150003B24061732025642064696D656E73696F6E731F
S3150003B2502E0000004F7020436F6E636174656E614C
S3150003B26074696F6E20646F6573206E6F74206375E7
S3150003B2707272656E746C7920737570706F72742058
S3150003B2805479706520272573272E00002E2E2F73E1
S3150003B29072632F74656E736F72666C6F772F6C694A
S3150003B2A074652F6D6963726F2F6B65726E656C7350
S3150003B2B02F636F6E762E6363000000002E2E2F73AE
S3150003B2C072632F74656E736F72666C6F772F6C691A
S3150003B2D074652F6D6963726F2F6B65726E656C7320
S3150003B2E02F636F6E762E63632048796272696420DA
S3150003B2F06D6F64656C7320617265206E6F74207365
S3150003B3007570706F72746564206F6E2054464C6955
S3150003B3107465204D6963726F2E0000007175616E4E
S3150003B32074697A65645F6D756C7469706C6965724E
S3150003B330203E3D2030000000696E7433325F742076
S3150003B34074666C6974653A3A4D756C7469706C7998
S3150003B35042795175616E74697A65644D756C746969
S3150003B360706C69657228696E7436345F742C206953
S3150003B3706E7433325F742C20696E742900000000EA
S3150003B380433A2F50726F6A6563745F646174612F09
S3150003B390776F726B732F706572736F6E616C2F6547
S3150003B3A0325F73747564696F5F70726F6A65637415
S3150003B3B02F7372632F74656E736F72666C6F772F5C
S3150003B3C06C6974652F6B65726E656C732F696E7429
S3150003B3D065726E616C2F636F6D6D6F6E2E68000004
S3150003B3E07368696674203E3D202D3331202626205E
S3150003B3F07368696674203C203800000078203E3D5F
S3150003B400202D287374617469635F636173743C6987
S3150003B4106E7436345F743E283129203C3C20343721
S3150003B420292026262078203C2028737461746963BA
S3150003B4305F636173743C696E7436345F743E28319E
S3150003B44029203C3C203437290000000042696173FF
S3150003B45020747970652025732028256429206E6F52
S3150003B4607420737570706F727465642E000000002B
S3150003B4702E2E2F7372632F74656E736F72666C6FE5
S3150003B480772F6C6974652F6D6963726F2F6B6572A5
S3150003B4906E656C732F636F6E765F636F6D6D6F6E24
S3150003B4A02E6363006861735F62696173207C7C202D
S3150003B4B06E6F64652D3E696E707574732D3E736988
S3150003B4C07A65203D3D2032006E6F64652D3E6F75B3
S3150003B4D074707574732D3E73697A650066696C744E
S3150003B4E0657220213D206E756C6C707472000000CD
S3150003B4F06B54664C697465416666696E6551756120
S3150003B5006E74697A6174696F6E00000066696C74A3
S3150003B51065722D3E7175616E74697A6174696F6EB9
S3150003B5202E74797065000000616666696E655F71E9
S3150003B53075616E74697A6174696F6E2D3E736361AA
S3150003B5406C652D3E73697A65203D3D2031207C7CF8
S3150003B55020616666696E655F7175616E74697A618D
S3150003B56074696F6E2D3E7363616C652D3E73697AE4
S3150003B57065203D3D2066696C7465722D3E64696D78
S3150003B580732D3E646174615B6B436F6E76517561B7
S3150003B5906E74697A656444696D656E73696F6E5D11
S3150003B5A0000000002E2E2F7372632F74656E736F67
S3150003B5B072666C6F772F6C6974652F6D6963726F32
S3150003B5C02F6B65726E656C732F63756D73756D2E58
S3150003B5D063630000696E7075742D3E74797065201F
S3150003B5E03D3D206B54664C697465466C6F617433DC
S3150003B5F032207C7C20696E7075742D3E747970657B
S3150003B600203D3D206B54664C697465496E74380061
S3150003B6106B54664C697465496E74333200000000DE
S3150003B620617869732D3E7479706500004E756D45BA
S3150003B6306C656D656E747328617869732900000003
S3150003B6404E756D44696D656E73696F6E7328696EA9
S3150003B65070757429203E3D203100000048617665EF
S3150003B66053616D6553686170657328696E7075748F
S3150003B6702C206F75747075742900000043554D5363
S3150003B680554D20496E76616C696420617869733A19
S3150003B6902025640043554D53554D206F6E6C79201C
S3150003B6A0737570706F72747320464C4F4154333206
S3150003B6B020616E6420494E54382C20676F74202510
S3150003B6C0732E00002E2E2F7372632F74656E736FA5
S3150003B6D072666C6F772F6C6974652F6D6963726F11
S3150003B6E02F6B65726E656C732F64657074685F7417
S3150003B6F06F5F73706163652E6363000064617461D9
S3150003B7005F74797065203D3D206B54664C697465A2
S3150003B710466C6F61743332207C7C20646174615F94
S3150003B72074797065203D3D206B54664C6974654998
S3150003B7306E743800626C6F636B5F73697A65203E63
S3150003B740203000006F75747075745F6368616E6E88
S3150003B750656C73202A20626C6F636B5F73697A650D
S3150003B760202A20626C6F636B5F73697A6500000041
S3150003B770696E7075745F6368616E6E656C730000E5
S3150003B78044455054485F544F5F5350414345206FDF
S3150003B7906E6C7920737570706F72747320464C4F9C
S3150003B7A04154333220616E6420494E54382C20674D
S3150003B7B06F742025732E00002E2E2F7372632F7441
S3150003B7C0656E736F72666C6F772F6C6974652F6D18
S3150003B7D06963726F2F6B65726E656C732F64657028
S3150003B7E07468776973655F636F6E765F636F6D6D9C
S3150003B7F06F6E2E6363000000616666696E655F7136
S3150003B80075616E74697A6174696F6E2D3E736361D7
S3150003B8106C652D3E73697A65203D3D2031207C7C25
S3150003B82020616666696E655F7175616E74697A61BA
S3150003B83074696F6E2D3E7363616C652D3E73697A11
S3150003B84065203D3D2066696C7465722D3E64696DA5
S3150003B850732D3E646174615B6B44657074687769CC
S3150003B8607365436F6E765175616E74697A65644468
S3150003B870696D656E73696F6E5D000000616666696A
S3150003B8806E655F7175616E74697A6174696F6E2D29
S3150003B8903E7A65726F5F706F696E742D3E73697A57
S3150003B8A065000000616666696E655F7175616E7439
S3150003B8B0697A6174696F6E2D3E7363616C652D3EA3
S3150003B8C073697A6500000000496E707574202573EC
S3150003B8D02C206F7574707574202573206E6F742019
S3150003B8E0737570706F727465642E00002E2E2F733D
S3150003B8F072632F74656E736F72666C6F772F6C69E4
S3150003B90074652F6D6963726F2F6B65726E656C73E9
S3150003B9102F64657175616E74697A655F636F6D6DAA
S3150003B9206F6E2E6363000000696E7075742D3E742E
S3150003B930797065203D3D206B54664C697465496E8C
S3150003B9407438207C7C20696E7075742D3E74797012
S3150003B95065203D3D206B54664C697465496E7431B0
S3150003B96036207C7C20696E7075742D3E7479706503
S3150003B970203D3D206B54664C69746555496E743899
S3150003B980000000006F75747075742D3E74797065D0
S3150003B990203D3D206B54664C697465466C6F61743B
S3150003B9A0333200002E2E2F7372632F74656E736FFE
S3150003B9B072666C6F772F6C6974652F6D6963726F2E
S3150003B9C02F6B65726E656C732F646574656374693A
S3150003B9D06F6E5F706F737470726F636573732E63CC
S3150003B9E0630000004E756D44696D656E73696F6E15
S3150003B9F07328696E7075745F626F785F656E636FC7
S3150003BA0064696E67732900004E756D44696D656ED2
S3150003BA1073696F6E7328696E7075745F636C617397
S3150003BA20735F70726564696374696F6E732900006E
S3150003BA304E756D44696D656E73696F6E7328696EB5
S3150003BA407075745F616E63686F727329000000001E
S3150003BA50286D61785F646574656374696F6E7320BE
S3150003BA603E3D20302900000028696E7465727365B7
S3150003BA706374696F6E5F6F7665725F756E696F6EFD
S3150003BA805F7468726573686F6C64203E20302E3075
S3150003BA9066292026262028696E7465727365637489
S3150003BAA0696F6E5F6F7665725F756E696F6E5F74D1
S3150003BAB068726573686F6C64203C3D20312E306676
S3150003BAC02900000056616C6964617465426F78658C
S3150003BAD073286465636F6465645F626F7865732C4E
S3150003BAE0206E756D5F626F78657329006B426174B2
S3150003BAF0636853697A650000696E7075745F626F77
S3150003BB00785F656E636F64696E67732D3E64696DF6
S3150003BB10732D3E646174615B305D0000696E707500
S3150003BB20745F626F785F656E636F64696E67732DAA
S3150003BB303E64696D732D3E646174615B325D203EC4
S3150003BB403D206B4E756D436F6F7264426F780000D4
S3150003BB50696E7075745F636C6173735F707265642D
S3150003BB60696374696F6E732D3E64696D732D3E64EC
S3150003BB706174615B305D00006E756D5F626F786541
S3150003BB8073000000696E7075745F636C6173735F35
S3150003BB9070726564696374696F6E732D3E64696D53
S3150003BBA0732D3E646174615B315D0000286E756DB3
S3150003BBB05F636C61737365735F776974685F6261F2
S3150003BBC0636B67726F756E64202D206E756D5F6390
S3150003BBD06C6173736573203C3D20312900000000BE
S3150003BBE0286E756D5F636C61737365735F776974D4
S3150003BBF0685F6261636B67726F756E64203E3D209A
S3150003BC006E756D5F636C6173736573290000000065
S3150003BC106E756D5F646574656374696F6E735F706B
S3150003BC2065725F636C617373203E20300000000011
S3150003BC30286D61785F63617465676F726965735FA9
S3150003BC407065725F616E63686F72203E20302900F3
S3150003BC5066616C7365000000666C6578627566667E
S3150003BC606572733A3A5265666572656E63652066F8
S3150003BC706C6578627566666572733A3A4D61703AB9
S3150003BC803A6F70657261746F725B5D28636F6E7372
S3150003BC907420636861722A2920636F6E73740000CF
S3150003BCA0433A2F50726F6A6563745F646174612FE0
S3150003BCB0776F726B732F706572736F6E616C2F651E
S3150003BCC0325F73747564696F5F70726F6A656374EC
S3150003BCD02F7372632F74686972645F70617274790B
S3150003BCE02F666C6174627566666572732F696E631F
S3150003BCF06C7564652F666C617462756666657273CE
S3150003BD002F666C6578627566666572732E680000C9
S3150003BD106D61785F646574656374696F6E73000043
S3150003BD206D61785F636C61737365735F7065725F72
S3150003BD30646574656374696F6E0000006465746599
S3150003BD406374696F6E735F7065725F636C6173733F
S3150003BD50000000007573655F726567756C61725FDD
S3150003BD606E6D73006E6D735F73636F72655F746878
S3150003BD70726573686F6C64006E6D735F696F755F70
S3150003BD807468726573686F6C640000006E756D5F2E
S3150003BD90636C617373657300795F7363616C6500CC
S3150003BDA0785F7363616C6500685F7363616C6500DC
S3150003BDB0775F7363616C65002E2E2F7372632F7426
S3150003BDC0656E736F72666C6F772F6C6974652F6D12
S3150003BDD06963726F2F6B65726E656C732F656C6525
S3150003BDE06D656E74776973652E636300496E70754E
S3150003BDF0742064617461207479706520257320282A
S3150003BE00256429206973206E6F7420737570706FB3
S3150003BE10727465642E0000006578706563746564EA
S3150003BE205F747970650000002E2E2F7372632F7472
S3150003BE30656E736F72666C6F772F6C6974652F6DA1
S3150003BE406963726F2F6B65726E656C732F656C75A4
S3150003BE502E636300454C55206F6E6C7920737570A5
S3150003BE60706F72747320666C6F6174333220616E07
S3150003BE706420696E74382063757272656E746C79AA
S3150003BE802C20676F742025732E0000002E2E2F732F
S3150003BE9072632F74656E736F72666C6F772F6C693E
S3150003BEA074652F6D6963726F2F6B65726E656C7344
S3150003BEB02F6578702E63630054797065202573208F
S3150003BEC0282564292063757272656E746C79206EF9
S3150003BED06F7420737570706F727465642062792055
S3150003BEE04578702E00000000457870616E645F44EB
S3150003BEF0696D73206F6E6C792063757272656E74EB
S3150003BF006C7920737570706F72747320696E7438F0
S3150003BF1020616E6420666C6F617433322C20676F08
S3150003BF20742025642E0000002E2E2F7372632F7447
S3150003BF30656E736F72666C6F772F6C6974652F6DA0
S3150003BF406963726F2F6B65726E656C732F6578709C
S3150003BF50616E645F64696D732E63630061786973F0
S3150003BF6020213D206E756C6C7074720044796E618D
S3150003BF706D696354656E736F72206973206E6F7497
S3150003BF802079657420737570706F727465642062AE
S3150003BF907920457870616E645F44696D732E000085
S3150003BFA04178697320686173206F6E6C79206F6EB8
S3150003BFB06520656C656D656E7420666F72204578C5
S3150003BFC070616E645F44696D732E00004178697316
S3150003BFD020747970652025732028256429206E6FC7
S3150003BFE07420737570706F7274656420627920456E
S3150003BFF07870616E645F44696D732E00617869734E
S3150003C0005F76616C7565203C3D20696E7075745F63
S3150003C01073686170652E44696D656E73696F6E73BF
S3150003C020436F756E742829006F75747075745F732A
S3150003C030686170652E44696D656E73696F6E7343CF
S3150003C0406F756E742829203D3D20696E7075745F87
S3150003C05073686170652E44696D656E73696F6E737F
S3150003C060436F756E742829202B2031006F75747009
S3150003C07075745F73686170652E44696D73286929E9
S3150003C080203D3D20696E7075745F73686170652E1F
S3150003C09044696D73286929006F75747075745F73CD
S3150003C0A0686170652E44696D73286929203D3D20BA
S3150003C0B0310000006F75747075745F736861706525
S3150003C0C02E44696D73286929203D3D20696E70757C
S3150003C0D0745F73686170652E44696D732869202DDA
S3150003C0E0203129002E2E2F7372632F74656E736FA2
S3150003C0F072666C6F772F6C6974652F6D6963726FE7
S3150003C1002F6B65726E656C732F66696C6C2E636339
S3150003C1100000000064696D7320213D206E756C6C10
S3150003C1207074720076616C756520213D206E756CA6
S3150003C1306C707472000000004E756D44696D656E17
S3150003C14073696F6E732876616C756529000000004C
S3150003C15076616C75652D3E74797065004E756D4418
S3150003C160696D656E73696F6E732874656E736F722E
S3150003C1702900000074656E736F725F6C656E000054
S3150003C18061727261792D3E73697A650047657454ED
S3150003C190656E736F72446174613C543E2874656EB8
S3150003C1A0736F72295B695D0061727261792D3E64FA
S3150003C1B06174615B695D000063616E6E6F74206319
S3150003C1C06F6D7061726520696E7420617272617938
S3150003C1D020746F2074656E736F72206F6620747996
S3150003C1E070652025642E000046696C6C206F6E6CAA
S3150003C1F0792063757272656E746C792073757070CD
S3150003C2006F72747320666C6F6174333220666F725B
S3150003C21020696E70757420312C20676F7420256435
S3150003C2202E0000002E2E2F7372632F74656E736FAC
S3150003C23072666C6F772F6C6974652F6D6963726FA5
S3150003C2402F6B65726E656C732F666C6F6F722E63E0
S3150003C250630000002E2E2F7372632F74656E736F47
S3150003C26072666C6F772F6C6974652F6D6963726F75
S3150003C2702F6B65726E656C732F666C6F6F725F647E
S3150003C28069762E6363000000696E707574322D3E05
S3150003C2907479706500000000696E707574312D3E07
S3150003C2A074797065000000004469766973696F6E7E
S3150003C2B020627920300000005479706520272573A9
S3150003C2C027206973206E6F7420737570706F727494
S3150003C2D0656420627920464C4F4F525F4449562E7F
S3150003C2E0000000002E2E2F7372632F74656E736F1A
S3150003C2F072666C6F772F6C6974652F6D6963726FE5
S3150003C3002F6B65726E656C732F666C6F6F725F6DE4
S3150003C3106F642E63630000005479706520272573CC
S3150003C32027206973206E6F7420737570706F727433
S3150003C330656420627920464C4F4F525F4D4F442E21
S3150003C340000000002E2E2F7372632F74656E736FB9
S3150003C35072666C6F772F6C6974652F6D6963726F84
S3150003C3602F6B65726E656C732F66756C6C795F6384
S3150003C3706F6E6E65637465642E63630054797065CE
S3150003C3802027257327206973206E6F7420737570B9
S3150003C390706F727465642062792067617468657270
S3150003C3A02E0000002E2E2F7372632F74656E736F2B
S3150003C3B072666C6F772F6C6974652F6D6963726F24
S3150003C3C02F6B65726E656C732F6761746865722E69
S3150003C3D063630000636F6F72647320213D206E7583
S3150003C3E06C6C707472000000506F736974696F6EC1
S3150003C3F073206F6620747970652027257327206163
S3150003C4007265206E6F7420737570706F72746564D5
S3150003C410206279206761746865722E0030203C3D86
S3150003C42020617869732026262061786973203C2071
S3150003C4304E756D44696D656E73696F6E7328696EAB
S3150003C440707574290000000062617463685F646933
S3150003C4506D73203C3D2061786973000030203C3DBC
S3150003C4602062617463685F64696D732026262062A7
S3150003C470617463685F64696D73203C204E756D4417
S3150003C480696D656E73696F6E7328696E707574294D
S3150003C4900000000062617463685F64696D73203C29
S3150003C4A03D204E756D44696D656E73696F6E7328B5
S3150003C4B0636F6F7264732900636F6F7264732D3ECB
S3150003C4C064696D732D3E646174615B695D00000090
S3150003C4D02E2E2F7372632F74656E736F72666C6F75
S3150003C4E0772F6C6974652F6D6963726F2F6B657235
S3150003C4F06E656C732F6761746865725F6E642E6315
S3150003C50063000000706172616D7320213D206E75BA
S3150003C5106C6C707472000000696E646963657320E5
S3150003C520213D206E756C6C707472000050617261EF
S3150003C5306D73206F66207479706520272573272015
S3150003C540617265206E6F7420737570706F72746597
S3150003C55064206279206761746865725F6E642E0079
S3150003C560496E6469636573206F662074797065200C
S3150003C5702725732720617265206E6F74207375708B
S3150003C580706F72746564206279206761746865727E
S3150003C5905F6E642E00000000506172616D73206D42
S3150003C5A0757374206265206174206C6561737420F1
S3150003C5B06120766563746F722E000000496E6469AC
S3150003C5C0636573206D757374206265206174206CD6
S3150003C5D065617374206120766563746F722E000043
S3150003C5E0496E64657820696E6E65726D6F7374202B
S3150003C5F064696D656E73696F6E206C656E677468CA
S3150003C600206D757374206265203C3D2070617261F4
S3150003C6106D732072616E6B2E00000000496E6465B7
S3150003C6207820696E6E65726D6F73742064696D65CB
S3150003C6306E73696F6E206C656E677468206D7573B3
S3150003C64074206E6F74206578636565642025642E97
S3150003C65000000000506172616D732074797065206B
S3150003C6602725732720617265206E6F74207375709A
S3150003C670706F72746564206279206761746865728D
S3150003C6805F6E642E00000000496E74656765725420
S3150003C6907970652067656D6D6C6F77703A3A526F86
S3150003C6A0756E64696E674469766964654279504F4D
S3150003C6B05428496E7465676572547970652C2069D0
S3150003C6C06E7429205B7769746820496E74656765A3
S3150003C6D07254797065203D2073686F727420696E99
S3150003C6E0745D0000556E737570706F7274656420A7
S3150003C6F074797065202573002E2E2F7372632F7441
S3150003C700656E736F72666C6F772F6C6974652F6DC8
S3150003C7106963726F2F6B65726E656C732F686172D6
S3150003C720645F73776973685F636F6D6D6F6E2E6396
S3150003C73063000000706172616D732D3E6F757470D6
S3150003C74075745F6D756C7469706C6965725F657815
S3150003C750706F6E656E74203C3D2030002E2E2F7355
S3150003C76072632F74656E736F72666C6F772F6C6965
S3150003C77074652F6D6963726F2F6B65726E656C736B
S3150003C7802F69662E636300006E6F64652D3E696EC6
S3150003C790707574732D3E73697A65203E20300000F0
S3150003C7A0636F6E6420213D206E756C6C707472002D
S3150003C7B06B54664C697465426F6F6C00636F6E648D
S3150003C7C02D3E7479706500004E756D456C656D651B
S3150003C7D06E747328636F6E64290000006F705F6464
S3150003C7E06174612D3E7468656E5F7375626772610D
S3150003C7F070685F696E646578203C20677261706853
S3150003C8005F696E666F2E4E756D53756267726170E2
S3150003C81068732829000000006F705F646174612DDE
S3150003C8203E656C73655F73756267726170685F6995
S3150003C8306E646578203C2067726170685F696E6616
S3150003C8406F2E4E756D537562677261706873282912
S3150003C8500000000067726170685F696E666F2E4E36
S3150003C860756D5375626772617068496E707574731E
S3150003C870286F705F646174612D3E7468656E5F73C3
S3150003C880756267726170685F696E64657829000016
S3150003C8906E756D5F696E7075747300006772617093
S3150003C8A0685F696E666F2E4E756D5375626772614A
S3150003C8B070684F757470757473286F705F646174F4
S3150003C8C0612D3E7468656E5F737562677261706829
S3150003C8D05F696E64657829006E756D5F6F75747038
S3150003C8E0757473002E2E2F7372632F74656E736FB8
S3150003C8F072666C6F772F6C6974652F6D6963726FDF
S3150003C9002F6B65726E656C732F6B65726E656C5FEC
S3150003C9107574696C2E63630074656E736F72202180
S3150003C9203D206E756C6C7074720000006576616CE8
S3150003C9305F74656E736F7220213D206E756C6C702B
S3150003C94074720000636F6E746578742D3E416C6C6F
S3150003C9506F6361746550657273697374656E74424F
S3150003C960756666657220213D206E756C6C707472F7
S3150003C970000000006E6F64652D3E696E70757473FA
S3150003C9802D3E73697A65203D3D206E6F64652D3EAD
S3150003C9906F7574707574732D3E73697A6500000044
S3150003C9A06279746573203E3D2030000073746174B0
S3150003C9B069635F636173743C73697A655F743E2868
S3150003C9C06E6F64652D3E696E707574732D3E736963
S3150003C9D07A65202D2066697273745F74656E736F52
S3150003C9E0725F69647829203D3D2067726170685FD4
S3150003C9F0696E666F2D3E4E756D5375626772617013
S3150003CA0068496E70757473287375626772617068AE
S3150003CA105F696478290000007374617469635F63F6
S3150003CA206173743C73697A655F743E286E6F6465DF
S3150003CA302D3E6F7574707574732D3E73697A65290F
S3150003CA40203D3D2067726170685F696E666F2D3E9B
S3150003CA504E756D5375626772617068496E70757451
S3150003CA60732873756267726170685F6964782900F9
S3150003CA707374617469635F636173743C73697A6524
S3150003CA805F743E286E6F64652D3E6F7574707574A2
S3150003CA90732D3E73697A6529203D3D206772617067
S3150003CAA0685F696E666F2D3E4E756D53756267726C
S3150003CAB06170684F757470757473287375626772E5
S3150003CAC06170685F69647829000000002E2E2F7359
S3150003CAD072632F74656E736F72666C6F772F6C69F2
S3150003CAE074652F6D6963726F2F6B65726E656C73F8
S3150003CAF02F6C325F706F6F6C5F32642E636300005E
S3150003CB006B54656E736F72536861706552616E6BB9
S3150003CB10000000004C325F504F4F4C5F3244206F91
S3150003CB206E6C7920737570706F72747320666C6F98
S3150003CB30617433322063757272656E746C792C205E
S3150003CB40676F742025732E002E2E2F7372632F7436
S3150003CB50656E736F72666C6F772F6C6974652F6D74
S3150003CB606963726F2F6B65726E656C732F6C326EB1
S3150003CB706F726D2E636300004E756D44696D656E4D
S3150003CB8073696F6E7328696E70757429203C3D2036
S3150003CB90340000006F75747075742D3E747970657A
S3150003CBA0203D3D206B54664C697465466C6F617419
S3150003CBB03332207C7C206F75747075742D3E7479C6
S3150003CBC07065203D3D206B54664C697465496E74EF
S3150003CBD0380000004F757470757420747970652081
S3150003CBE069732025732C20726571756972657320CC
S3150003CBF0666C6F61742E00004F6E6C7920666C6FE5
S3150003CC00617433322C20696E743820617265207327
S3150003CC107570706F72746564206279204C45414B60
S3150003CC20595F52454C552C20676F742025732E008F
S3150003CC302E2E2F7372632F74656E736F72666C6F0D
S3150003CC40772F6C6974652F6D6963726F2F6B6572CD
S3150003CC506E656C732F6C65616B795F72656C755F5E
S3150003CC60636F6D6D6F6E2E63630000002E2E2F7340
S3150003CC7072632F74656E736F72666C6F772F6C6950
S3150003CC8074652F6D6963726F2F6B65726E656C7356
S3150003CC902F6C6F6769737469635F636F6D6D6F6E16
S3150003CCA02E6363007374643A3A6E756D65726963D5
S3150003CCB05F6C696D6974733C696E74385F743E3A70
S3150003CCC03A6D696E282900006F75747075742D3E70
S3150003CCD0706172616D732E7A65726F5F706F696EC4
S3150003CCE074000000696E7075742D3E706172616D1B
S3150003CCF0732E7A65726F5F706F696E740000000041
S3150003CD00436865636B65644C6F6732286F7574702F
S3150003CD1075742D3E706172616D732E7363616C65FC
S3150003CD202C20266F75747075745F7363616C655F11
S3150003CD306C6F67325F726F756E64656429000000FD
S3150003CD402D6B4F75747075744672616374696F6E7B
S3150003CD50616C4269747300006F75747075745F73E8
S3150003CD6063616C655F6C6F67325F726F756E646566
S3150003CD7064000000547970652025732028256429F2
S3150003CD80206973206E6F7420737570706F7274658B
S3150003CD9064206279204D6178696D756D2F4D696EDA
S3150003CDA0696D756D2E0000002E2E2F7372632F741E
S3150003CDB0656E736F72666C6F772F6C6974652F6D12
S3150003CDC06963726F2F6B65726E656C732F6D697213
S3150003CDD0726F725F7061642E636300004E756D44FB
S3150003CDE0696D656E73696F6E732870616464696ECD
S3150003CDF0675F6D6174726978290000004E756D4432
S3150003CE00696D656E73696F6E7328696E7075745F8D
S3150003CE1074656E736F72290053697A654F66446948
S3150003CE206D656E73696F6E2870616464696E675FA2
S3150003CE306D61747269782C20302900002E2E2F73B1
S3150003CE4072632F74656E736F72666C6F772F6C697E
S3150003CE5074652F6D6963726F2F6B65726E656C7384
S3150003CE602F6D756C5F636F6D6D6F6E2E6363000060
S3150003CE70547970652027257327206973206E6F7494
S3150003CE8020737570706F72746564206279207061A7
S3150003CE90636B2E002E2E2F7372632F74656E736F62
S3150003CEA072666C6F772F6C6974652F6D6963726F29
S3150003CEB02F6B65726E656C732F7061642E636300EE
S3150003CEC04E756D496E70757473286E6F646529208F
S3150003CED03D3D2032207C7C204E756D496E70757405
S3150003CEE073286E6F646529203D3D203300000000E2
S3150003CEF070616464696E677320213D206E756C6C86
S3150003CF00707472004E756D44696D656E73696F6EEC
S3150003CF107328696E70757429203C3D2072656665B9
S3150003CF2072656E63655F6F70733A3A5061644B6501
S3150003CF30726E656C4D617844696D656E73696F6E6B
S3150003CF40436F756E74282900636F6E7374616E7414
S3150003CF505F76616C7565732D3E74797065000000AC
S3150003CF604E756D456C656D656E747328636F6E7370
S3150003CF7074616E745F76616C7565732900000000D9
S3150003CF806F75747075742D3E64696D732D3E736988
S3150003CF907A65202A2032000047657454656E736FE4
S3150003CFA07253686170652870616464696E6773297A
S3150003CFB02E466C617453697A652829004973436F59
S3150003CFC06E7374616E7454656E736F7228706164E8
S3150003CFD064696E67732900006578706563746564B8
S3150003CFE05F64696D000000006F75747075745F642B
S3150003CFF0696D00006F75747075742D3E7061726192
S3150003D0006D732E7A65726F5F706F696E74203E3D25
S3150003D010207374643A3A6E756D657269635F6C6901
S3150003D0206D6974733C696E74385F743E3A3A6D6920
S3150003D0306E2829006F75747075742D3E7061726168
S3150003D0406D732E7A65726F5F706F696E74203C3DE7
S3150003D050207374643A3A6E756D657269635F6C69C1
S3150003D0606D6974733C696E74385F743E3A3A6D61E8
S3150003D07078282900636F6E7374616E745F76616CD2
S3150003D0807565732D3E706172616D732E7A65726F6D
S3150003D0905F706F696E7400007374617469635F63B4
S3150003D0A06173743C646F75626C653E28636F6E735F
S3150003D0B074616E745F76616C7565732D3E70617213
S3150003D0C0616D732E7363616C6529000073746174FB
S3150003D0D069635F636173743C646F75626C653E2854
S3150003D0E06F75747075742D3E706172616D732E73F6
S3150003D0F063616C65290000005479706520257320EF
S3150003D1006E6F742063757272656E746C79207375B5
S3150003D11070706F72746564206279205061642E00AA
S3150003D120496E707574207479706520257320697350
S3150003D130206E6F742063757272656E746C792073DA
S3150003D1407570706F727465640000000054797065C1
S3150003D150202573206E6F742063757272656E746C0E
S3150003D1607920737570706F727465642E0000000009
S3150003D1702E2E2F7372632F74656E736F72666C6FC8
S3150003D180772F6C6974652F6D6963726F2F6B657288
S3150003D1906E656C732F706F6F6C696E675F636F6D0F
S3150003D1A06D6F6E2E636300004F6E6C7920666C6F35
S3150003D1B06174333220616E642075696E74385F74EE
S3150003D1C02061726520737570706F72746564206375
S3150003D1D0757272656E746C792C20676F7420256482
S3150003D1E02E0000002E2E2F7372632F74656E736FDD
S3150003D1F072666C6F772F6C6974652F6D6963726FD6
S3150003D2002F6B65726E656C732F7072656C755F63D9
S3150003D2106F6D6D6F6E2E636300000000616C706846
S3150003D2206120213D206E756C6C70747200000000E5
S3150003D2302E2E2F7372632F74656E736F72666C6F07
S3150003D240772F6C6974652F6D6963726F2F6B6572C7
S3150003D2506E656C732F7175616E74697A655F636F42
S3150003D2606D6D6F6E2E6363006F75747075742D3EEE
S3150003D2707175616E74697A6174696F6E2E747970F3
S3150003D28065000000616666696E655F7175616E743F
S3150003D290697A6174696F6E00616666696E655F714E
S3150003D2A075616E74697A6174696F6E2D3E7363611D
S3150003D2B06C650000616666696E655F7175616E74A3
S3150003D2C0697A6174696F6E2D3E7363616C652D3E79
S3150003D2D073697A65203D3D2031000000696E7075E3
S3150003D2E0742D3E74797065203D3D206B54664C6900
S3150003D2F07465466C6F61743332207C7C20696E7072
S3150003D30075742D3E74797065203D3D206B54664CD3
S3150003D310697465496E743332207C7C20696E70753E
S3150003D320742D3E74797065203D3D206B54664C69BF
S3150003D3307465496E743136207C7C20696E70757411
S3150003D3402D3E74797065203D3D206B54664C69749F
S3150003D35065496E7438207C7C20696E7075742D3E29
S3150003D36074797065203D3D206B54664C6974655530
S3150003D370496E7438000000006F75747075742D3E25
S3150003D38074797065203D3D206B54664C697465491C
S3150003D3906E7438207C7C206F75747075742D3E74A2
S3150003D3A0797065203D3D206B54664C697465496E02
S3150003D3B0743136207C7C206F75747075742D3E74C1
S3150003D3C0797065203D3D206B54664C697465496EE2
S3150003D3D0743332207C7C206F75747075742D3E74A3
S3150003D3E0797065203D3D206B54664C6974655549DB
S3150003D3F06E743800524541445F5641524941424C8E
S3150003D40045207265717569726573207265736F75F0
S3150003D410726365207661726961626C65732E205052
S3150003D4206C6561736520637265617465205265730B
S3150003D4306F757263655661726961626C65732061AB
S3150003D4406E64207061737320697420746F2074682E
S3150003D4506520696E7465727072657465722E00005C
S3150003D4602E2E2F7372632F74656E736F72666C6FD5
S3150003D470772F6C6974652F6D6963726F2F6B657295
S3150003D4806E656C732F7265647563655F636F6D6D2F
S3150003D4906F6E2E63630000006E6F64652D3E696ECA
S3150003D4A0707574732D3E73697A65000073746174C5
S3150003D4B069635F636173743C646F75626C653E2870
S3150003D4C06F705F646174612D3E6F75747075745F00
S3150003D4D07363616C652900007374617469635F63C8
S3150003D4E06173743C646F75626C653E286F705F642C
S3150003D4F06174612D3E696E7075745F7363616C65EB
S3150003D500290000006F705F646174612D3E6F75744E
S3150003D5107075745F7A7000006F705F646174612D5B
S3150003D5203E696E7075745F7A700000007265666599
S3150003D53072656E63655F6F70733A3A5265647563BD
S3150003D5406547656E657269633C696E74385F743EE0
S3150003D550282074666C6974653A3A6D6963726F3A2A
S3150003D5603A47657454656E736F72446174613C69BE
S3150003D5706E74385F743E28696E707574292C206941
S3150003D5806E7075742D3E64696D732D3E64617461AE
S3150003D5902C20696E7075742D3E64696D732D3E7310
S3150003D5A0697A652C2074666C6974653A3A6D6963A9
S3150003D5B0726F3A3A47657454656E736F7244617459
S3150003D5C0613C696E74385F743E286F757470757448
S3150003D5D0292C206F75747075742D3E64696D732DD7
S3150003D5E03E646174612C206F75747075742D3E648E
S3150003D5F0696D732D3E73697A652C2074666C697444
S3150003D600653A3A6D6963726F3A3A47657454656E63
S3150003D610736F72446174613C696E743E2861786904
S3150003D62073292C206E756D5F617869732C20706188
S3150003D63072616D732D3E6B6565705F64696D732CE6
S3150003D6402074656D705F6275666665722C207265FF
S3150003D650736F6C7665645F617869732C2073746489
S3150003D6603A3A6E756D657269635F6C696D69747359
S3150003D6703C696E74385F743E3A3A6C6F77657374BF
S3150003D68028292C205B5D28636F6E737420696E7482
S3150003D690385F742063757272656E742C20636F6EC7
S3150003D6A0737420696E74385F7420696E29202D3E69
S3150003D6B020696E74385F74207B2072657475726E90
S3150003D6C02028696E203E2063757272656E74292068
S3150003D6D03F20696E203A2063757272656E743B2033
S3150003D6E07D2900004F6E6C7920666C6F617433324E
S3150003D6F020616E6420696E743820747970657320B6
S3150003D70061726520737570706F727465642E0000A4
S3150003D7107265666572656E63655F6F70733A3A52DA
S3150003D720656475636547656E657269633C666C6FB0
S3150003D73061743E282074666C6974653A3A6D696350
S3150003D740726F3A3A47657454656E736F72446174C7
S3150003D750613C666C6F61743E28696E707574292C22
S3150003D76020696E7075742D3E64696D732D3E646118
S3150003D77074612C20696E7075742D3E64696D732D0A
S3150003D7803E73697A652C2074666C6974653A3A6DE2
S3150003D7906963726F3A3A47657454656E736F724480
S3150003D7A06174613C666C6F61743E286F7574707545
S3150003D7B074292C206F75747075742D3E64696D73AE
S3150003D7C02D3E646174612C206F75747075742D3EE3
S3150003D7D064696D732D3E73697A652C2074666C6972
S3150003D7E074653A3A6D6963726F3A3A47657454657C
S3150003D7F06E736F72446174613C696E743E2861781E
S3150003D8006973292C206E756D5F617869732C20709E
S3150003D8106172616D732D3E6B6565705F64696D73CF
S3150003D8202C2074656D705F6275666665722C207256
S3150003D83065736F6C7665645F617869732C207374A6
S3150003D840643A3A6E756D657269635F6C696D697486
S3150003D850733C666C6F61743E3A3A6C6F77657374AA
S3150003D86028292C205B5D28636F6E737420666C6FAA
S3150003D87061742063757272656E742C20636F6E73A8
S3150003D8807420666C6F617420696E29202D3E2066B4
S3150003D8906C6F6174207B2072657475726E202869C3
S3150003D8A06E203E2063757272656E7429203F20696F
S3150003D8B06E203A2063757272656E743B207D290073
S3150003D8C07265666572656E63655F6F70733A3A4D2E
S3150003D8D065616E282074666C6974653A3A6D69638E
S3150003D8E0726F3A3A47657454656E736F7244617426
S3150003D8F0613C666C6F61743E28696E707574292C81
S3150003D90020696E7075742D3E64696D732D3E646176
S3150003D91074612C20696E7075742D3E64696D732D68
S3150003D9203E73697A652C2074666C6974653A3A6D40
S3150003D9306963726F3A3A47657454656E736F7244DE
S3150003D9406174613C666C6F61743E286F75747075A3
S3150003D95074292C206F75747075742D3E64696D730C
S3150003D9602D3E646174612C206F75747075742D3E41
S3150003D97064696D732D3E73697A652C2074666C69D0
S3150003D98074653A3A6D6963726F3A3A4765745465DA
S3150003D9906E736F72446174613C696E743E2861787C
S3150003D9A06973292C206E756D5F617869732C2070FD
S3150003D9B06172616D732D3E6B6565705F64696D732E
S3150003D9C02C2074656D705F696E6465782C207265B2
S3150003D9D0736F6C7665645F617869732C2074666C0B
S3150003D9E06974653A3A6D6963726F3A3A4765745476
S3150003D9F0656E736F72446174613C666C6F61743EED
S3150003DA00286F757470757429290000007265666540
S3150003DA1072656E63655F6F70733A3A4D65616E2822
S3150003DA202074666C6974653A3A6D6963726F3A3A43
S3150003DA3047657454656E736F72446174613C696EB5
S3150003DA4074385F743E28696E707574292C20696E6C
S3150003DA507075742D3E64696D732D3E646174612C1B
S3150003DA6020696E7075742D3E64696D732D3E7369FE
S3150003DA707A652C2074666C6974653A3A6D696372CB
S3150003DA806F3A3A47657454656E736F724461746195
S3150003DA903C696E74385F743E286F757470757429AB
S3150003DAA02C206F75747075742D3E64696D732D3EED
S3150003DAB0646174612C206F75747075742D3E64698E
S3150003DAC06D732D3E73697A652C2074666C69746573
S3150003DAD03A3A6D6963726F3A3A47657454656E7381
S3150003DAE06F72446174613C696E743E286178697330
S3150003DAF0292C206E756D5F617869732C20706172B5
S3150003DB00616D732D3E6B6565705F64696D732C2063
S3150003DB1074656D705F696E6465782C207265736FCA
S3150003DB206C7665645F617869732C2074656D705FCC
S3150003DB3062756666657229007265666572656E63EF
S3150003DB40655F6F70733A3A5175616E74697A65648D
S3150003DB504D65616E4F7253756D282074666C6974DA
S3150003DB60653A3A6D6963726F3A3A47657454656EFE
S3150003DB70736F72446174613C696E74385F743E28D6
S3150003DB80696E707574292C206F705F646174612DE2
S3150003DB903E696E7075745F7A702C206F705F646176
S3150003DBA074612D3E696E7075745F7363616C652C69
S3150003DBB020696E7075742D3E64696D732D3E6461C4
S3150003DBC074612C20696E7075742D3E64696D732DB6
S3150003DBD03E73697A652C2074666C6974653A3A6D8E
S3150003DBE06963726F3A3A47657454656E736F72442C
S3150003DBF06174613C696E74385F743E286F75747026
S3150003DC007574292C206F705F646174612D3E6F7586
S3150003DC10747075745F7A702C206F705F64617461C1
S3150003DC202D3E6F75747075745F7363616C652C201C
S3150003DC306F75747075742D3E64696D732D3E6461E2
S3150003DC4074612C206F75747075742D3E64696D73E1
S3150003DC502D3E73697A652C2074666C6974653A3A4D
S3150003DC606D6963726F3A3A47657454656E736F7282
S3150003DC70446174613C696E743E2861786973292C2A
S3150003DC80206E756D5F617869732C20706172616DAA
S3150003DC90732D3E6B6565705F64696D732C207465C7
S3150003DCA06D705F696E6465782C207265736F6C7630
S3150003DCB065645F617869732C2074656D705F627546
S3150003DCC0666665722C2066616C7365290000000028
S3150003DCD07265666572656E63655F6F70733A3A4D1A
S3150003DCE065616E2874666C6974653A3A6D69637228
S3150003DCF06F3A3A47657454656E736F724461746123
S3150003DD003C696E7431365F743E28696E707574298A
S3150003DD102C20696E7075742D3E64696D732D3E6497
S3150003DD206174612C20696E7075742D3E64696D7320
S3150003DD302D3E73697A652C2074666C6974653A3A6C
S3150003DD406D6963726F3A3A47657454656E736F72A1
S3150003DD50446174613C696E7431365F743E286F7535
S3150003DD6074707574292C206F75747075742D3E64E8
S3150003DD70696D732D3E646174612C206F75747075C3
S3150003DD80742D3E64696D732D3E73697A652C207418
S3150003DD90666C6974653A3A6D6963726F3A3A4765B8
S3150003DDA07454656E736F72446174613C696E743E3C
S3150003DDB02861786973292C206E756D5F61786973A4
S3150003DDC02C20706172616D732D3E6B6565705F64A7
S3150003DDD0696D732C2074656D705F696E6465782C4C
S3150003DDE0207265736F6C7665645F617869732C2046
S3150003DDF074656D705F627566666572290000000062
S3150003DE007265666572656E63655F6F70733A3A51E4
S3150003DE1075616E74697A65644D65616E4F7253758B
S3150003DE206D282074666C6974653A3A6D6963726F1E
S3150003DE303A3A47657454656E736F72446174613C14
S3150003DE40696E7431365F743E28696E707574292C59
S3150003DE50206F705F646174612D3E696E7075745FC7
S3150003DE607A702C206F705F646174612D3E696E70E9
S3150003DE7075745F7363616C652C20696E7075742DA0
S3150003DE803E64696D732D3E646174612C20696E7006
S3150003DE9075742D3E64696D732D3E73697A652C2006
S3150003DEA074666C6974653A3A6D6963726F3A3A4798
S3150003DEB0657454656E736F72446174613C696E7404
S3150003DEC031365F743E286F7574707574292C206F14
S3150003DED0705F646174612D3E6F75747075745F7ADB
S3150003DEE0702C206F705F646174612D3E6F75747062
S3150003DEF075745F7363616C652C206F7574707574CC
S3150003DF002D3E64696D732D3E646174612C206F75BB
S3150003DF10747075742D3E64696D732D3E73697A65ED
S3150003DF202C2074666C6974653A3A6D6963726F3A4C
S3150003DF303A47657454656E736F72446174613C69E4
S3150003DF406E743E2861786973292C206E756D5F6146
S3150003DF507869732C20706172616D732D3E6B6565F4
S3150003DF60705F64696D732C2074656D705F696E6490
S3150003DF7065782C207265736F6C7665645F6178696A
S3150003DF80732C2074656D705F6275666665722C20EE
S3150003DF9066616C73652900002E2E2F7372632F74CE
S3150003DFA0656E736F72666C6F772F6C6974652F6D10
S3150003DFB06963726F2F6B65726E656C732F7265641E
S3150003DFC07563655F636F6D6D6F6E2E636320437557
S3150003DFD07272656E746C792C206F6E6C7920666C28
S3150003DFE06F617433322C20696E7438206F7220751A
S3150003DFF0696E743820696E70757420747970652043
S3150003E000697320737570706F727465642E000000F7
S3150003E0102E2E2F7372632F74656E736F72666C6F19
S3150003E020772F6C6974652F6D6963726F2F6B6572D9
S3150003E0306E656C732F726573686170652E6363001A
S3150003E0402D310000737472657463685F64696D00D3
S3150003E0506E756D5F6F75747075745F656C656D65F0
S3150003E0606E7473006E756D5F696E7075745F656C43
S3150003E070656D656E747300004E756D496E707574CB
S3150003E08073286E6F646529203D3D2031207C7C20FA
S3150003E0904E756D496E70757473286E6F64652920AD
S3150003E0A03D3D2032000000006B54664C6974654F99
S3150003E0B06B000000526573686170654F7574707507
S3150003E0C07428636F6E746578742C206E6F6465298B
S3150003E0D0000000002E2E2F7372632F74656E736F0C
S3150003E0E072666C6F772F6C6974652F6D6963726FD7
S3150003E0F02F6B65726E656C732F726573697A655FD4
S3150003E10062696C696E6561722E6363004E756D4458
S3150003E110696D656E73696F6E732873697A65290015
S3150003E12073697A652D3E7479706500002E2E2F7300
S3150003E13072632F74656E736F72666C6F772F6C697B
S3150003E14074652F6D6963726F2F6B65726E656C7381
S3150003E1502F726573697A655F62696C696E65617250
S3150003E1602E6363204E6F6E20636F6E7374616E74DD
S3150003E1702073697A652074656E736F72206E6F748F
S3150003E18020737570706F7274656400004966206849
S3150003E190616C665F706978656C5F63656E746572E2
S3150003E1A07320697320547275652C20616C69676EE0
S3150003E1B05F636F726E657273206D7573742062652B
S3150003E1C02046616C73652E004F75747075742074E8
S3150003E1D07970652069732025642C207265717569D1
S3150003E1E072657320666C6F6174206F7220696E743A
S3150003E1F0382E00002E2E2F7372632F74656E736F85
S3150003E20072666C6F772F6C6974652F6D6963726FB5
S3150003E2102F6B65726E656C732F726573697A655FB2
S3150003E2206E6561726573745F6E65696768626F7246
S3150003E2302E63630073697A652D3E64696D732D3EA3
S3150003E240646174615B305D0044796E616D6963205E
S3150003E25074656E736F72732061726520756E737564
S3150003E26070706F7274656420696E2074666D69637D
S3150003E270726F2E004F75747075742074656E736FAC
S3150003E2807220747970652025732028256429206EF1
S3150003E2906F7420737570706F727465642E0000005E
S3150003E2A02E2E2F7372632F74656E736F72666C6F87
S3150003E2B0772F6C6974652F6D6963726F2F6B657247
S3150003E2C06E656C732F726F756E642E636300000048
S3150003E2D02E2E2F7372632F74656E736F72666C6F57
S3150003E2E0772F6C6974652F6D6963726F2F6B657217
S3150003E2F06E656C732F73686170652E63630000002F
S3150003E3002E2E2F7372632F74656E736F72666C6F26
S3150003E310772F6C6974652F6D6963726F2F6B6572E6
S3150003E3206E656C732F736C6963652E6363000000FF
S3150003E330426567696E2074656E736F7220747970B7
S3150003E340652025732028256429206E6F7420737534
S3150003E35070706F727465642E00000000496E7075EC
S3150003E360742074656E736F722074797065202573DB
S3150003E3702028256429206E6F7420737570706F7260
S3150003E3807465642E000000002E2E2F7372632F74A3
S3150003E390656E736F72666C6F772F6C6974652F6D1C
S3150003E3A06963726F2F6B65726E656C732F736F661D
S3150003E3B0746D61785F636F6D6D6F6E2E63630000BE
S3150003E3C07261775F6578705F6C757420213D206E8E
S3150003E3D0756C6C70747200006F6E655F6F76657234
S3150003E3E05F6F6E655F706C75735F785F6C757420B5
S3150003E3F0213D206E756C6C7074720000696E7075C9
S3150003E400742D3E74797065203D3D206B54664C69CE
S3150003E4107465496E7438207C7C20696E7075742D22
S3150003E4203E74797065203D3D206B54664C69746576
S3150003E430496E74313600000025733A25642025732E
S3150003E440206E6F74206E6561722025732028256601
S3150003E45020213D2025662900312E66202F203332C8
S3150003E460373638006F75747075742D3E706172613E
S3150003E4706D732E7363616C65000000002D333237B4
S3150003E48036380000312E66202F20363535333600D8
S3150003E4902D313238000000006F75747075742D3E8F
S3150003E4A0706172616D732E7363616C65203D3D20EF
S3150003E4B0312E66202F203235360000006E6F6465DC
S3150003E4C02D3E757365725F6461746120213D206E14
S3150003E4D0756C6C70747200002E2E2F7372632F741A
S3150003E4E0656E736F72666C6F772F6C6974652F6DCB
S3150003E4F06963726F2F6B65726E656C732F737061D0
S3150003E50063655F746F5F62617463685F6E642E63D5
S3150003E510630000002E2E2F7372632F74656E736F64
S3150003E52072666C6F772F6C6974652F6D6963726F92
S3150003E5302F6B65726E656C732F73706163655F74A1
S3150003E5406F5F64657074682E636300006F75747023
S3150003E55075745F686569676874202A20626C6F63E7
S3150003E5606B5F73697A650000696E7075745F6865C1
S3150003E57069676874000000006F75747075745F775F
S3150003E58069647468202A20626C6F636B5F73697AAF
S3150003E59065000000696E7075745F7769647468005E
S3150003E5A053504143455F544F5F4445505448206F91
S3150003E5B06E6C7920737570706F72747320464C4F4E
S3150003E5C04154333220616E6420494E54382C2067FF
S3150003E5D06F742025732E00002E2E2F7372632F74F3
S3150003E5E0656E736F72666C6F772F6C6974652F6DCA
S3150003E5F06963726F2F6B65726E656C732F73706CC4
S3150003E60069742E63630000002E2E2F7372632F74BA
S3150003E610656E736F72666C6F772F6C6974652F6D99
S3150003E6206963726F2F6B65726E656C732F73706C93
S3150003E63069742E6363204E6F6E20636F6E7374610D
S3150003E6406E7420617869732074656E736F72206EC1
S3150003E6506F7420737570706F7274656400000000C8
S3150003E660617869735F76616C7565203E3D20300085
S3150003E670617869735F76616C7565203C20696E709D
S3150003E68075742D3E64696D732D3E73697A6500005A
S3150003E690547970652025732063757272656E746C88
S3150003E6A079206E6F7420737570706F727465642E43
S3150003E6B0000000002E2E2F7372632F74656E736F26
S3150003E6C072666C6F772F6C6974652F6D6963726FF1
S3150003E6D02F6B65726E656C732F73706C69745F76DE
S3150003E6E02E6363002E2E2F7372632F74656E736F02
S3150003E6F072666C6F772F6C6974652F6D6963726FC1
S3150003E7002F6B65726E656C732F73706C69745F76AD
S3150003E7102E6363204E6F6E20636F6E7374616E7427
S3150003E72020617869732074656E736F72206E6F74DF
S3150003E73020737570706F7274656400002E2E2F73CC
S3150003E74072632F74656E736F72666C6F772F6C6965
S3150003E75074652F6D6963726F2F6B65726E656C736B
S3150003E7602F73717565657A652E6363006F757470B3
S3150003E77075745F627974655F73697A65000000007A
S3150003E780696E7075745F627974655F73697A650023
S3150003E790696E7075745F6E756D5F64696D73203C29
S3150003E7A03D206D61785F73717565657A655F646930
S3150003E7B06D73000063757272656E74203E3D203082
S3150003E7C02026262063757272656E74203C20696E5E
S3150003E7D07075745F6E756D5F64696D732026262090
S3150003E7E0696E7075745F64696D732D3E64617461DF
S3150003E7F05B63757272656E745D203D3D203100006A
S3150003E8002E2E2F7372632F74656E736F72666C6F21
S3150003E810772F6C6974652F6D6963726F2F6B6572E1
S3150003E8206E656C732F737472696465645F736C6968
S3150003E83063652E6363207374726964652076616C05
S3150003E84075652068617320746F206265206E6F6E34
S3150003E8502D7A65726F0000002E2E2F7372632F744C
S3150003E860656E736F72666C6F772F6C6974652F6D47
S3150003E8706963726F2F6B65726E656C732F73747237
S3150003E880696465645F736C6963652E636300000086
S3150003E89064696D5F73686170650000006F757470FD
S3150003E8A075745F73686170652D3E646174615B7333
S3150003E8B0686170655F73697A655D0000736861708E
S3150003E8C0655F73697A6500006F75747075745F733D
S3150003E8D0686170652D3E73697A6500002E2E2F736D
S3150003E8E072632F74656E736F72666C6F772F6C69C4
S3150003E8F074652F6D6963726F2F6B65726E656C73CA
S3150003E9002F737472696465645F736C6963652E63E0
S3150003E9106320696E7075742064696D2073686F7502
S3150003E9206C64206E6F7420657863656564203400BB
S3150003E9305175616E74697A656420747970652025F2
S3150003E94073206E6F742063757272656E746C7920B2
S3150003E950737570706F727465642E00002E2E2F739C
S3150003E96072632F74656E736F72666C6F772F6C6943
S3150003E97074652F6D6963726F2F6B65726E656C7349
S3150003E9802F7375625F636F6D6D6F6E2E6363000029
S3150003E9902E2E2F7372632F74656E736F72666C6F90
S3150003E9A0772F6C6974652F6D6963726F2F6B657250
S3150003E9B06E656C732F737664665F636F6D6D6F6ED2
S3150003E9C02E636300776569676874735F6665617450
S3150003E9D075726520213D206E756C6C707472000033
S3150003E9E0776569676874735F74696D6520213D2077
S3150003E9F06E756C6C707472006163746976617469A8
S3150003EA006F6E5F737461746520213D206E756C6C47
S3150003EA10707472006E756D5F66696C7465727320CF
S3150003EA20252072616E6B000062617463685F7369AF
S3150003EA307A6500006E756D5F756E6974730000000C
S3150003EA406F75747075742D3E64696D732D3E6461C4
S3150003EA5074615B315D0000004E756D44696D656ED2
S3150003EA6073696F6E7328776569676874735F666524
S3150003EA706174757265290000696E7075745F7369D8
S3150003EA807A650000776569676874735F66656174A4
S3150003EA907572652D3E64696D732D3E646174615BA9
S3150003EAA0315D00004E756D44696D656E73696F6EF9
S3150003EAB07328776569676874735F74696D65290080
S3150003EAC06E756D5F66696C746572730077656967E9
S3150003EAD06874735F74696D652D3E64696D732D3E4D
S3150003EAE0646174615B305D006D656D6F72795F7330
S3150003EAF0697A6500776569676874735F74696D65BC
S3150003EB002D3E64696D732D3E646174615B315D00F6
S3150003EB10626961732D3E64696D732D3E6461746130
S3150003EB205B305D004E756D44696D656E73696F6E1E
S3150003EB30732861637469766174696F6E5F73746158
S3150003EB407465290061637469766174696F6E5F73B6
S3150003EB50746174652D3E64696D732D3E64617461E1
S3150003EB605B305D006D656D6F72795F73697A6520E1
S3150003EB702A206E756D5F66696C746572730000009A
S3150003EB8061637469766174696F6E5F7374617465CA
S3150003EB902D3E64696D732D3E646174615B315D0066
S3150003EBA07472756500000000616374697661746947
S3150003EBB06F6E5F73746174652D3E69735F76617200
S3150003EBC06961626C65000000776569676874735FE5
S3150003EBD0666561747572652D3E7479706500000013
S3150003EBE028776569676874735F74696D652D3E740C
S3150003EBF0797065203D3D206B54664C697465496E9A
S3150003EC0074313629207C7C2028776569676874739C
S3150003EC105F74696D652D3E74797065203D3D206B8B
S3150003EC2054664C697465496E7438290028616374A7
S3150003EC3069766174696F6E5F73746174652D3E7472
S3150003EC40797065203D3D206B54664C697465496E49
S3150003EC5074313629207C7C2028616374697661745B
S3150003EC60696F6E5F73746174652D3E747970652088
S3150003EC703D3D206B54664C697465496E74382900B2
S3150003EC80626961732D3E7479706500007374643A2A
S3150003EC903A616273287374617469635F6361737441
S3150003ECA03C646F75626C653E28626961732D3E70C4
S3150003ECB06172616D732E7363616C6529202D2073F8
S3150003ECC074617469635F636173743C646F75626CCA
S3150003ECD0653E2861637469766174696F6E5F7374E8
S3150003ECE06174652D3E706172616D732E7363616C21
S3150003ECF065202A20776569676874735F74696D6533
S3150003ED002D3E706172616D732E7363616C65292983
S3150003ED10203C2031652D3500776569676874735F1C
S3150003ED2074696D652D3E747970650000616374695D
S3150003ED30766174696F6E5F73746174652D3E747961
S3150003ED40706500002E2E2F7372632F74656E736FBA
S3150003ED5072666C6F772F6C6974652F6D6963726F5A
S3150003ED602F6B65726E656C732F74616E682E6363A9
S3150003ED70000000002E2E2F7372632F74656E736F5F
S3150003ED8072666C6F772F6C6974652F6D6963726F2A
S3150003ED902F6B65726E656C732F7472616E73706F11
S3150003EDA073652E63630000002E2E2F7372632F7418
S3150003EDB0656E736F72666C6F772F6C6974652F6DF2
S3150003EDC06963726F2F6B65726E656C732F747261F4
S3150003EDD06E73706F73652E6363205472616E737006
S3150003EDE06F7365206F70206F6E6C7920737570700A
S3150003EDF06F7274732031442D354420696E707574B7
S3150003EE00206172726179732E000000006F705F6378
S3150003EE106F6E746578742E6F75747075742D3E7489
S3150003EE20797065006F705F636F6E746578742E69B1
S3150003EE306E7075742D3E7479706500004E756D4461
S3150003EE40696D656E73696F6E73286F705F636F6E3E
S3150003EE50746578742E7065726D29000064696D732C
S3150003EE60000000006F705F636F6E746578742E70B8
S3150003EE7065726D2D3E64696D732D3E646174615BCD
S3150003EE80305D00002E2E2F7372632F74656E736FC1
S3150003EE9072666C6F772F6C6974652F6D6963726F19
S3150003EEA02F6B65726E656C732F7472616E73706F00
S3150003EEB073652E6363205472616E73706F7365207E
S3150003EEC06F70207065726D75746174696F6E7320EF
S3150003EED06172726179206973206F7574206F662081
S3150003EEE0626F756E64732E005479706520257320E6
S3150003EEF069732063757272656E746C79206E6F74B4
S3150003EF0020737570706F7274656420627920547211
S3150003EF10616E73706F73652E204F6E6C7920666C0D
S3150003EF206F6174333220616E6420696E74382069B0
S3150003EF307320737570706F72746564002E2E2F7351
S3150003EF4072632F74656E736F72666C6F772F6C695D
S3150003EF5074652F6D6963726F2F6B65726E656C7363
S3150003EF602F7472616E73706F73655F636F6E762E47
S3150003EF7063630000616666696E655F7175616E74D1
S3150003EF80697A6174696F6E2D3E7A65726F5F706F11
S3150003EF90696E74006861735F62696173207C7C20AB
S3150003EFA06E6F64652D3E696E707574732D3E73695D
S3150003EFB07A65203D3D2033002E2E2F7372632F7406
S3150003EFC0656E736F72666C6F772F6C6974652F6DE0
S3150003EFD06963726F2F6B65726E656C732F747261E2
S3150003EFE06E73706F73655F636F6E762E636320480F
S3150003EFF07962726964206D6F64656C7320617265F2
S3150003F000206E6F7420737570706F72746564206FF1
S3150003F0106E2054464C697465204D6963726F2E00E9
S3150003F020547970652027257327206973206E6F74C2
S3150003F03020737570706F7274656420627920756EC3
S3150003F0407061636B2E0000005641525F48414E4487
S3150003F0504C45207265717569726573207265736FAD
S3150003F06075726365207661726961626C65732E20C1
S3150003F070506C6561736520637265617465205265C2
S3150003F080736F757263655661726961626C6573202D
S3150003F090616E64207061737320697420746F2074C9
S3150003F0A0686520696E7465727072657465722E0088
S3150003F0B02E2E2F7372632F74656E736F72666C6F69
S3150003F0C0772F6C6974652F6D6963726F2F6B657229
S3150003F0D06E656C732F7768696C652E636300000039
S3150003F0E06F705F646174612D3E636F6E645F7375E9
S3150003F0F06267726170685F696E646578203C206739
S3150003F100726170685F696E666F2E4E756D537562B8
S3150003F1106772617068732829000000006F705F646E
S3150003F1206174612D3E626F64795F737562677261A4
S3150003F13070685F696E646578203C206772617068E9
S3150003F1405F696E666F2E4E756D5375626772617079
S3150003F150687328290000000067726170685F696E32
S3150003F160666F2E4E756D5375626772617068496E70
S3150003F17070757473286F705F646174612D3E636F7D
S3150003F1806E645F73756267726170685F696E6465EA
S3150003F1907829000067726170685F696E666F2E4E2C
S3150003F1A0756D5375626772617068496E70757473B5
S3150003F1B0286F705F646174612D3E626F64795F735B
S3150003F1C0756267726170685F696E646578290000AD
S3150003F1D067726170685F696E666F2E4E756D5375E3
S3150003F1E06267726170684F757470757473286F7097
S3150003F1F05F646174612D3E626F64795F73756267E4
S3150003F200726170685F696E64657829002E2E2F73AC
S3150003F21072632F74656E736F72666C6F772F6C698A
S3150003F22074652F6D6963726F2F6B65726E656C7390
S3150003F2302F7A65726F735F6C696B652E636300006B
S3150003F2405A65726F734C696B65206F6E6C792063B8
S3150003F250757272656E746C7920737570706F7274E3
S3150003F2607320696E7436342C20696E7433322C2005
S3150003F270616E6420666C6F617433322C20676F7421
S3150003F2802025642E00000000496E7465726E616C61
S3150003F290206572726F723A206569746865722062BE
S3150003F2A07566666572206973206E6F742072657366
S3150003F2B0697A61626C65206F722052657365745456
S3150003F2C0656D70416C6C6F636174696F6E73282929
S3150003F2D0206973206E6F742063616C6C65642062B1
S3150003F2E065666F726520526573697A6542756666EF
S3150003F2F0657228292E0000004661696C65642074D6
S3150003F3006F20726573697A65206275666665722E0B
S3150003F310205265717565737465643A2025752C20D2
S3150003F320617661696C61626C652025752C206D6957
S3150003F3307373696E673A2025750000004661696C30
S3150003F340656420746F20616C6C6F636174652074EF
S3150003F350656D70206D656D6F72792E2052657175BE
S3150003F36065737465643A2025752C20617661696C32
S3150003F37061626C652025752C206D697373696E67F0
S3150003F3803A202575000000004661696C65642074A7
S3150003F3906F20616C6C6F63617465207461696C20A6
S3150003F3A06D656D6F72792E2052657175657374651F
S3150003F3B0643A2025752C20617661696C61626C65FF
S3150003F3C02025752C206D697373696E673A20257540
S3150003F3D0000000004E756D626572206F6620616CD9
S3150003F3E06C6F63617465642074656D702062756605
S3150003F3F0666572733A2025642E20436865636B73D2
S3150003F400756D2070617373696E67207374617475AB
S3150003F410733A202564000000416C6C2074656D709E
S3150003F4202062756666657273206D757374206265F6
S3150003F430206672656564206265666F726520636126
S3150003F4406C6C696E6720526573657454656D7041A3
S3150003F4506C6C6F636174696F6E732829000000001A
S3150003F460496E76616C696420706172616D6574655D
S3150003F47072204275696C74696E4F70657261746F40
S3150003F480725F435553544F4D20746F207468652043
S3150003F4904164644275696C74696E2066756E637443
S3150003F4A0696F6E2E0000000043616C6C696E672005
S3150003F4B04164644275696C74696E20776974682067
S3150003F4C07468652073616D65206F70206D6F72655A
S3150003F4D0207468616E206F6E6365206973206E6F9A
S3150003F4E07420737570706F7274656420284F703A58
S3150003F4F020232564292E0000436F756C646E2774E0
S3150003F500207265676973746572206275696C7469C4
S3150003F5106E206F70202325642C207265736F6C76C2
S3150003F52065722073697A6520697320746F6F20731F
S3150003F5306D616C6C20282564292E000043495243D3
S3150003F540554C41525F42554646455200436F756CD2
S3150003F550646E2774207265676973746572206375B8
S3150003F56073746F6D206F7020272573272C207265A7
S3150003F570736F6C7665722073697A6520697320747C
S3150003F5806F6F20736D616C6C202825642900000061
S3150003F59043616C6C696E6720416464437573746F71
S3150003F5A06D20666F72207468652073616D65206FC8
S3150003F5B070206D6F7265207468616E206F6E63656F
S3150003F5C0206973206E6F7420737570706F72746523
S3150003F5D06420284F703A202573292E0054464C691F
S3150003F5E074655F446574656374696F6E5F506F73AA
S3150003F5F07450726F636573730000000069203C20CA
S3150003F60073697A6528290000666C6174627566669B
S3150003F6106572733A3A566563746F723C543E3A3A6E
S3150003F62072657475726E5F7479706520666C617449
S3150003F630627566666572733A3A566563746F723CB1
S3150003F640543E3A3A47657428666C61746275666619
S3150003F6506572733A3A756F66667365745F742920CB
S3150003F660636F6E7374205B776974682054203D2042
S3150003F670666C6174627566666572733A3A4F66665E
S3150003F6807365743C74666C6974653A3A537562477C
S3150003F690726170683E3B2072657475726E5F747931
S3150003F6A07065203D20636F6E73742074666C697495
S3150003F6B0653A3A53756247726170682A3B20666CF5
S3150003F6C06174627566666572733A3A756F666673D8
S3150003F6D065745F74203D206C6F6E6720756E736969
S3150003F6E0676E656420696E745D000000433A2F50AF
S3150003F6F0726F6A6563745F646174612F776F726B8F
S3150003F700732F706572736F6E616C2F65325F7374DE
S3150003F7107564696F5F70726F6A6563742F73726362
S3150003F7202F74686972645F70617274792F666C6195
S3150003F73074627566666572732F696E636C7564654C
S3150003F7402F666C6174627566666572732F76656380
S3150003F750746F722E680000004661696C65642074DC
S3150003F7606F20616C6C6F63617465206D656D6F727C
S3150003F7707920666F72206D656D6F727920706C618A
S3150003F7806E6E696E672C202564206279746573201A
S3150003F790726571756972656400000000666C617458
S3150003F7A0627566666572733A3A566563746F723C40
S3150003F7B0543E3A3A72657475726E5F747970652059
S3150003F7C0666C6174627566666572733A3A5665630A
S3150003F7D0746F723C543E3A3A47657428666C61749A
S3150003F7E0627566666572733A3A756F6666736574B3
S3150003F7F05F742920636F6E7374205B776974682066
S3150003F80054203D20666C6174627566666572733A50
S3150003F8103A4F66667365743C74666C6974653A3A06
S3150003F8204F70657261746F723E3B207265747572B8
S3150003F8306E5F74797065203D20636F6E73742074F8
S3150003F840666C6974653A3A4F70657261746F722AB1
S3150003F8503B20666C6174627566666572733A3A75C7
S3150003F8606F66667365745F74203D206C6F6E6720E8
S3150003F870756E7369676E656420696E745D0000005A
S3150003F880446F6573206E6F7420737570706F727436
S3150003F89020696E7465726D6564696174652074654B
S3150003F8A06E736F722077697468206E6F6E2D7A653A
S3150003F8B0726F2073697A653A20256400666C6174F9
S3150003F8C0627566666572733A3A566563746F723C1F
S3150003F8D0543E3A3A72657475726E5F747970652038
S3150003F8E0666C6174627566666572733A3A566563E9
S3150003F8F0746F723C543E3A3A47657428666C617479
S3150003F900627566666572733A3A756F666673657491
S3150003F9105F742920636F6E7374205B776974682044
S3150003F92054203D20666C6174627566666572733A2F
S3150003F9303A4F66667365743C74666C6974653A3AE5
S3150003F94054656E736F723E3B2072657475726E5F9B
S3150003F95074797065203D20636F6E73742074666CD2
S3150003F9606974653A3A54656E736F722A3B20666C06
S3150003F9706174627566666572733A3A756F66667325
S3150003F98065745F74203D206C6F6E6720756E7369B6
S3150003F990676E656420696E745D000000666C617451
S3150003F9A0627566666572733A3A566563746F723C3E
S3150003F9B0543E3A3A72657475726E5F747970652057
S3150003F9C0666C6174627566666572733A3A56656308
S3150003F9D0746F723C543E3A3A47657428666C617498
S3150003F9E0627566666572733A3A756F6666736574B1
S3150003F9F05F742920636F6E7374205B776974682064
S3150003FA0054203D20666C6174627566666572733A4E
S3150003FA103A4F66667365743C74666C6974653A3A04
S3150003FA204F70657261746F72436F64653E3B2072FB
S3150003FA30657475726E5F74797065203D20636F6EB1
S3150003FA4073742074666C6974653A3A4F70657261B3
S3150003FA50746F72436F64652A3B20666C61746275CA
S3150003FA6066666572733A3A756F66667365745F7434
S3150003FA70203D206C6F6E6720756E7369676E6564D3
S3150003FA8020696E745D000000666C6174627566665B
S3150003FA906572733A3A566563746F723C543E3A3AEA
S3150003FAA072657475726E5F7479706520666C6174C5
S3150003FAB0627566666572733A3A566563746F723C2D
S3150003FAC0543E3A3A47657428666C61746275666695
S3150003FAD06572733A3A756F66667365745F74292047
S3150003FAE0636F6E7374205B776974682054203D20BE
S3150003FAF0666C6174627566666572733A3A4F6666DA
S3150003FB007365743C74666C6974653A3A42756666E5
S3150003FB1065723E3B2072657475726E5F74797065AB
S3150003FB20203D20636F6E73742074666C6974653A46
S3150003FB303A4275666665722A3B20666C6174627525
S3150003FB4066666572733A3A756F66667365745F7453
S3150003FB50203D206C6F6E6720756E7369676E6564F2
S3150003FB6020696E745D0000004E6272206F66206F1E
S3150003FB7066666C696E6520627566666572206F6679
S3150003FB806673657473202825642920696E206D6564
S3150003FB90746164617461206E6F7420657175616C44
S3150003FBA0206E62722074656E736F727320282564EB
S3150003FBB0290A0000666C6174627566666572733A3B
S3150003FBC03A566563746F723C543E3A3A726574757D
S3150003FBD0726E5F7479706520666C617462756666B1
S3150003FBE06572733A3A566563746F723C543E3A3A99
S3150003FBF047657428666C6174627566666572733AE6
S3150003FC003A756F66667365745F742920636F6E73E6
S3150003FC1074205B776974682054203D206C6F6E678F
S3150003FC20206C6F6E6720696E743B20726574757203
S3150003FC306E5F74797065203D206C6F6E67206C6F04
S3150003FC406E6720696E743B20666C617462756666C6
S3150003FC506572733A3A756F66667365745F74203DB1
S3150003FC60206C6F6E6720756E7369676E65642069B5
S3150003FC706E745D002E2E2F7372632F74656E736F11
S3150003FC8072666C6F772F6C6974652F6D6963726F1B
S3150003FC902F6D6963726F5F616C6C6F6361746F72F2
S3150003FCA02E636300706C616E6E65725F6172656E62
S3150003FCB06120213D206E756C6C707472000000002B
S3150003FCC04661696C656420746F20616C6C6F636157
S3150003FCD07465207661726961626C652074656E7302
S3150003FCE06F72206F662073697A65202564000000B1
S3150003FCF04661696C656420746F20616C6C6F636127
S3150003FD007465206D656D6F727920666F72206E6FF4
S3150003FD1064655F616E645F7265676973747261744B
S3150003FD20696F6E732E0000004661696C656420740A
S3150003FD306F20706F70756C61746520612074656DDA
S3150003FD40702054664C69746554656E736F722073C4
S3150003FD5074727563742066726F6D20666C6174626B
S3150003FD607566666572206461746121004661696C1B
S3150003FD70656420746F20706F70756C6174652061A3
S3150003FD802070657273697374656E742054664C696A
S3150003FD90746554656E736F72207374727563742021
S3150003FDA066726F6D20666C61746275666665722035
S3150003FDB06461746121000000556E61626C65207494
S3150003FDC06F20616C6C6F636174652054664C697453
S3150003FDD065416666696E655175616E74697A6174AB
S3150003FDE0696F6E2E0A000000556E61626C652074A1
S3150003FDF06F20616C6C6F63617465207175616E74DD
S3150003FE00697A6174696F6E2D3E7A65726F5F706F82
S3150003FE10696E742E0A0000004661696C656420747D
S3150003FE206F20616C6C6F63617465206D656D6F72B5
S3150003FE307920666F7220636F6E746578742D3E65E4
S3150003FE4076616C5F74656E736F72732C2025642004
S3150003FE5062797465732072657175697265640000F1
S3150003FE604661696C656420746F20696E69746961A3
S3150003FE706C697A652074656E736F72202564000061
S3150003FE804D6963726F416C6C6F6361746F723A2074
S3150003FE904D6F64656C20616C6C6F636174696F6E22
S3150003FEA02073746172746564206265666F7265207F
S3150003FEB066696E697368696E672070726576696FC5
S3150003FEC075736C7920616C6C6F6361746564206D06
S3150003FED06F64656C000000004661696C656420749C
S3150003FEE06F20616C6C6F63617465206D656D6F72F5
S3150003FEF07920666F72206D6F64656C206D65746121
S3150003FF00646174612E0000004D6963726F416C6C0D
S3150003FF106F6361746F723A204D6F64656C20616C18
S3150003FF206C6F636174696F6E2066696E6973686569
S3150003FF3064206265666F7265207374617274696E9C
S3150003FF406720616C6C6F636174696E67206D6F64A3
S3150003FF50656C00005363726174636820627566663C
S3150003FF60657220726571756573742065786565645D
S3150003FF7073206C696D697420706572206F70657289
S3150003FF8061746F7220282564290000000D0A0000A1
S3150003FF904E6F646520257320286E756D6265722029
S3150003FFA025646629206661696C656420746F207018
S3150003FFB07265706172652077697468207374617401
S3150003FFC07573202564000000666C6174627566664D
S3150003FFD06572733A3A566563746F723C543E3A3AA5
S3150003FFE072657475726E5F7479706520666C617480
S3150003FFF0627566666572733A3A566563746F723CE8
S31500040000543E3A3A47657428666C6174627566664E
S315000400106572733A3A756F66667365745F74292000
S31500040020636F6E7374205B776974682054203D2077
S315000400306C6F6E6720696E743B2072657475726EA0
S315000400405F74797065203D206C6F6E6720696E74ED
S315000400503B20666C6174627566666572733A3A75BE
S315000400606F66667365745F74203D206C6F6E6720DF
S31500040070756E7369676E656420696E745D00000051
S31500040080416363657373696E672073756267726132
S31500040090706820256420627574206F6E6C79202543
S315000400A0642073756267726170687320666F756E1B
S315000400B0640000004E6F646520257320286E756DFC
S315000400C062657220256429206661696C6564207402
S315000400D06F20696E766F6B65207769746820737418
S315000400E061747573202564004144440041564552A9
S315000400F04147455F504F4F4C5F324400434F4E4398
S315000401004154454E4154494F4E000000434F4E560C
S315000401105F3244004445505448574953455F434F62
S315000401204E565F324400000044455054485F544FD5
S315000401305F5350414345000044455155414E54498F
S315000401405A450000454D42454444494E475F4C4F8D
S315000401504F4B555000000000464C4F4F52000000D4
S3150004016046554C4C595F434F4E4E45435445440007
S31500040170484153485441424C455F4C4F4F4B5550B0
S31500040180000000004C325F4E4F524D414C495A41DB
S3150004019054494F4E000000004C325F504F4F4C5FA5
S315000401A0324400004C4F43414C5F524553504F4E2E
S315000401B053455F4E4F524D414C495A4154494F4E57
S315000401C0000000004C4F47495354494300000000C7
S315000401D04C53485F50524F4A454354494F4E0000D2
S315000401E04D41585F504F4F4C5F3244004D554C00C3
S315000401F052454C550000000052454C555F4E315F48
S31500040200544F5F310000000052454C553600000043
S315000402105245534841504500524553495A455F4259
S31500040220494C494E4541520053504143455F544F52
S315000402305F444550544800005356444600000000AD
S3150004024054414E4800000000434F4E4341545F451D
S315000402504D42454444494E4753000000534B4950D0
S315000402605F4752414D00000043414C4C00000000E2
S31500040270435553544F4D0000454D42454444494E61
S31500040280475F4C4F4F4B55505F53504152534500B7
S3150004029050414400554E49444952454354494F4EF2
S315000402A0414C5F53455155454E43455F524E4E00B2
S315000402B0474154484552000042415443485F544F15
S315000402C05F53504143455F4E440000005350414341
S315000402D0455F544F5F42415443485F4E440000001B
S315000402E04D45414E00000000535542004449560016
S315000402F053515545455A4500554E4944495245437F
S3150004030054494F4E414C5F53455155454E43455F05
S315000403104C53544D00000000535452494445445F25
S31500040320534C49434500000042494449524543540D
S31500040330494F4E414C5F53455155454E43455F52D7
S315000403404E4E000045585000544F504B5F563200F5
S3150004035053504C49540000004C4F475F534F46548A
S315000403604D41580044454C45474154450000000062
S315000403704249444952454354494F4E414C5F5345C3
S315000403805155454E43455F4C53544D0043415354D8
S31500040390000000005052454C550000004D4158499C
S315000403A04D554D004152475F4D4158004D494E4908
S315000403B04D554D004C455353000000004E45470033
S315000403C050414456320000004752454154455200BC
S315000403D0475245415445525F455155414C00000032
S315000403E04C4553535F455155414C000053454C45CC
S315000403F04354000053494E005452414E53504F53F8
S31500040400455F434F4E5600005350415253455F5487
S315000404104F5F44454E53450054494C450000000087
S31500040420455850414E445F44494D53004E4F545F26
S31500040430455155414C0000004C4F4700535152540E
S3150004044000000000525351525400000053484150DA
S3150004045045000000504F57004152475F4D494E003A
S3150004046046414B455F5155414E5400005245445553
S3150004047043455F50524F44005245445543455F4DF2
S31500040480415800005041434B000000004C4F47497F
S3150004049043414C5F4F5200004F4E455F484F540056
S315000404A04C4F474943414C5F414E44004C4F4749EA
S315000404B043414C5F4E4F5400554E5041434B000050
S315000404C05245445543455F4D494E0000464C4F4FF7
S315000404D0525F4449560000005245445543455F4126
S315000404E04E59000053515541524500005A45524F4A
S315000404F0535F4C494B45000046494C4C00000000F4
S31500040500464C4F4F525F4D4F4400000052414E47F8
S3150004051045000000524553495A455F4E45415245F0
S3150004052053545F4E45494748424F52004C45414B50
S31500040530595F52454C550000535155415245445F4D
S31500040540444946464552454E434500004D4952529C
S315000405504F525F504144000053504C49545F56007B
S31500040560554E4951554500004345494C000000008D
S31500040570524556455253455F563200004144445F46
S315000405804E0000004741544845525F4E4400000067
S31500040590434F5300574845524500000052414E4BC5
S315000405A000000000454C5500524556455253455FE0
S315000405B053455155454E4345000000004D415452A4
S315000405C049585F44494147005155414E54495A459B
S315000405D0000000004D41545249585F5345545F444E
S315000405E049414700524F554E440000004841524489
S315000405F05F53574953480000494600005748494C41
S31500040600450000004E4F4E5F4D41585F53555050C4
S3150004061052455353494F4E5F563400004E4F4E5F7A
S315000406204D41585F5355505052455353494F4E5FB1
S3150004063056350000534341545445525F4E4400001E
S3150004064053454C4543545F563200000044454E53CF
S31500040650494659005345474D454E545F53554D0041
S3150004066042415443485F4D41544D554C00000000EF
S31500040670504C414345484F4C4445525F464F525FA8
S31500040680475245415445525F4F505F434F4445538B
S315000406900000000043554D53554D000043414C4C5A
S315000406A05F4F4E434500000042524F41444341537D
S315000406B0545F544F00000000524646543244000032
S315000406C0434F4E565F334400494D414700000000F6
S315000406D05245414C00000000434F4D504C45585F75
S315000406E041425300484153485441424C450000009E
S315000406F0484153485441424C455F46494E440000E4
S31500040700484153485441424C455F494D504F525419
S3150004071000000000484153485441424C455F534948
S315000407205A4500005245445543455F414C4C000030
S31500040730434F4E565F33445F5452414E53504F53CA
S31500040740450000005641525F48414E444C45000066
S31500040750524541445F5641524941424C45000000CE
S3150004076041535349474E5F5641524941424C450015
S3150004077042524F4144434153545F41524753000050
S3150004078052414E444F4D5F5354414E444152445F8F
S315000407904E4F524D414C00004255434B4554495A25
S315000407A04500000052414E444F4D5F554E49464F59
S315000407B0524D00004D554C54494E4F4D49414C0045
S315000407C047454C550000000044594E414D49435F8E
S315000407D05550444154455F534C494345000000007D
S315000407E052454C555F305F544F5F3100554E534F61
S315000407F0525445445F5345474D454E545F50524FFE
S3150004080044000000466C6174427566666572732026
S31500040810322E302E35000000496E70757420696ED4
S31500040820646578202564206F7574206F6620726174
S315000408306E676520286C656E677468206973202569
S31500040840642900004F757470757420696E64657848
S31500040850202564206F7574206F662072616E67654B
S3150004086020286C656E6774682069732025642900E6
S315000408704D697373696E6720726567697374726113
S3150004088074696F6E20666F72206F70636F64655F44
S31500040890696E6465782025640A0000004661696C07
S315000408A0656420746F206765742072656769737464
S315000408B0726174696F6E2066726F6D206F7020634B
S315000408C06F64652025730A2000000000536B69706D
S315000408D070696E67206F7020666F72206F70636F29
S315000408E064655F696E6465782025640A000000000B
S315000408F0556E737570706F72746564206265686195
S3150004090076696F723A20666F756E64206275696CDB
S3150004091074696E206F70657261746F72202573201E
S315000409207769746820637573746F6D206F7074696A
S315000409306F6E732E0A000000446964206E6F742083
S3150004094066696E6420612070617273657220666FD9
S3150004095072202573000000004661696C656420738B
S3150004096074617274696E67206D6F64656C20616C66
S315000409706C6F636174696F6E2E0A00004661696C60
S31500040980656420746F20616C6C6F63617465206D9F
S31500040990656D6F727920666F7220636F6E74657809
S315000409A0742D3E696E7075745F74656E736F7273C1
S315000409B05F2C2025642062797465732072657175D5
S315000409C069726564000000004661696C65642074A0
S315000409D06F20696E697469616C697A6520696E70E5
S315000409E075742074656E736F7220256400000000B0
S315000409F04661696C656420746F20616C6C6F636119
S31500040A007465206D656D6F727920666F7220636FF1
S31500040A106E746578742D3E6F75747075745F746545
S31500040A206E736F72735F2C2025642062797465730C
S31500040A302072657175697265640000004661696CAF
S31500040A40656420746F20696E697469616C697A657E
S31500040A50206F75747075742074656E736F722025BB
S31500040A6064000000496E766F6B6528292063616C0B
S31500040A706C656420616674657220696E6974696167
S31500040A806C697A6174696F6E206661696C65640A63
S31500040A9000000000417474656D7074696E6720749B
S31500040AA06F2072656164206E6F6E2D65786973744C
S31500040AB0656E74207265736F7572636520766172F4
S31500040AC06961626C65202564000000004661696CFA
S31500040AD0656420746F20616C6C6F63617465207249
S31500040AE065736F75726365206275666665722E003E
S31500040AF0417474656D7074696E6720746F206173D8
S31500040B007369676E2066726F6D20612054664C6946
S31500040B1074654576616C54656E736F7220626566A2
S31500040B206F726520746865207265736F757263658C
S31500040B302062756666657220686173206265656EFB
S31500040B4020616C6C6F63617465642E204D616B6506
S31500040B50207375726520746F2063616C6C20417319
S31500040B607369676E5265736F7572636556617269F0
S31500040B7061626C65207769746820612054664C69EB
S31500040B80746554656E736F722066697273742E0091
S31500040B904661696C656420746F20616C6C6F636177
S31500040BA07465207265736F75726365207661726908
S31500040BB061626C652E204D6178696D756D20726574
S31500040BC0736F75726365207661726961626C652004
S31500040BD0636F756E742028256429207265616368C5
S31500040BE065642E00496E66004E614E002A325E0030
S31500040BF00304080B0D0E111213141516170000002A
S31500040C002E2E2F7372632F74656E736F72666C6FFC
S31500040C10772F6C6974652F6B65726E656C732F6BB9
S31500040C2065726E656C5F7574696C2E636300000093
S31500040C307363616C655F64696666202F206F7574E3
S31500040C407075745F7363616C65203C3D20302E3093
S31500040C5032000000696E7075745F70726F6475633C
S31500040C60745F7363616C65203E3D203000000000B4
S31500040C706E6F5F696E74656765725F6F76657266BF
S31500040C806C6F775F66726F6D5F7175616E74697A8A
S31500040C906174696F6E000000696E7075742D3E7123
S31500040CA075616E74697A6174696F6E2E7479706594
S31500040CB00000000066696C7465722D3E7479706577
S31500040CC0000000006E756D5F6368616E6E656C731F
S31500040CD00000000066696C7465722D3E64696D736C
S31500040CE02D3E646174615B616666696E655F7175EC
S31500040CF0616E74697A6174696F6E2D3E7175616E89
S31500040D0074697A65645F64696D656E73696F6E5D37
S31500040D1000000000496E707574206172726179205A
S31500040D206E6F742070726F766964656420666F7284
S31500040D30206F7065726174696F6E20272573272E84
S31500040D400A000000466F756E6420746F6F206D6133
S31500040D506E792064696D656E73696F6E7320696E52
S31500040D602074686520696E70757420617272617989
S31500040D70206F66206F7065726174696F6E20272517
S31500040D8073272E0A00000000556E737570706F721B
S31500040D9074656420646174612074797065202564C7
S31500040DA020696E2074656E736F720A00556E6861F1
S31500040DB06E646C65642066756C6C792D636F6E6EFB
S31500040DC06563746564207765696768747320666F04
S31500040DD0726D61742E00000072657368617065003F
S31500040DE073717565657A65004F70206275696C74F8
S31500040DF0696E5F636F6465206F7574206F66207219
S31500040E00616E67653A2025642E2041726520796FEC
S31500040E1075207573696E67206F6C642054464C693F
S31500040E2074652062696E6172792077697468206ED0
S31500040E3065776572206D6F64656C3F004469646E06
S31500040E4027742066696E64206F7020666F72206254
S31500040E5075696C74696E206F70636F6465202725ED
S31500040E6073272076657273696F6E20272564272E93
S31500040E7020416E206F6C6465722076657273696FAB
S31500040E806E206F662074686973206275696C746974
S31500040E906E206D6967687420626520737570706F63
S31500040EA0727465642E2041726520796F752075739E
S31500040EB0696E6720616E206F6C642054464C6974B9
S31500040EC0652062696E617279207769746820612091
S31500040ED06E65776572206D6F64656C3F0A0000006D
S31500040EE04F70657261746F72207769746820435518
S31500040EF053544F4D206275696C74696E5F636F64F9
S31500040F006520686173206E6F20637573746F6D5FFF
S31500040F10636F64652E0A0000556E6B6E6F776E20E4
S31500040F2074797065000000004E4F54595045000016
S31500040F30464C4F4154333200494E5433320000007C
S31500040F4055494E5438000000494E543634000000CA
S31500040F50535452494E470000424F4F4C0000000084
S31500040F60494E543136000000434F4D504C455836D7
S31500040F7034000000494E543800000000464C4F41EE
S31500040F8054313600464C4F4154363400434F4D508D
S31500040F904C4558313238000055494E543634000019
S31500040FA05245534F5552434500000000564152499D
S31500040FB0414E540055494E543332000055494E545F
S31500040FC0313600005465726D696E616C0000000074
S31500040FD044454255473A00002E2E2F7372632F6DF7
S31500040FE061696E5F6170706C69636174696F6E2E9E
S31500040FF06370702054464C697465204170706C6946
S31500041000636174696F6E2044656D6F00494E464F87
S315000410103A0000002E2E2F7372632F6D61696E5F86
S315000410206170706C69636174696F6E2E6370702091
S3150004103050726564696374696F6E3A2025730000A3
S31500041040466F676779000000486F74005261696EE5
S315000410507900000053756E6E790000004E36746692
S315000410606C69746531384D6963726F4D656D6F7265
S3150004107079506C616E6E657245000000582D04004F
S315000410805C1004004E3674666C69746531394772B7
S31500041090656564794D656D6F7279506C616E6E65C8
S315000410A0724500000C2E0400841004007C10040019
S315000410B000000000A4100400790200008102000070
S315000410C08D020000D9020000910500007D02000097
S315000410D08907000035020000D90500000000000061
S315000410E000000000000000000100000000000000F5
S315000410F0F7000000000000000000000000000000EF
S3150004110000000000020000000100000000000000D2
S3150004111000000000020000000100000000000000C2
S3150004112000000100000000000200000001000000B1
S3150004113000000000000000000000000000000000A5
S31500041140000000000080AB825585FD87A58A498D85
S31500041150EB8F89922495B9974A9AD59C5A9FD8A120
S3150004116050A4C0A628A988ABDFAD2EB073B2AFB425
S31500041170E1B609B927BB3BBD44BF43C137C320C54C
S31500041180FEC6D1C899CA57CC09CEB1CF4DD1DFD24C
S3150004119066D4E3D555D7BDD81ADA6EDBB7DCF7DDEE
S315000411A02DDF59E07CE197E2A8E3B0E4B0E5A8E6D8
S315000411B098E77FE85FE937EA08EBD2EB95EC51ED67
S315000411C007EEB6EE5FEF01F09FF036F1C8F154F288
S315000411D0DCF25EF3DCF355F4CAF43AF5A6F50EF642
S315000411E072F6D2F62FF788F7DEF730F87FF8CBF8E9
S315000411F015F95BF99FF9E0F91EFA5AFA94FACCFA52
S3150004120001FB34FB65FB95FBC2FBEEFB18FC40FCC3
S3150004121066FC8CFCAFFCD1FCF2FC12FD30FD4DFDEE
S3150004122069FD84FD9EFDB6FDCEFDE5FDFBFD0FFECD
S3150004123024FE37FE49FE5BFE6CFE7DFE8CFE9BFEA5
S31500041240AAFEB8FEC5FED2FEDEFEEAFEF5FE00FFED
S315000412500BFF15FF1EFF27FF30FF39FF41FF48FF35
S3150004126050FF57FF5EFF65FF6BFF71FF77FF7CFF43
S3150004127082FF87FF8CFF91FF95FF99FF9EFFA2FFD8
S31500041280A5FFA9FFADFFB0FFB3FFB6FFB9FFBCFFD3
S31500041290BFFFC2FFC4FFC7FFC9FFCBFFCDFFD0FF0F
S315000412A0D1FFD3FFD5FFD7FFD9FFDAFFDCFFDDFF80
S315000412B0DFFFE0FFE1FFE3FFE4FFE5FFE6FFE7FF13
S315000412C0E8FFE9FFEAFFEBFFECFFEDFFEDFFEEFFC2
S315000412D0EFFFF0FFF0FFF1FFF2FFF2FFF3FFF3FF82
S315000412E0F4FFF4FFF5FFF5FFF6FFF6FFF6FFF7FF51
S315000412F0F7FFF8FFF8FFF8FFF9FFF9FFF9FFF9FF29
S31500041300FAFFFAFFFAFFFAFFFBFFFBFFFBFFFBFF07
S31500041310FBFFFCFFFCFFFCFFFCFFFCFFFCFFFDFFEB
S31500041320FDFFFDFFFDFFFDFFFDFFFDFFFDFFFEFFD2
S31500041330FEFFFEFFFEFFFEFFFEFFFEFFFEFFFEFFBB
S31500041340FEFFFFFF00000000000000000000000098
S315000413500100000000000000000000000000000082
S315000413600000000001000000000000000000000072
S315000413700400000003000000020000000100000059
S31500041380000000000080AB825585FD87A58A498D43
S31500041390EB8F89922495B9974A9AD59C5A9FD8A1DE
S315000413A050A4C0A628A988ABDFAD2EB073B2AFB4E3
S315000413B0E1B609B927BB3BBD44BF43C137C320C50A
S315000413C0FEC6D1C899CA57CC09CEB1CF4DD1DFD20A
S315000413D066D4E3D555D7BDD81ADA6EDBB7DCF7DDAC
S315000413E02DDF59E07CE197E2A8E3B0E4B0E5A8E696
S315000413F098E77FE85FE937EA08EBD2EB95EC51ED25
S3150004140007EEB6EE5FEF01F09FF036F1C8F154F245
S31500041410DCF25EF3DCF355F4CAF43AF5A6F50EF6FF
S3150004142072F6D2F62FF788F7DEF730F87FF8CBF8A6
S3150004143015F95BF99FF9E0F91EFA5AFA94FACCFA0F
S3150004144001FB34FB65FB95FBC2FBEEFB18FC40FC81
S3150004145066FC8CFCAFFCD1FCF2FC12FD30FD4DFDAC
S3150004146069FD84FD9EFDB6FDCEFDE5FDFBFD0FFE8B
S3150004147024FE37FE49FE5BFE6CFE7DFE8CFE9BFE63
S31500041480AAFEB8FEC5FED2FEDEFEEAFEF5FE00FFAB
S315000414900BFF15FF1EFF27FF30FF39FF41FF48FFF3
S315000414A050FF57FF5EFF65FF6BFF71FF77FF7CFF01
S315000414B082FF87FF8CFF91FF95FF99FF9EFFA2FF96
S315000414C0A5FFA9FFADFFB0FFB3FFB6FFB9FFBCFF91
S315000414D0BFFFC2FFC4FFC7FFC9FFCBFFCDFFD0FFCD
S315000414E0D1FFD3FFD5FFD7FFD9FFDAFFDCFFDDFF3E
S315000414F0DFFFE0FFE1FFE3FFE4FFE5FFE6FFE7FFD1
S31500041500E8FFE9FFEAFFEBFFECFFEDFFEDFFEEFF7F
S31500041510EFFFF0FFF0FFF1FFF2FFF2FFF3FFF3FF3F
S31500041520F4FFF4FFF5FFF5FFF6FFF6FFF6FFF7FF0E
S31500041530F7FFF8FFF8FFF8FFF9FFF9FFF9FFF9FFE6
S31500041540FAFFFAFFFAFFFAFFFBFFFBFFFBFFFBFFC5
S31500041550FBFFFCFFFCFFFCFFFCFFFCFFFCFFFDFFA9
S31500041560FDFFFDFFFDFFFDFFFDFFFDFFFDFFFEFF90
S31500041570FEFFFEFFFEFFFEFFFEFFFEFFFEFFFEFF79
S31500041580FEFFFFFF4E3674666C6974653239494E48
S315000415906F6E50657273697374656E7442756666B0
S315000415A06572416C6C6F6361746F72450000000074
S315000415B0582D0400841504004E3674666C697465EF
S315000415C032364950657273697374656E7442756612
S315000415D0666572416C6C6F6361746F7245000000DE
S315000415E0582D0400B81504004E3674666C6974658B
S315000415F0323153696D706C654D656D6F7279416CEE
S315000416006C6F6361746F724500000000842E0400E1
S31500041610E81504000000000002000000B0150400F4
S3150004162002000000E01504000204000000000000AF
S315000416300C1604000DCC02003DCC020001CD0200C4
S3150004164011CC020099CD0200D9CD020049CC02008A
S315000416509DCC02005DCE020021CC020075CC0200B6
S3150004166025CC02007DCD020045CD020035CC02001A
S31500041670FCFFFFFF0C160400BDCD0200C9CD02001D
S3150004168025CE0200C1CD02004E3674666C697465BF
S3150004169031304F705265736F6C7665724500000089
S315000416A0582D0400881604004E3674666C697465F9
S315000416B031354D6963726F4F705265736F6C766521
S315000416C0724500000C2E0400A8160400A01604009F
S315000416D04E3674666C69746532324D6963726F4D49
S315000416E0757461626C654F705265736F6C76657262
S315000416F0494C6A3132384545450000000C2E040039
S31500041700D0160400C41604004E3674666C697465FB
S315000417103134416C6C4F70735265736F6C766572BD
S31500041720450000000C2E040008170400FC160400F3
S31500041730000000002417040029D0020065D102002D
S315000417401DCF020029CF020035CF020045CF02008B
S31500041750DDCF020041CF0200E9CF02008DCF0200A7
S3150004176049CF0200000000004F66666C696E654D45
S31500041770656D6F7279416C6C6F636174696F6E002D
S315000417804E3674666C69746532304275696C746978
S315000417906E44617461416C6C6F6361746F72450071
S315000417A0582D0400801704004E3674666C697465FF
S315000417B031344D6963726F416C6C6F6361746F721F
S315000417C045000000582D0400A81704000C2E040040
S315000417D0D8170400A01704002A4E3674666C697480
S315000417E06531325F474C4F42414C5F5F4E5F313249
S315000417F0354D6963726F4275696C74696E446174C0
S3150004180061416C6C6F6361746F7245000000000087
S31500041810C4170400C90303003503030061FF020073
S3150004182041FF020049FF020035FF020031FF0200BA
S31500041830A9FF0200B1020300F10803002D02030010
S3150004184051FF0200AD070300F9FF0200090203007D
S3150004185000000000CC17040025FF02002DFF020043
S315000418605DFF0200B5FF0200000000004E367466FC
S315000418706C69746531324D6963726F436F6E74655A
S3150004188078744500582D04006C180400000000000C
S3150004189084180400FD0C0300510D0300010D030020
S315000418A05D0D0300090D0300110D0300B50D0300C2
S315000418B0010E0300690D0300310D0300390D030009
S315000418C04E3674666C69746531334572726F725242
S315000418D065706F727465724500000000582D04002F
S315000418E0C01804004E3674666C69746531384D69E7
S315000418F063726F4572726F725265706F727465723D
S31500041900450000000C2E0400E4180400DC18040052
S315000419100000000004190400950E0300C10E030024
S31500041920CD0E03004E3674666C69746531304D69AC
S3150004193063726F477261706845000000582D040099
S3150004194024190400000000003C190400350F0300AC
S31500041950390F0300450F030019100300BD0F0300E0
S31500041960C512030075110300E5130300FD100300FF
S31500041970311403007D140300A5120300E8000400DB
S31500041980EC000400FC0004000C0104001401040033
S31500041990280104003801040044010400580104002D
S315000419A0600104007001040084010400980104002D
S315000419B0A4010400C4010400D001040010030400BF
S315000419C0E0010400EC010400F0010400F801040045
S315000419D0080204001002040018020400AC02040009
S315000419E05C030400280204003802040040020400D8
S315000419F0480204005C020400680204007002040049
S31500041A00780204009002040094020400B002040068
S31500041A10B8020400CC02040038070400E002040003
S31500041A20E8020400EC020400F0020400F8020400D8
S31500041A3018030400280304004403040048030400B4
S31500041A4050030400580304006403040070030400F4
S31500041A508C030400940304009C030400A403040000
S31500041A60AC030400B4030400BC030400C003040074
S31500041A70C8030400D0030400E0030400EC030400DC
S31500041A8020030400F4030400F8030400080404001B
S31500041A901804040020040400D80304002C040400E1
S31500041AA0380404005C0604003C04040044040400F6
S31500041AB04C040400540404005804040060040400A4
S31500041AC06C04040078040400840404008C040400F8
S31500041AD098040400A0040400AC040400B804040040
S31500041AE0C0040400CC040400D8040400E404040084
S31500041AF0EC040400F8040400000504000C050400CA
S31500041B00140504002C050400380504004C050400E3
S31500041B10E006040058050400600504006805040096
S31500041B20700504007C050400840504009005040087
S31500041B30940504009C050400A4050400A8050400FB
S31500041B40BC050400C8050400D4050400E40504002B
S31500041B50EC050400F8050400FC0504000406040072
S31500041B601C06040034060400400604004C06040067
S31500041B70540604006006040070060400940604007B
S31500041B809C060400A8060400B8060400C006040067
S31500041B90C8060400D0060400D8060400E4060400BF
S31500041BA0F0060400000704001407040024070400D8
S31500041BB030070400440704005007040060070400CB
S31500041BC0700704008007040098070400A4070400B3
S31500041BD0B4070400C0070400C8070400E0070400B3
S31500041BE0EC070400000000000400000004000000EC
S31500041BF001000000080000000000000001000000D1
S31500041C0002000000080000000100000002000000BD
S31500041C10080000001000000008000000000000009A
S31500041C20000000000400000002000000280F040069
S31500041C30300F0400380F0400400F0400480F04005E
S31500041C40500F0400580F0400600F0400680F0400CE
S31500041C50740F04007C0F0400840F04008C0F04002E
S31500041C60980F0400A00F0400AC0F0400B40F040086
S31500041C70BC0F0400000000000000545452205245DA
S31500041C804747455300000000303132333435363788
S31500041C9038394142434445461C00000054464C33FF
S31500041CA0140020001C001800140010000C00000092
S31500041CB008000400140000001C0000009800000046
S31500041CC0F0000000D0060000E0060000940C0000BE
S31500041CD003000000010000001000000000000A00DC
S31500041CE010000C00080004000A0000000C000000AC
S31500041CF01C0000003C0000000F00000073657276B3
S31500041D00696E675F64656661756C74000100000046
S31500041D100400000090FFFFFF0A000000040000001A
S31500041D20080000006F75747075745F300000000061
S31500041D30010000000400000016F9FFFF0400000083
S31500041D400C0000006B657261735F74656E736F726D
S31500041D50000000000200000034000000040000003F
S31500041D60DCFFFFFF0D00000004000000130000006C
S31500041D70434F4E56455253494F4E5F4D4554414489
S31500041D804154410008000C0008000400080000004B
S31500041D900C00000004000000130000006D696E5F73
S31500041DA072756E74696D655F76657273696F6E00C0
S31500041DB00E000000DC050000D40500000405000048
S31500041DC0F4010000D4010000940100004401000065
S31500041DD0B4000000AC000000A40000009C00000059
S31500041DE0940000007400000004000000CAF9FFFF1C
S31500041DF004000000600000000C00000008000E0053
S31500041E00080004000800000010000000280000007C
S31500041E10000006000800040006000000040000009C
S31500041E2001000000EA0300000C0018001400100072
S31500041E300C0004000C00000044368D8658691A73A1
S31500041E40020000000200000004000000060000007A
S31500041E50322E31392E30000036FAFFFF040000001E
S31500041E6010000000312E352E300000000000000066
S31500041E70000000004CF5FFFF50F5FFFF54F5FFFF8F
S31500041E8058F5FFFF62FAFFFF04000000800000001F
S31500041E900E2B663F77698DBF38A0113F385ED13E61
S31500041EA0C39A8CBEC650323FA0087EBF0E262F3F73
S31500041EB005542BBFC2644C3F2D4B1ABB57F98D3EBC
S31500041EC0ADD1273FAAF231BFC5D12D3EE05238BF6E
S31500041ED0AB99183F0A2B5ABF01574CBF3A61333F9F
S31500041EE0C302893E890B293FE4130EBF4926FC3EF3
S31500041EF02DD4F53E5053093D4E26BDBEDBB0813E82
S31500041F00DF10EABE4E27683E0C78E2BEBEF43DBF43
S31500041F10EEFAFFFF0400000040000000FCB48C3C15
S31500041F205B28283F3B84353F01CFA6BE9B5C8BBE16
S31500041F30CF1686BEACC48C3EF20DCD3E04A1EDBDDB
S31500041F40167E68BEFF12283F406BB8BEC5814F3F60
S31500041F506CFC16BFA0DF083FDB96453F3AFBFFFF4C
S31500041F6004000000300000002E51B7BC8C6E0FBD7B
S31500041F706182D1BD404753BE8308283FE374483E7F
S31500041F80D2C4353FAD6DF9BCF03CE3BCA0129ABE99
S31500041F9018EFCEBD39B6E23E76FBFFFF0400000023
S31500041FA0100000003FEEA4BE39CBC8BCDCAC9ABD21
S31500041FB0FD70C83E92FBFFFF040000000003000012
S31500041FC0ED3AF9BD9E7E403E03CBBCBCF885A0BC71
S31500041FD069FD823E9A1816BE88DC83BE25A99FBE7B
S31500041FE0649A20BEC616A8BE7D9DB9BEC6B551BEAE
S31500041FF00ECF63BE36CFDD3EE7AB8B3B842F6E3E02
S31500042000CBA33C3FAAC96F3E51A84DBF1C01F0BEED
S31500042010B2C16BBDA3219DBE85C6323FA5179C3EAA
S31500042020B044D63E89FBFA3D78D818BF4FF298BD26
S3150004203013EA1A3E0A4F513E7037D3BEB166ED3CE1
S31500042040D0AAF23EAFD6B13DE870E6BF1374B5BE72
S31500042050F73B47BEB0E062BEA8AD2A3F00463E3E0F
S315000420602257BE3E16B28FBE5D5F59BF8595923E1E
S31500042070363FB83C0E335C3D0BDA8CBEA5F1C43E4C
S31500042080274C053F1D3D05BFA661023FD0DA9F3EA2
S31500042090A45A603F1C16D3BDB489263F24CDDC3E2A
S315000420A092403B3EDF0E663F7544C43D6FE1763F8A
S315000420B016D15CBF12EC6B3FE4D60F3F2097A7BE48
S315000420C02EE342BFE06CC43F6D61993E663B9ABE07
S315000420D0C3FB9EBE4BC364BD3ACDC4BE03B6A2BD0C
S315000420E05F3093BF92B588BE45C1823F1E8C2BBF1D
S315000420F0D6EFC93F097D62BFB42B113CCC605A3E72
S31500042100AC670B3F10393A3FC9CF53BFAD7EA8BE6B
S315000421105E88E1BC6CCDEABE803C1F3FF875F63E96
S31500042120A5A6763EC7BE20BFFB2C4BBF0B20F8BD31
S31500042130BEBE333FE0BD8EBE34FB69BFA12CAA3EB2
S31500042140A106A4BE00918F3F6DB4743E80858CBEFB
S315000421507FFBDFBED01D83BFADD627BEF1A532BE41
S3150004216065903BBF012668BEC3DF663ECA1E36BF06
S3150004217096885C3FF68630BFCB85F23E7548953F20
S31500042180DF62423EE86BC43DD0FD393FC08E8B3ED4
S31500042190B418163FB9E41FBEB61E983D971F21BF5B
S315000421A0BFD7033E590B383FB6B99A3ECE352D3EBE
S315000421B03A820ABE7DB675BE8EE51B3EDCD0FBBEFA
S315000421C08D90423ED687E0BE048FAFBDE6FF213E2A
S315000421D097EF5FBEBCFEE73E00F8E7BE5404ABBE15
S315000421E0A669593DD1185BBEB507EFB9889F043E71
S315000421F0E0D585BD814EE4BE110AC8BE3954393EC8
S31500042200D28F573F9D8B2ABEC66120BD1211633FF4
S315000422105EA8193F31B0EABDE79B0D3F4916B23EB1
S315000422202614253F7505733F24E698BDBE1F693FF6
S315000422306EF1C2BE0CC3263FA3FE953EFA6AF6BEF5
S3150004224037DE883F6AA656BEDE1BF7BF4C6306BF61
S315000422508063EFBDE8B6A63DCCA0693F9231C53D8B
S31500042260CEEAAA3E756366BEA12382BF780400BE89
S31500042270A08B003F244F6F3E4F10AABF0DDC923E49
S315000422807F36CC3EB119153E5B7B743EA9393BBF04
S31500042290049309BF442F903D0CBA303F1489083F7C
S315000422A0DD71CA3D0A8951BDE9A12BBEFF4881BF34
S315000422B02103743F6CC5BDBD3E88013F35DBA83F95
S315000422C09EFEFFFF04000000C0000000DF453FBD86
S315000422D0387B053EB62930BEC000333F3A61BDBFE8
S315000422E0C1AD02BF78FE19C038CF083F0B690F3F56
S315000422F0E76A2B3FAD12633EF3EEC0BE2510A33E44
S31500042300224D663FBFF19BBEB69A46BD548D24BF8F
S315000423108BCF4D3F8EDD8CBF22DC39BFB6626DBEDE
S315000423200FDDFC3E6C76A33F6F06273F827D3FBDE3
S3150004233094559E3DF11145BFBEC3923D8577B63F88
S31500042340608913BF899C063F74CE073F06E2A3BE8D
S315000423507D2BD83D72CF933B6E406EBFE4D31CBF3A
S315000423601B8E34BEFC74AFBFAD1552BFD0D0AD3F8B
S31500042370F97128BE59757C3F619FAABF95800F3FAE
S315000423802E703BBF913E92BF6D014F3F64FAFFFF33
S3150004239068FAFFFF0F0000004D4C495220436F6E50
S315000423A07665727465642E00010000001400000056
S315000423B000000E001800140010000C0008000400B1
S315000423C00E000000140000001C00000024010000A0
S315000423D0280100002C010000040000006D61696EF4
S315000423E00000000004000000CC000000840000008F
S315000423F0500000001400000000000E001A00140033
S3150004240010000C000B0004000E0000001C0000006D
S31500042410000000091C00000020000000010000006C
S315000424200000060008000400060000000000803FCB
S31500042430010000000A00000001000000090000007D
S315000424409AFFFFFF10000000000000080C000000C7
S31500042450100000002CFBFFFF010000000900000033
S315000424600300000008000000010000000300000053
S31500042470CAFFFFFF10000000000000081000000063
S3150004248014000000BAFFFFFF000000010100000075
S31500042490080000000300000007000000020000001E
S315000424A00400000000000E001600000010000C00DE
S315000424B00B0004000E0000001800000000000008D5
S315000424C0180000001C0000000000060008000700B9
S315000424D006000000000000010100000007000000E3
S315000424E003000000000000000600000005000000D4
S315000424F0010000000A0000000100000000000000C6
S315000425000B000000FC030000A40300004C030000C1
S3150004251010030000B40200005C0200001002000078
S315000425207C010000E00000006000000004000000E0
S3150004253046FCFFFF00000001140000001C00000020
S315000425401C0000000B000000340000000200000024
S31500042550FFFFFFFF0400000030FCFFFF1B0000002C
S31500042560537461746566756C506172746974696FCD
S315000425706E656443616C6C5F313A300002000000A2
S3150004258001000000040000009EFCFFFF00000001A3
S31500042590140000001C0000001C0000000A000000DB
S315000425A05800000002000000FFFFFFFF04000000C7
S315000425B088FCFFFF3C00000073657175656E7469E5
S315000425C0616C5F312F64656E73655F325F312F4DC9
S315000425D061744D756C3B73657175656E7469616C78
S315000425E05F312F64656E73655F325F312F426961B7
S315000425F07341646400000000020000000100000052
S31500042600040000001AFDFFFF000000011400000092
S315000426101C0000001C0000000900000074000000FB
S3150004262002000000FFFFFFFF0C00000004FDFFFF97
S315000426305800000073657175656E7469616C5F316D
S315000426402F64656E73655F315F322F4D61744D750E
S315000426506C3B73657175656E7469616C5F312F646B
S31500042660656E73655F315F322F52656C753B7365BA
S315000426707175656E7469616C5F312F64656E73651F
S315000426805F315F322F426961734164640000000068
S3150004269002000000010000000C000000B2FDFFFF74
S315000426A000000001140000001C0000001C000000D3
S315000426B0080000006C00000002000000FFFFFFFF9E
S315000426C0100000009CFDFFFF520000007365717549
S315000426D0656E7469616C5F312F64656E73655F3115
S315000426E02F4D61744D756C3B73657175656E7469B8
S315000426F0616C5F312F64656E73655F312F52656C53
S31500042700753B73657175656E7469616C5F312F64B1
S31500042710656E73655F312F426961734164640000BD
S3150004272002000000010000001000000096FEFFFFFA
S315000427300000000110000000100000000700000067
S31500042740280000001CFEFFFF1B0000007365717566
S31500042750656E7469616C5F312F64656E73655F3194
S315000427602F4D61744D756C000200000010000000CE
S3150004277002000000DEFEFFFF000000011000000062
S3150004278010000000060000003800000064FEFFFF91
S315000427902B00000073657175656E7469616C5F3139
S315000427A02F64656E73655F312F426961734164649A
S315000427B02F526561645661726961626C654F70007F
S315000427C0010000001000000032FFFFFF00000001BE
S315000427D01000000010000000050000003C0000008E
S315000427E0B8FEFFFF2D00000073657175656E746990
S315000427F0616C5F312F64656E73655F315F322F42A2
S315000428006961734164642F526561645661726961DA
S31500042810626C654F70000000010000000C000000AF
S315000428208AFFFFFF000000011000000010000000F6
S31500042830040000001C00000010FFFFFF0F00000052
S3150004284061726974682E636F6E7374616E7432009C
S315000428500100000004000000C2FFFFFF00000001A9
S315000428601000000010000000030000001C0000001F
S3150004287048FFFFFF0F00000061726974682E636FE2
S315000428806E7374616E743100020000000C00000067
S3150004289010000000000016001800140000001000CC
S315000428A00C000800000000000000070016000000ED
S315000428B000000001100000001000000002000000EB
S315000428C01C0000009CFFFFFF0E000000617269748B
S315000428D0682E636F6E7374616E74000002000000EC
S315000428E0040000000C000000000016001C00180084
S315000428F00000140010000C0000000000080007008F
S315000429001600000000000001140000002000000072
S3150004291020000000010000003C000000020000004E
S31500042920FFFFFFFF02000000040004000400000093
S315000429301E00000073657276696E675F6465666182
S31500042940756C745F6B657261735F74656E736F72B9
S315000429503A300000020000000100000002000000FE
S31500042960020000002000000004000000F4FFFFFF46
S3150004297019000000000000190C000C000B000000F8
S31500042980000004000C00000009000000000000091B
S31500042990530000009C290400000000000080000091
S315000429A0000000000080000001000000004000005C
S315000429B00200000000800000030000000400000084
S315000429C00400000000400000050000000040000074
S315000429D00600000000800000070000001040000010
S315000429E00800000004000000090000000080000048
S315000429F00E000000008000000F000000000C011C07
S31500042A0000010000000C011C01010000000C011C67
S31500042A1002010000000C011C03010000000C011C53
S31500042A2004010000000C011C05010000000C011C3F
S31500042A3006010000000C011C070100000000010053
S31500042A400801000000000100090100000000010067
S31500042A500A010000040000000B010000040000004D
S31500042A600F0100000000010602020000000001063A
S31500042A700302000000000106040200000000010633
S31500042A80050200000000010000030000000001062A
S31500042A90010300000400000003030000040000001A
S31500042AA004030000000C011105030000000C0111D1
S31500042AB006030000000C011107030000000C0111BD
S31500042AC008030000000C011109030000000C0111A9
S31500042AD00A030000040000000B03000004000000C9
S31500042AE00C030000040000000D03000004000000B5
S31500042AF000040000000C011701040000000C01177B
S31500042B0002040000050C0000030400000400000099
S31500042B1004040000000C011705040000000C011752
S31500042B20060400000000011307040000000001036E
S31500042B30080400001040000009040000000001061B
S31500042B400A040000000001060B0400000000010650
S31500042B500C040000000001060D04000010400000F3
S31500042B600E040000040000000F040000000001131E
S31500042B7000050000000001130105000040000104E7
S31500042B8005050000400001040605000000040107D5
S31500042B900B050000000401070C050000000C011CD5
S31500042BA000060000000C011C01060000000C011CBC
S31500042BB002060000000C011C0A06000004000000C6
S31500042BC00B060000040000000C06000000000105CE
S31500042BD00D060000000001050E060000000C01179A
S31500042BE000070000000C011701070000000C011784
S31500042BF002070000000C011703070000000C011770
S31500042C0004070000000C011705070000040000007B
S31500042C100807000004000000090700000400000083
S31500042C200A070000040000000C070000040000006E
S31500042C300D0700000204030404040000040000005D
S31500042C40E42C040008000000642C040002000000C8
S31500042C50542C0400000000680000006840010020B5
S31500042C6040010020000000680000006800000060C9
S31500042C7000010C08000000680000006800000070F5
S31500042C800001090800000068000000680000000850
S31500042C90000102080000006800000068400000000F
S31500042CA00001010800000020000000200000006070
S31500042CB000010C030000002000000020000000704A
S31500042CC000010903000000200000002000000008A5
S31500042CD00000020300000020300100204000000034
S31500042CE000000103000000680000006800010008FD
S31500042CF000000068000000680001000830010020A0
S31500042D0040010020000000035C0500209D85002092
S31500042D10000000030000000001000200080010008B
S31500042D2020004E31305F5F637878616269763131B5
S31500042D30375F5F636C6173735F747970655F696E27
S31500042D40666F45000C2E0400222D0400402E04005C
S31500042D5000000000442D0400ED5503000156030055
S31500042D60595E0300595E03006B560300AF5503001A
S31500042D705356030015560300E15503004E31305FE8
S31500042D805F637878616269763131355F5F666F7249
S31500042D906365645F756E77696E644500582D04003B
S31500042DA07C2D04004E31305F5F637878616269760A
S31500042DB03131395F5F666F726569676E5F65786327
S31500042DC0657074696F6E4500582D0400A42D0400C7
S31500042DD04E31305F5F637878616269763132305F95
S31500042DE05F73695F636C6173735F747970655F6940
S31500042DF06E666F45000000000C2E0400D02D040002
S31500042E00442D040000000000F82D0400555D030065
S31500042E10695D0300595E0300595E03006B560300A7
S31500042E20AF5503002D5E0300B95D03007D5D03000D
S31500042E30537439747970655F696E666F00000000BB
S31500042E40582D0400302E04004E31305F5F637878CD
S31500042E50616269763132315F5F766D695F636C6199
S31500042E6073735F747970655F696E666F4500000001
S31500042E700C2E0400482E0400442D0400000000001B
S31500042E80702E0400895E03009D5E0300595E0300F4
S31500042E90595E03006B560300AF550300A56103009A
S31500042EA04B5F0300B15E03006042A20D00000040C8
S31500042EB00000803F00000000763C7935EF39EA3D9A
S31500042EC0763C7935EF39EABD0000E0FE422EE63F56
S31500042ED00000E0FE422EE6BF000000000000E03FD6
S31500042EE0000000000000E0BFD1F71737D1F717B78D
S31500042EF08071313F807131BF0000003F000000BF88
S31500042F000000000000000080000FC93F000F494088
S31500042F1000CB9640000FC9400053FB4000CB16413E
S31500042F2000ED2F41000F49410031624100537B41BE
S31500042F30003A8A4100CB9641005CA34100EDAF41C3
S31500042F40007EBC41000FC94100A0D5410031E241D9
S31500042F5000C2EE410053FB4100F20342003A0A422A
S31500042F600083104200CB164200141D42005C23422B
S31500042F7000A5294200ED2F4200363642007E3C422F
S31500042F8000C74242000F4942A2000000F9000000B7
S31500042F90830000006E0000004E00000044000000A4
S31500042FA01500000029000000FC00000027000000B6
S31500042FB057000000D1000000F500000034000000B6
S31500042FC0DD000000C0000000DB000000620000001D
S31500042FD095000000990000003C000000430000003A
S31500042FE09000000041000000FE00000051000000B7
S31500042FF063000000AB000000DE000000BB00000020
S31500043000C500000061000000B700000024000000B5
S315000430106E0000003A000000420000004D0000006F
S31500043020D2000000E0000000060000004900000095
S315000430302E000000EA00000009000000D100000094
S31500043040920000001C000000FE0000001D000000AD
S31500043050EB0000001C000000B10000002900000085
S31500043060A70000003E000000E80000008200000007
S3150004307035000000F50000002E000000BB00000033
S315000430804400000084000000E90000009C000000E9
S315000430907000000026000000B40000005F0000007D
S315000430A07E0000004100000039000000910000008D
S315000430B0D600000039000000830000005300000021
S315000430C039000000F40000009C00000084000000A9
S315000430D05F0000008B000000BD000000F900000046
S315000430E0280000003B0000001F000000F80000005C
S315000430F097000000FF000000DE000000050000004D
S31500043100980000000F000000EF0000002F000000F0
S31500043110110000008B0000005A0000000A000000A5
S315000431206D0000001F0000006D0000003600000066
S315000431307E000000CF00000027000000CB00000046
S3150004314009000000B70000004F0000004600000020
S315000431503F000000660000009E0000005F000000C3
S31500043160EA0000002D0000007500000027000000A2
S31500043170BA000000C7000000EB000000E5000000F4
S31500043180F10000007B0000003D0000000700000085
S3150004319039000000F70000008A0000005200000019
S315000431A092000000EA0000006B000000FB00000033
S315000431B05F000000B10000001F0000008D00000049
S315000431C05D00000008000000560000000300000037
S315000431D03000000046000000FC0000007B000000F8
S315000431E06B000000AB000000F0000000CF00000000
S315000431F0BC000000200000009A000000F40000005B
S31500043200360000001D000000A9000000E3000000D5
S3150004321091000000610000005E000000E60000006E
S315000432201B00000008000000650000009900000073
S31500043230850000005F00000014000000A0000000EC
S3150004324068000000400000008D000000FF00000040
S31500043250D8000000800000004D000000730000004C
S3150004326027000000310000000600000006000000F0
S315000432701500000056000000CA000000730000009C
S31500043280A8000000C900000060000000E200000081
S315000432907B000000C00000008C0000006B000000F2
S315000432A00000C93F0000F0390000DA370000A233FD
S315000432B00000842E0000502B0000C2270000D022FC
S315000432C00000C41F0000C61B0000441704000000D1
S315000432D007000000090000000020202020202020F4
S315000432E020202828282828202020202020202020AC
S315000432F020202020202020202088101010101010BC
S315000433001010101010101010100404040404040407
S3150004331004040410101010101010414141414141A1
S315000433200101010101010101010101010101010183
S315000433300101010110101010101042424242424293
S315000433400202020202020202020202020202020253
S3150004335002020202101010102000000000000000FB
S315000433600000000000000000000000000000000053
S315000433700000000000000000000000000000000043
S315000433800000000000000000000000000000000033
S315000433900000000000000000000000000000000023
S315000433A00000000000000000000000000000000013
S315000433B00000000000000000000000000000000003
S315000433C000000000000000000000000000000000F3
S315000433D00000000000000000000000004275696C57
S315000433E07420776974682052656E65736173204131
S315000433F06476616E63656420466C657869626C65A3
S3150004340020536F667477617265205061636B6167E0
S31500043410652076657273696F6E20362E312E300004
S31100043420362E312E30000000000001069C
S3090004342CF8B500BF26
S30900043430F8B500BF22
S30900043434DD010000AC
S30900043438B5010000D0
S3150004343C08B10181B0B00084000000003F02018194
S3150004344CB0AB80C900000000C9000181B0B0AF82E6
S3150004345C00000000C9080181B0B0AF800000000074
S3150004346C5925FF7F8408B101B0B0B000FFFF0108F5
S3150004347C20042E0034040000C9080181B0B0AF80CA
S3150004348C00000000C9060181B0B0AF800000000046
S3150004349CC91A0181B0B0AF81000000001D25FF7F61
S315000434AC8408B101B0B0B000FFFF010820042E005F
S315000434BC34040000C9050181B0B0AA8000000000E4
S315000434CCC9040181B0B0AD8000000000C928018197
S315000434DCB0B0AD8000000000C9060181B0B0AD806B
S315000434EC0000000008B10181B0B0008400000000A7
S315000434FCC9120181B0B0AF8000000000C91C018163
S3150004350CB0B0AD8000000000C90C0181B0B0AB8036
S3150004351C00000000C9100181B0B0AF8100000000AA
S3150004352C08B10181B0B00084000000003F32018173
S3150004353CB0AF80C900000000C9100181B0B0AF80E3
S3150004354C00000000C9280181B0B0AF800000000063
S3150004355C80C90181B0AF08B100000000C90C01811B
S3150004356CB0B0AF8000000000C9220181B0B0AF80BA
S3150004357C00000000C9160181B0B0AF820000000043
S3150004358CC9140181B0B0AF8200000000C9160181D4
S3150004359CB0B0AF8200000000C9200181B0B0AF8189
S315000435AC00000000C90A0181B0B0AF84000000001D
S315000435BC0924FF7FB0AE0500FFFF01152A48000061
S315000435CCD40102DC0200CA0212DC0200F00204007E
S315000435DC00000000E523FF7FB0AF2200FFFF011BB4
S315000435EC348E010000D60102BA0200AE0204BA02FD
S315000435FC00B602040000F60204000000C90C0181A6
S3150004360CB0B0AF8100000000C90C0181B0B0AF822C
S3150004361C00000000A523FF7FB0AE0300FFFF0115D9
S3150004362C2A5C0000C00102E00200E8015EE0020030
S3150004363CFE0204000000000008B10181B0B0008451
S3150004364C0000000008B10181B0B000840000000045
S3150004365C08B10181B0B000840000000008B10181FA
S3150004366CB0B000840000000008B10181B0B0008441
S3150004367C0000000008B10181B0B000840000000015
S3150004368C08B10181B0B0008400000000A8020181D9
S3150004369CB0B00EB1000000003F000181B0B0008450
S315000436AC000000003F000181B0B00084000000005F
S315000436BC84020181B00FB1000000000008B1018141
S315000436CCB0B000840000000008B10181B0B00084E1
S315000436DC00000000E522FF7FB0AF0200FFFF011FD0
S315000436EC1A1E0000460CFA0100BE0104FA0100DAA7
S315000436FC0104000086020400008A0204FA01000098
S3150004370C08B10181B0B000840000000008B1018149
S3150004371CB0B000840000000008B10181B0B0008490
S3150004372C0000000008B10181B0B000840000000064
S3150004373C08B10181B0B00084000000007D22FF7F37
S3150004374CB0AC0100FFFF010E2A1A000062048601C8
S3150004375C008C0104000000006122FF7FA908B1005F
S3150004376CFFFF010080C90181B0AF08B10000000061
S3150004377CC9010181B0B0AC800000000008B1018120
S3150004378CB0B000840000000084010181B00EB100C9
S3150004379C0000000084020181B00CB100000000009E
S315000437AC08B10181B0B00084000000000D22FF7F37
S315000437BCB0B0AC00FFFF01132602000062049001B6
S315000437CC008C010400009A0104000000ED21FF7F27
S315000437DCB0B0AC00FFFF0113260200006204900196
S315000437EC008C010400009A0104000000CD21FF7F27
S315000437FCAF08B100FFFF0113260200006C28C001BC
S3150004380C00BC01040000CA0104000000AD21FF7FC6
S3150004381CB0B0AC00FFFF010F26020000D00104E497
S3150004382C0100EE01080000009121FF7FB0B0AE004C
S3150004383CFFFF010E2602000074049C0100A6010879
S3150004384C000000007521FF7FB0B0AC00FFFF010E35
S3150004385C160200005A048401008E010400000000C4
S3150004386C5921FF7FB0B0AE00FFFF010E2602000007
S3150004387C74049C0100A60108000000003D21FF7F92
S3150004388CB0AB0400FFFF0115087A0000BC0104EA82
S3150004389C0100D40104F40100F0010E000000000044
S315000438AC81C90181B0AF08B10000000008B10181E3
S315000438BCB0B000840000000008B10181B0B00084EF
S315000438CC0000000008B10181B0B0008400000000C3
S315000438DC24C9FB7F5CFBFF7F50C9FB7F0100000002
S315000438ECA0C9FB7FB0B0AA80E4C9FB7FB0AF02804D
S315000438FC54CAFB7F01000000D4CCFB7FB0AD1A8008
S3150004390C7CCEFB7FAB08B180ACCEFB7F0100000004
S3150004391CACCEFB7FB0B0A880C4CEFB7FB0AB0E8020
S3150004392C5CCFFB7FB0AC0D800CD0FB7FB0B0A88015
S3150004393C44D0FB7FAF08B18070D1FB7FAB08B1805C
S3150004394C68D2FB7FB0B0AC80F0D2FB7FB0AD028006
S3150004395C78D4FB7FB0B0A88080D4FB7FAF08B1804D
S3150004396C54D7FB7FAB08B1800CD9FB7FB0AC0B8072
S3150004397C54DBFB7FB0B0A8806CDBFB7FB0AD0C8056
S3150004398C8CDCFB7FB0AF328074DEFB7FB0FAFF7F3A
S3150004399CC4DFFB7FB0AF3A80CCE3FB7FAF02B280CF
S315000439AC80E9FB7FB0AE03801CEAFB7F9CFAFF7FA9
S315000439BC94EBFB7FB0AD028054ECFB7F98FAFF7F4F
S315000439CC14EFFB7FB0AF088068F1FB7FB0AF2280A9
S315000439DCE0F2FB7FB0B0A880F4F2FB7FB0AF1280AC
S315000439EC90F9FB7F0100000098F9FB7FB0B0A8802A
S315000439FCC0F9FB7FB0B0AA80FCF9FB7FB0AC0580A4
S31500043A0C54FBFB7FB0B0A88068FBFB7FB0AB048093
S31500043A1C9CFCFB7FAF3F00809801FC7FB0B0A88074
S31500043A2CAC01FC7FB0AC03800803FC7FB0B0A8806B
S31500043A3C1C03FC7FAD08B1801C05FC7FB0AB208059
S31500043A4CBC05FC7FB0AF0A80AC07FC7FB0B0A88085
S31500043A5CC007FC7F010000002809FC7FB0AE2F8054
S31500043A6CA40AFC7FB0A90280140BFC7FB0B0A8801A
S31500043A7C5C0BFC7FB0AB0480140CFC7FB0AA0B80EF
S31500043A8C900FFC7FB0B0A880A40FFC7FB0AC038071
S31500043A9C7011FC7FB0AB0C800012FC7FB0B0A88018
S31500043AAC1412FC7FB0AA03805012FC7FAB08B180C1
S31500043ABCD812FC7FACF9FF7F1C13FC7FB0AC0580DD
S31500043ACC1C15FC7FB0B0A8802415FC7FB0AD068015
S31500043ADC0016FC7FB0AE1B807017FC7FB0B0A880BC
S31500043AEC2818FC7FAF3F0480741BFC7FAF0EB2809A
S31500043AFCC027FC7FAF3F04800C2BFC7FAF10B28039
S31500043B0C3837FC7FAF3F0480843AFC7FAF3F388064
S31500043B1C9444FC7FAF3F0480E047FC7FAF3F3A8080
S31500043B2CF451FC7FAF3F04804055FC7FAF3F3A8095
S31500043B3C545FFC7FAF3F0480A062FC7FAF3F3880AC
S31500043B4CB06CFC7FB0B0A880B86CFC7FB0AF0880BA
S31500043B5C386FFC7FB0B0A880506FFC7FAF3F1C80E1
S31500043B6C6C7AFC7FB0A90280F87AFC7FB0B0A8808E
S31500043B7C007BFC7FAF3F2680CC90FC7FB0B0A88046
S31500043B8CE490FC7FB0B0AA80B891FC7FB0AF0C80F7
S31500043B9CDC93FC7FB0AF10806C95FC7FDCF8FF7F68
S31500043BACEC97FC7FB0AF0880049BFC7FB0B0A88078
S31500043BBC189BFC7FB0AF0480689CFC7FB0AD24805E
S31500043BCC589DFC7FB0AF0680289FFC7FB0B0A880C0
S31500043BDC3C9FFC7FB0AF1C8054A3FC7FB0AA0F8023
S31500043BECE8A3FC7FB0B0A880F0A3FC7FAF3F0C80A9
S31500043BFC10ADFC7FB0B0A88028ADFC7FB0B0AA8015
S31500043C0C04AEFC7FB0AF0C8040B0FC7FB0AF10802C
S31500043C1CF8B1FC7FB0B0A88000B2FC7FB0AF0C80CA
S31500043C2C08B4FC7FB0B0A88020B4FC7FB0AC038091
S31500043C3C2CB5FC7FB0AF08807CB7FC7F010000007C
S31500043C4C9CB9FC7F40F8FF7FB8BCFC7F01000000E8
S31500043C5C90BEFC7F3CF8FF7FB4C6FC7FB0A9048001
S31500043C6CA4CAFC7F010000005CCCFC7FB0AB0280D4
S31500043C7C60CDFC7FB0A805806CCFFC7F20F8FF7F5D
S31500043C8CB0CFFC7FB0AB0480C4D0FC7F0100000035
S31500043C9CC0D0FC7FB0AA0380D4D1FC7FB0AA058027
S31500043CAC70D2FC7F10F8FF7F20D3FC7FB0AA038070
S31500043CBCA4D3FC7FB0AB048040D5FC7FB0B0A88005
S31500043CCC28D6FC7FFCF7FF7FA8D7FC7FB0AC0B8013
S31500043CDCF8D8FC7FB0B0A88010D9FC7F0100000096
S31500043CEC14D9FC7FB0AC0380E0DAFC7FB0AC0B805B
S31500043CFC94DBFC7FB0B0A880A8DBFC7FB0B0AA80B4
S31500043D0C20DCFC7FB0AF108028DEFC7FB0B0A8802E
S31500043D1C3CDEFC7FB0AE058084E0FC7FB0AB248037
S31500043D2CBCE1FC7FB0B0A880D0E1FC7FB0AB1080C6
S31500043D3CA8E2FC7FB0B0A880B8E2FC7F01000000CA
S31500043D4CB4E2FC7FB0AC03801CE4FC7F01000000F1
S31500043D5C50E4FC7FB0B0A88068E4FC7FB0AF36803A
S31500043D6CC0E6FC7FB0AF28805CE8FC7F0100000055
S31500043D7C58E8FC7FB0AC0380C0E9FC7F010000006E
S31500043D8CFCE9FC7FB0B0A88014EAFC7F40F7FF7F07
S31500043D9C94EBFC7FB0B0A8809CEBFC7FB0AF0480A6
S31500043DACE0ECFC7FB0AF36806CF3FC7FB0B0A8803F
S31500043DBC84F3FC7F0100000004F4FC7FB0AC0380A8
S31500043DCC84F4FC7FB0AF0E80ACF8FC7FB0AE0580FB
S31500043DDC30FBFC7FB0B0A88044FBFC7FB0AD048004
S31500043DEC20FDFC7FB0AF088038FFFC7FB0B0A88004
S31500043DFC7CFFFC7FB0AF0280EC01FD7FB0AB0E8084
S31500043E0C0403FD7FD4F6FF7FAC04FD7FB0AE0580C2
S31500043E1C8806FD7FB0AD02801407FD7FB0B0A88084
S31500043E2C3C07FD7F010000007807FD7FB0B0A88039
S31500043E3CF007FD7FB0F6FF7F0408FD7F010000004C
S31500043E4C3408FD7FB0AB0280A808FD7FB0AD0480BA
S31500043E5C7009FD7FB0AF0680380AFD7FB0AF0480D1
S31500043E6CC80BFD7FB0AF0A80740EFD7F84F6FF7F0E
S31500043E7C5011FD7FB0AB1A801C12FD7FB0B0A88028
S31500043E8C4012FD7FB0AE0380B413FD7FB0AF028049
S31500043E9C1C17FD7FB0AF08805418FD7F60F6FF7FBA
S31500043EAC441AFD7FB0B0A8808C1AFD7FB0AF168083
S31500043EBCCC1EFD7F54F6FF7FC41FFD7FB0AC05807E
S31500043ECC3021FD7F010000008426FD7FB0B0A88060
S31500043EDCAC26FD7F01000000B426FD7FB0AF348014
S31500043EECE828FD7FB0AE2780142AFD7FB0B0A880E9
S31500043EFC3C2AFD7F01000000AC2CFD7FB0AF08808E
S31500043F0C302EFD7F10F6FF7F6C30FD7FB0AF068040
S31500043F1CB832FD7F0CF6FF7FC032FD7F0100000036
S31500043F2C1833FD7FB0B0A8804033FD7FB0AB0C8056
S31500043F3C6834FD7FAF08B1804835FD7FB0AE2B8069
S31500043F4C1C37FD7FB0AF02800038FD7FB0AE2B80EE
S31500043F5CC039FD7FB0AF0480C43AFD7FB0AE2B8070
S31500043F6C883CFD7FAF08B1806C3DFD7FB0AE2B80E5
S31500043F7C403FFD7FB0AB3A800042FD7FB0B0A880D5
S31500043F8C0842FD7FB0AE03803C43FD7F0100000078
S31500043F9CF043FD7FB0AF06804845FD7FB0B0A880E6
S31500043FAC6045FD7FB0AD04800046FD7FB0B0A880AF
S31500043FBC2846FD7FB0AF06806448FD7FB0B0A8806C
S31500043FCC7048FD7F68F5FF7FAC4DFD7FB0AF388040
S31500043FDC6850FD7FAF08B180FC51FD7FAF3F288050
S31500043FECEC57FD7FB0AB0C80A058FD7FB0B0A88019
S31500043FFCB058FD7FB0AF0480FC5CFD7FB0B0A880E8
S3150004400C1C5DFD7F34F5FF7F9C61FD7FB0B0A880FD
S3150004401CD461FD7FB0AF2880EC63FD7FB0AF268002
S3150004402CFC67FD7FB0AF2880146AFD7FB0AC0F80AF
S3150004403CD46BFD7FB0B0A880DC6BFD7FB0AC018087
S3150004404CEC6CFD7FB0B0A880246DFD7FB0AF128000
S3150004405CA472FD7F010000004873FD7FB0AE0180A1
S3150004406C6074FD7FE0F4FF7F7877FD7FB0AF2A8024
S3150004407C747AFD7FB0AA19802C7BFD7FB0B0A88022
S3150004408C547BFD7FAF3F0480B07FFD7FB0AD1680BF
S3150004409C8080FD7FBCF4FF7F2081FD7FB0AF3E8026
S315000440ACE883FD7FB0AD02809C84FD7FB0B0A88010
S315000440BCC484FD7FB0AF0480A486FD7FB0AF0E80B0
S315000440CC5091FD7FB0B0AA80FC91FD7FB0B0A88062
S315000440DC1092FD7F010000003092FD7FB0B0A880E5
S315000440EC6892FD7FB0AF0480B093FD7FAF08B180BA
S315000440FC6894FD7FB0AE01805895FD7F60F4FF7F18
S3150004410CD49AFD7FB0AF1280649CFD7FB0AF1E8045
S3150004411C98A1FD7F54F4FF7F48B2FD7FB0AA0180BD
S3150004412C90B2FD7FB0AD048024B4FD7FB0AA0380A9
S3150004413CBCB4FD7FB0B0A880D0B4FD7FB0AF048012
S3150004414C30B6FD7FB0B0A88044B6FD7FB0AF2A80F0
S3150004415CF8BAFD7FAF3F008070C0FD7FB0AC238002
S3150004416C44C1FD7FB0AE0380ACC2FD7FB0B0A88065
S3150004417CC0C2FD7F00F4FF7FACC5FD7F04F4FF7F56
S3150004418C98C8FD7F08F4FF7F84CBFD7FB0AC2F80ED
S3150004419C98CCFD7FB0AC038064CEFD7FB0AB0C80B5
S315000441AC28CFFD7FB0B0A8803CCFFD7FB0A904809A
S315000441BC94CFFD7FB0B0AA80ECCFFD7FB0B0A880C1
S315000441CC00D0FD7FB0AC038018D1FD7FB0AF3A8030
S315000441DCD4DBFD7FB0B0A880E8DBFD7FB0AF0A80EE
S315000441EC00DFFD7FB0B0A88018DFFD7FB0AF0A807A
S315000441FCF0E4FD7FA4F3FF7F24E7FD7FA8F3FF7FA4
S3150004420CC4ECFD7FB0B0A880CCECFD7FB0AC0380D1
S3150004421CBCEDFD7FB0B0A880C4EDFD7FB0AB0480CF
S3150004422CF8EEFD7FAF3F0680B4F4FD7FB0B0A880F6
S3150004423CCCF4FD7FB0AF0480B4F6FD7FB0B0A8809B
S3150004424CC8F6FD7FB0AF1C80E0FAFD7FB0AA0F80E4
S3150004425C74FBFD7FB0A90280C8FBFD7FB0B0A880BB
S3150004426CDCFBFD7FB0AF0480A4FEFD7FB0AF0680FF
S3150004427C4401FE7FB0AA0180F801FE7FB0AA038038
S3150004428C6002FE7FB0B0A8807402FE7FB0AF0680D9
S3150004429C2804FE7FB0AF04801809FE7FB0AA018003
S315000442ACD409FE7FB0AB0680680AFE7F04F3FF7F59
S315000442BCF40BFE7FB0B0A880180CFE7F0100000042
S315000442CC800CFE7FB0AF2880A80EFE7F08F3FF7F1C
S315000442DC3810FE7FB0B0A8805010FE7FB0AF3E8081
S315000442ECB42FFE7FB0AB1E80AC30FE7FB0B0A8807E
S315000442FCD430FE7FB0AF02801437FE7FAD30B2806F
S3150004430C143FFE7F010000002440FE7FAD3F268053
S3150004431CC842FE7FB0AD04806043FE7FAE83C98085
S3150004432C6844FE7FB0AE01802C45FE7FB0B0A880F9
S3150004433C3445FE7FB0AF08805846FE7FB0B0A880E7
S3150004434C7046FE7FB0AF0E80944AFE7FB0AF0C80F1
S3150004435C904EFE7FA8F2FF7F4452FE7FACF2FF7FA5
S3150004436C5058FE7FB0B0A8805C58FE7FB0AF0A8070
S3150004437C385BFE7FB0B0A880505BFE7F0100000066
S3150004438C785CFE7FB0AF08806C5EFE7FB0AF1080A9
S3150004439C8860FE7F80F2FF7F3C62FE7FB0B0A8800F
S315000443AC5062FE7F010000003463FE7FB0AD3280A4
S315000443BCA864FE7F010000009065FE7FB0AD3280DC
S315000443CC0467FE7FB0AA1380B067FE7FB0B0A880E6
S315000443DCB867FE7FB0AF18804C6DFE7FB0AF1C8003
S315000443EC8073FE7FAF3F06800880FE7FB0B0A88046
S315000443FC2080FE7FB0AF04806883FE7FB0B0A880B7
S3150004440CA083FE7FB0B0AA80E083FE7FB0B0A88004
S3150004441CF883FE7FB0AD04803485FE7FB0AD028098
S3150004442C0086FE7FB0B0A8802886FE7FB0AB0480E1
S3150004443CE486FE7FB0AB0C80AC87FE7FB0B0A88060
S3150004444CC087FE7F01000000F487FE7FAB08B180B5
S3150004445C1888FE7FB0B0AC803888FE7FB0AB028083
S3150004446C9488FE7FB0A902800889FE7FA908B180D2
S3150004447C1C89FE7FC4F1FF7F3889FE7F0100000092
S3150004448C4C89FE7FB0B0A8809089FE7FB0A90280CB
S3150004449CC089FE7FB0B0AA80108AFE7FB0AA0180C4
S315000444AC688AFE7F01000000948AFE7F98F1FF7FE4
S315000444BCD08AFE7F01000000B08BFE7FB0B0AE80C8
S315000444CC988CFE7F01000000F08CFE7FB0AF0A8052
S315000444DC1CAEFE7F01000000C0AEFE7F74F1FF7FB0
S315000444EC18AFFE7F01000000A0AFFE7FB0AB0280C8
S315000444FC68B0FE7F68F1FF7F7CB0FE7FAB08B180AD
S3150004450C78B1FE7FB0B0A8808CB1FE7FB0AE0180CE
S3150004451C60B2FE7FB0AF0480D0B3FE7FB0AF0A802A
S3150004452CF4B6FE7FB0AC0180CCB8FE7FB0AF02808F
S3150004453CE8B9FE7F010000001CBAFE7FB0B0AA8069
S3150004454C5CBAFE7F010000006CBAFE7F1CF1FF7F93
S3150004455C80BAFE7F20F1FF7F94BAFE7FB0AF108045
S3150004456C9CBCFE7FB0B0A880B8BCFE7FB0AB02800A
S3150004457C34BDFE7FB0B0AC80B0BDFE7FB0AD028062
S3150004458C3CBEFE7FB0AE0180E0BEFE7FF4F0FF7F42
S3150004459C3CBFFE7FB0AF048008C2FE7FB0AE038082
S315000445ACCCC2FE7FAB08B1803CC3FE7FB0AF0280A9
S315000445BC74C4FE7FAB08B180A8C4FE7FB0B0AA80D9
S315000445CCDCC4FE7FAB08B18080C5FE7FAF08B1802A
S315000445DC40C6FE7FB0B0AC80B0C6FE7FB0B0AA8039
S315000445EC0CC7FE7F010000001CC7FE7FB0A9028029
S315000445FC34C7FE7F0100000064C7FE7FB0A90280A9
S3150004460C40C8FE7F0100000058C8FE7F80F0FF7F83
S3150004461C78C8FE7F0100000074C8FE7F7CF0FF7F23
S3150004462C94C8FE7F0100000098C8FE7F78F0FF7FD7
S3150004463CBCC8FE7F7CF0FF7FD0C8FE7F0100000063
S3150004464CF8C8FE7FAF08B18068C9FE7FB0B0AE80F3
S3150004465CBCC9FE7FAF08B18060CAFE7F60F0FF7FE5
S3150004466C74CAFE7F64F0FF7F88CAFE7FA908B180F6
S3150004467CF8CAFE7FB0AF048020CCFE7F0100000098
S3150004468C38CCFE7F50F0FF7F50CDFE7F74F0FF7F59
S3150004469C94CDFE7F78F0FF7FD8CDFE7FA908B1803C
S315000446AC48CEFE7F0100000084CEFE7F6CF0FF7FB7
S315000446BC98CEFE7F70F0FF7F04CFFE7F74F0FF7FF1
S315000446CC70CFFE7F78F0FF7F04D0FE7F8CF0FF7FE7
S315000446DC20D0FE7FB0AF0E8010D3FE7FB0AF048027
S315000446EC04D6FE7FB0B0A88030D6FE7FB0B0AA80C8
S315000446FC6CD6FE7FA908B180B8D6FE7FB0B0AA806E
S3150004470C00D7FE7F010000008CD7FE7FAB08B1807A
S3150004471CCCD7FE7F0100000014DDFE7FB0A801801B
S3150004472C50DDFE7FA908B180ACDDFE7F01000000E0
S3150004473CD4DDFE7FB0AB028014DEFE7F28F0FF7F53
S3150004474CA0DEFE7F010000005CDFFE7F24F0FF7F0D
S3150004475C54E0FE7FB0A90280F0E1FE7FB0AF168074
S3150004476C4CE4FE7F18F0FF7F58E4FE7F0100000046
S3150004477C68E4FE7F14F0FF7F80E4FE7F18F0FF7F71
S3150004478C98E4FE7FA908B18000E5FE7F14F0FF7F54
S3150004479C9CE5FE7F0100000098E5FE7FA908B18028
S315000447AC2CE6FE7F0100000028E6FE7F00F0FF7F6A
S315000447BCC0E6FE7F18F0FF7F58E7FE7F010000007D
S315000447CC60E7FE7FA908B180BCE7FE7F20F0FF7F7F
S315000447DC84E8FE7F0100000080E8FE7FA908B18012
S315000447ECD4EAFE7F01000000D0EAFE7FA908B1805E
S315000447FC6CECFE7F0100000088ECFE7F10F0FF7F5E
S3150004480C7CEDFE7FA908B18004EEFE7F010000005A
S3150004481C0CEEFE7FA908B18064EFFE7F0100000058
S3150004482C80EFFE7FA908B18058F0FE7F01000000DE
S3150004483C58F0FE7FA908B180E0F0FE7F010000006D
S3150004484CE0F0FE7FB0B0AA80E0F1FE7F010000002C
S3150004485CE4F1FE7FA908B18044F2FE7F010000005A
S3150004486C44F2FE7FC4EFFF7FF0F2FE7FA908B1800D
S3150004487C18F4FE7F0100000018F4FE7FC8EFFF7FDA
S3150004488CA4F4FE7F01000000A4F4FE7FA908B18005
S3150004489C00F5FE7F01000000FCF4FE7FA908B18040
S315000448AC20F6FE7FBCEFFF7FCCF6FE7F01000000F6
S315000448BCCCF6FE7FA908B18004F9FE7F0100000046
S315000448CC04F9FE7FA908B18044FAFE7FB0B0AA8031
S315000448DCCCFAFE7FA908B18054FBFE7F01000000D0
S315000448EC50FBFE7FAD08B18018FCFE7F0100000072
S315000448FC4803FF7F88EFFF7F9004FF7FA4EFFF7FC1
S3150004490C7005FF7FA8EFFF7F7805FF7F010000008D
S3150004491C0C46FF7FB0A902809C46FF7FB0B0A880EE
S3150004492CEC46FF7F01000000F446FF7FB0B0AA807E
S3150004493C2C47FF7FAE77B2800848FF7FAB3F3A80A7
S3150004494C6848FF7F010000007448FF7FB0B0AA805E
S3150004495CB048FF7F010000005C49FF7FAB10B280BA
S3150004496CD049FF7FB0AF0880784CFF7F0100000070
S3150004497C884CFF7FAC3F0380504FFF7F0100000043
S3150004498C3051FF7FB0A803804051FF7F0100000027
S3150004499C3C51FF7FB0AD04803454FF7FB0A8038034
S315000449AC5854FF7F14EFFF7F5C54FF7F18EFFF7F93
S30D000449BC6854FF7F01000000AE
S3090100A100FFFFFFFF58
S3090100A200FFFDFFFF59
S3090100A280F8F8FFFFE5
S7050003547132
